2025-11-17 08:00:00.272 [DEBUG] [Worker-13] [host-c] Job SyncWithRemote completed in 1252 ms.
2025-11-17 08:00:03.085 [INFO] [Worker-5] [host-a] Job GenerateReport completed in 2957 ms.
2025-11-17 08:00:04.470 [INFO] [Worker-3] [host-b] No jobs in queue. Sleeping.
2025-11-17 08:00:08.485 [ERROR] [Worker-5] [host-a] Worker paused due to maintenance window. | StackTrace: at Worker.Process() in /src/worker/Processor.cs:line 216
2025-11-17 08:00:13.493 [ERROR] [Worker-16] [host-c] Acquired lock for resource res-file.
2025-11-17 08:00:14.245 [INFO] [Worker-12] [host-a] No jobs in queue. Sleeping.
2025-11-17 08:00:15.792 [INFO] [Worker-10] [host-c] Compacting storage segment 32.
2025-11-17 08:00:16.360 [DEBUG] [Worker-12] [host-b] Starting background task CompactIndices.
2025-11-17 08:00:21.732 [INFO] [Worker-2] [host-c] Compacting storage segment 20.
2025-11-17 08:00:25.498 [INFO] [Worker-3] [host-a] Database connection established.
2025-11-17 08:00:27.246 [ERROR] [Worker-14] [host-c] Failed to process job 991412: SqlException: login failed
2025-11-17 08:00:30.805 [ERROR] [Worker-6] [host-b] Invalid message format. Skipping.
2025-11-17 08:00:35.746 [INFO] [Worker-9] [host-b] Worker paused due to maintenance window.
2025-11-17 08:00:36.635 [INFO] [Worker-16] [host-b] Failed to process job 691347: UnauthorizedAccessException: access denied
2025-11-17 08:00:37.522 [WARN] [Worker-11] [host-c] Database connection established.
2025-11-17 08:00:38.066 [INFO] [Worker-16] [host-a] Heartbeat received.
2025-11-17 08:00:42.102 [DEBUG] [Worker-3] [host-c] No jobs in queue. Sleeping.
2025-11-17 08:00:44.739 [TRACE] [Worker-2] [host-b] Failed to process job 839217: UnauthorizedAccessException: access denied
2025-11-17 08:00:49.224 [INFO] [Worker-8] [host-b] Compacting storage segment 44.
2025-11-17 08:00:54.499 [INFO] [Worker-13] [host-b] Invalid message format. Skipping.
2025-11-17 08:00:55.612 [INFO] [Worker-2] [host-c] Shutting down gracefully.
2025-11-17 08:00:55.794 [INFO] [Worker-14] [host-b] Failed to process job 873920: UnauthorizedAccessException: access denied
2025-11-17 08:00:57.608 [INFO] [Worker-7] [host-c] Invalid message format. Skipping.
2025-11-17 08:01:01.774 [WARN] [Worker-8] [host-b] No jobs in queue. Sleeping.
2025-11-17 08:01:06.859 [DEBUG] [Worker-2] [host-c] Disk space warning: 59% used.
2025-11-17 08:01:08.629 [INFO] [Worker-8] [host-b] Released lock for resource res-db.
2025-11-17 08:01:14.378 [WARN] [Worker-15] [host-c] Released lock for resource res-file.
2025-11-17 08:01:17.853 [INFO] [Worker-8] [host-b] Starting background task CompactIndices.
2025-11-17 08:01:19.937 [INFO] [Worker-8] [host-a] Unexpected exception in handler: NullReferenceException at Processor.Handle()
2025-11-17 08:01:20.451 [DEBUG] [Worker-16] [host-b] Dequeueing 105 messages.
2025-11-17 08:01:20.631 [INFO] [Worker-13] [host-a] No jobs in queue. Sleeping.
2025-11-17 08:01:22.496 [ERROR] [Worker-15] [host-a] Disk space warning: 94% used.
2025-11-17 08:01:22.702 [INFO] [Worker-4] [host-b] Loaded configuration: maxWorkers=9; retryLimit=2.
2025-11-17 08:01:26.982 [INFO] [Worker-3] [host-c] Enqueued job SyncWithRemote with id 231527.
2025-11-17 08:01:30.931 [INFO] [Worker-13] [host-c] Failed to process job 262155: IOException: failed to write file
2025-11-17 08:01:35.551 [DEBUG] [Worker-4] [host-a] Startup initialized.
2025-11-17 08:01:36.976 [ERROR] [Worker-13] [host-a] Invalid message format. Skipping. | StackTrace: at Worker.Process() in /src/worker/Processor.cs:line 270
2025-11-17 08:01:37.466 [INFO] [Worker-14] [host-a] Database connection timeout. Retrying...
2025-11-17 08:01:39.761 [ERROR] [Worker-11] [host-c] Worker paused due to maintenance window.
2025-11-17 08:01:43.461 [INFO] [Worker-4] [host-a] Database connection timeout. Retrying...
2025-11-17 08:01:48.915 [INFO] [Worker-4] [host-a] Loaded configuration: maxWorkers=12; retryLimit=5.
2025-11-17 08:01:50.310 [INFO] [Worker-4] [host-a] Enqueued job SyncWithRemote with id 239151.
2025-11-17 08:01:50.435 [DEBUG] [Worker-12] [host-a] Processing job 973122 of type SendNotifications.
2025-11-17 08:01:50.982 [WARN] [Worker-15] [host-c] Dequeueing 4 messages.
2025-11-17 08:01:54.264 [INFO] [Worker-2] [host-c] No jobs in queue. Sleeping.
2025-11-17 08:01:56.638 [INFO] [Worker-15] [host-a] Enqueued job SendNotifications with id 757460.
2025-11-17 08:02:00.716 [TRACE] [Worker-3] [host-b] Shutting down gracefully.
2025-11-17 08:02:03.311 [ERROR] [Worker-4] [host-c] Startup initialized.
2025-11-17 08:02:08.764 [DEBUG] [Worker-3] [host-b] Database connection timeout. Retrying...
2025-11-17 08:02:09.582 [INFO] [Worker-16] [host-c] Database connection established.
2025-11-17 08:02:09.815 [INFO] [Worker-15] [host-b] Job SyncWithRemote completed in 3658 ms.
2025-11-17 08:02:13.430 [INFO] [Worker-6] [host-a] Completed scheduled cleanup.
2025-11-17 08:02:15.519 [INFO] [Worker-8] [host-c] Loaded configuration: maxWorkers=5; retryLimit=4.
2025-11-17 08:02:15.547 [INFO] [Worker-10] [host-c] Database connection established.
2025-11-17 08:02:21.201 [DEBUG] [Worker-6] [host-b] Database connection timeout. Retrying...
2025-11-17 08:02:21.688 [INFO] [Worker-11] [host-c] Starting background task CompactIndices.
2025-11-17 08:02:26.298 [INFO] [Worker-1] [host-b] Job GenerateReport completed in 348 ms.
2025-11-17 08:02:27.868 [WARN] [Worker-6] [host-b] Checkpoint saved at offset 1424242.
2025-11-17 08:02:28.327 [INFO] [Worker-4] [host-b] Loaded configuration: maxWorkers=13; retryLimit=2.
2025-11-17 08:02:28.853 [DEBUG] [Worker-12] [host-a] Enqueued job ArchiveOldData with id 415802.
2025-11-17 08:02:30.354 [INFO] [Worker-5] [host-c] Compacting storage segment 24.
2025-11-17 08:02:30.758 [INFO] [Worker-8] [host-c] Processing job 303216 of type SyncWithRemote.
2025-11-17 08:02:36.675 [TRACE] [Worker-1] [host-a] Loaded configuration: maxWorkers=15; retryLimit=4.
2025-11-17 08:02:38.244 [INFO] [Worker-7] [host-b] Dequeueing 20 messages.
2025-11-17 08:02:39.975 [WARN] [Worker-14] [host-b] Dequeueing 112 messages.
2025-11-17 08:02:40.580 [INFO] [Worker-4] [host-b] Startup initialized.
2025-11-17 08:02:41.231 [INFO] [Worker-15] [host-c] Checkpoint saved at offset 412762.
2025-11-17 08:02:42.402 [INFO] [Worker-8] [host-a] Dequeueing 3 messages.
2025-11-17 08:02:42.756 [INFO] [Worker-11] [host-a] Worker paused due to maintenance window.
2025-11-17 08:02:43.391 [CRITICAL] [Worker-13] [host-a] Processing job 110918 of type GenerateReport. | StackTrace: at Worker.Process() in /src/worker/Processor.cs:line 195
2025-11-17 08:02:43.464 [WARN] [Worker-11] [host-a] Cache cleared for tenant public.
2025-11-17 08:02:46.693 [DEBUG] [Worker-12] [host-b] Failed to process job 158240: AggregateException: one or more errors occurred
2025-11-17 08:02:49.553 [INFO] [Worker-1] [host-b] Released lock for resource res-db.
2025-11-17 08:02:55.454 [TRACE] [Worker-12] [host-a] Retrying job 780654 (attempt 4).
2025-11-17 08:03:00.178 [ERROR] [Worker-5] [host-b] Disk space warning: 46% used. | StackTrace: at Worker.Process() in /src/worker/Processor.cs:line 198
2025-11-17 08:03:03.448 [INFO] [Worker-9] [host-c] Released lock for resource res-queue.
2025-11-17 08:03:05.109 [WARN] [Worker-14] [host-c] No jobs in queue. Sleeping.
2025-11-17 08:03:05.146 [DEBUG] [Worker-13] [host-a] Processing job 563203 of type ProcessQueue.
2025-11-17 08:03:08.105 [WARN] [Worker-14] [host-a] Disk space warning: 52% used.
2025-11-17 08:03:11.957 [INFO] [Worker-2] [host-b] Startup initialized.
2025-11-17 08:03:12.732 [INFO] [Worker-5] [host-b] Database connection timeout. Retrying...
2025-11-17 08:03:16.845 [TRACE] [Worker-13] [host-b] Loaded configuration: maxWorkers=6; retryLimit=5.
2025-11-17 08:03:21.968 [DEBUG] [Worker-6] [host-a] Startup initialized.
2025-11-17 08:03:22.601 [DEBUG] [Worker-8] [host-c] Enqueued job SendNotifications with id 749462.
2025-11-17 08:03:24.365 [WARN] [Worker-14] [host-c] No jobs in queue. Sleeping.
2025-11-17 08:03:24.867 [WARN] [Worker-2] [host-b] Job SyncWithRemote completed in 3259 ms.
2025-11-17 08:03:26.752 [WARN] [Worker-9] [host-c] Shutting down gracefully.
2025-11-17 08:03:29.461 [WARN] [Worker-13] [host-b] Compacting storage segment 18.
2025-11-17 08:03:34.886 [INFO] [Worker-15] [host-a] Cache cleared for tenant tenantB.
2025-11-17 08:03:36.052 [TRACE] [Worker-2] [host-c] Failed to process job 881609: HttpRequestException: 502 Bad Gateway
2025-11-17 08:03:40.546 [INFO] [Worker-13] [host-a] Starting background task CompactIndices.
2025-11-17 08:03:41.523 [DEBUG] [Worker-6] [host-b] Checkpoint saved at offset 1281747.
2025-11-17 08:03:41.761 [ERROR] [Worker-16] [host-a] Failed to process job 926799: TimeoutError: operation timed out | StackTrace: at Worker.Process() in /src/worker/Processor.cs:line 240
2025-11-17 08:03:43.804 [WARN] [Worker-6] [host-b] Shutting down gracefully.
2025-11-17 08:03:44.561 [INFO] [Worker-7] [host-c] Database connection established.
2025-11-17 08:03:50.379 [WARN] [Worker-11] [host-c] Worker paused due to maintenance window.
2025-11-17 08:03:51.262 [CRITICAL] [Worker-6] [host-b] Shutting down gracefully. | StackTrace: at Worker.Process() in /src/worker/Processor.cs:line 173
2025-11-17 08:03:55.552 [INFO] [Worker-15] [host-b] Database connection established.
2025-11-17 08:03:59.621 [WARN] [Worker-14] [host-b] Cache cleared for tenant tenantA.
2025-11-17 08:04:05.515 [INFO] [Worker-8] [host-a] Disk space warning: 48% used.
2025-11-17 08:04:06.410 [INFO] [Worker-15] [host-c] Unexpected exception in handler: TimeoutError: operation timed out
2025-11-17 08:04:06.997 [INFO] [Worker-7] [host-a] Disk space warning: 88% used.
2025-11-17 08:04:07.102 [DEBUG] [Worker-10] [host-a] Retrying job 366951 (attempt 2).
2025-11-17 08:04:07.248 [DEBUG] [Worker-2] [host-b] Cache cleared for tenant public.
2025-11-17 08:04:07.424 [CRITICAL] [Worker-6] [host-c] Completed scheduled cleanup.
2025-11-17 08:04:12.439 [ERROR] [Worker-13] [host-a] Unexpected exception in handler: IOException: failed to write file
2025-11-17 08:04:13.040 [INFO] [Worker-9] [host-b] Completed scheduled cleanup.
2025-11-17 08:04:16.785 [INFO] [Worker-8] [host-c] Loaded configuration: maxWorkers=15; retryLimit=4.
2025-11-17 08:04:18.197 [INFO] [Worker-8] [host-a] Invalid message format. Skipping.
2025-11-17 08:04:19.579 [DEBUG] [Worker-1] [host-c] Failed to process job 512806: AggregateException: one or more errors occurred
2025-11-17 08:04:20.122 [DEBUG] [Worker-6] [host-c] Acquired lock for resource res-db.
2025-11-17 08:04:24.744 [INFO] [Worker-9] [host-a] Processing job 481293 of type GenerateReport.
2025-11-17 08:04:28.230 [WARN] [Worker-5] [host-a] Enqueued job CleanTempFiles with id 240009.
2025-11-17 08:04:28.909 [INFO] [Worker-4] [host-c] Acquired lock for resource res-file.
2025-11-17 08:04:29.202 [WARN] [Worker-10] [host-a] Disk space warning: 46% used.
2025-11-17 08:04:30.677 [ERROR] [Worker-7] [host-a] Worker paused due to maintenance window.
2025-11-17 08:04:36.156 [WARN] [Worker-14] [host-b] Heartbeat received.
2025-11-17 08:04:36.679 [TRACE] [Worker-5] [host-a] Released lock for resource res-queue.
2025-11-17 08:04:41.814 [WARN] [Worker-10] [host-c] Worker paused due to maintenance window.
2025-11-17 08:04:47.238 [INFO] [Worker-1] [host-c] Heartbeat received.
2025-11-17 08:04:48.831 [INFO] [Worker-6] [host-a] Heartbeat received.
2025-11-17 08:04:51.781 [WARN] [Worker-6] [host-c] Compacting storage segment 47.
2025-11-17 08:04:52.022 [INFO] [Worker-15] [host-c] Released lock for resource res-file.
2025-11-17 08:04:57.027 [INFO] [Worker-13] [host-c] Acquired lock for resource res-file.
2025-11-17 08:04:59.928 [ERROR] [Worker-2] [host-b] Retrying job 158796 (attempt 3).
2025-11-17 08:05:00.374 [INFO] [Worker-15] [host-c] Unexpected exception in handler: NullReferenceException at Processor.Handle()
2025-11-17 08:05:00.903 [WARN] [Worker-5] [host-a] Cache cleared for tenant tenantC.
2025-11-17 08:05:04.393 [INFO] [Worker-8] [host-b] Database connection established.
2025-11-17 08:05:07.868 [DEBUG] [Worker-4] [host-a] Acquired lock for resource res-db.
2025-11-17 08:05:11.230 [TRACE] [Worker-12] [host-b] Released lock for resource res-queue.
2025-11-17 08:05:14.491 [WARN] [Worker-3] [host-a] Shutting down gracefully.
2025-11-17 08:05:16.985 [DEBUG] [Worker-2] [host-b] Enqueued job ArchiveOldData with id 129070.
2025-11-17 08:05:17.185 [INFO] [Worker-14] [host-a] Invalid message format. Skipping.
2025-11-17 08:05:22.390 [INFO] [Worker-8] [host-b] Worker paused due to maintenance window.
2025-11-17 08:05:25.276 [WARN] [Worker-13] [host-c] Dequeueing 43 messages.
2025-11-17 08:05:27.326 [DEBUG] [Worker-3] [host-b] Starting background task CompactIndices.
2025-11-17 08:05:30.203 [DEBUG] [Worker-1] [host-a] Database connection timeout. Retrying...
2025-11-17 08:05:30.603 [DEBUG] [Worker-14] [host-c] Shutting down gracefully.
2025-11-17 08:05:33.336 [INFO] [Worker-16] [host-c] Released lock for resource res-queue.
2025-11-17 08:05:35.227 [TRACE] [Worker-5] [host-a] External API responded with status 401.
2025-11-17 08:05:38.651 [INFO] [Worker-14] [host-b] External API responded with status 202.
2025-11-17 08:05:40.338 [INFO] [Worker-15] [host-b] Checkpoint saved at offset 642813.
2025-11-17 08:05:41.460 [INFO] [Worker-10] [host-c] Acquired lock for resource res-db.
2025-11-17 08:05:43.549 [INFO] [Worker-10] [host-c] Processing job 425320 of type ProcessQueue.
2025-11-17 08:05:47.248 [WARN] [Worker-7] [host-b] Disk space warning: 64% used.
2025-11-17 08:05:51.288 [INFO] [Worker-12] [host-b] Invalid message format. Skipping.
2025-11-17 08:05:54.456 [WARN] [Worker-2] [host-a] Job GenerateReport completed in 1381 ms.
2025-11-17 08:05:55.612 [INFO] [Worker-3] [host-b] Worker paused due to maintenance window.
2025-11-17 08:06:00.484 [WARN] [Worker-14] [host-c] Startup initialized.
2025-11-17 08:06:04.344 [DEBUG] [Worker-1] [host-b] Dequeueing 93 messages.
2025-11-17 08:06:08.173 [ERROR] [Worker-6] [host-a] Database connection established.
2025-11-17 08:06:08.452 [INFO] [Worker-13] [host-b] Job CleanTempFiles completed in 4405 ms.
2025-11-17 08:06:13.148 [INFO] [Worker-2] [host-b] Database connection established.
2025-11-17 08:06:14.469 [INFO] [Worker-14] [host-a] Completed scheduled cleanup.
2025-11-17 08:06:18.198 [INFO] [Worker-12] [host-c] Retrying job 595344 (attempt 4).
2025-11-17 08:06:19.370 [WARN] [Worker-6] [host-b] Unexpected exception in handler: NullReferenceException at Processor.Handle()
2025-11-17 08:06:20.688 [INFO] [Worker-6] [host-c] Compacting storage segment 18.
2025-11-17 08:06:24.750 [DEBUG] [Worker-9] [host-b] Checkpoint saved at offset 1348215.
2025-11-17 08:06:27.103 [INFO] [Worker-4] [host-c] Acquired lock for resource res-queue.
2025-11-17 08:06:32.307 [INFO] [Worker-2] [host-b] Acquired lock for resource res-queue.
2025-11-17 08:06:32.687 [INFO] [Worker-6] [host-b] Shutting down gracefully.
2025-11-17 08:06:35.241 [INFO] [Worker-13] [host-c] Disk space warning: 52% used.
2025-11-17 08:06:37.250 [DEBUG] [Worker-2] [host-c] Released lock for resource res-file.
2025-11-17 08:06:39.988 [INFO] [Worker-1] [host-b] Database connection established.
2025-11-17 08:06:41.057 [DEBUG] [Worker-10] [host-b] Released lock for resource res-db.
2025-11-17 08:06:45.494 [INFO] [Worker-7] [host-c] Startup initialized.
2025-11-17 08:06:46.362 [TRACE] [Worker-8] [host-a] Completed scheduled cleanup.
2025-11-17 08:06:51.561 [DEBUG] [Worker-6] [host-c] Job CleanTempFiles completed in 1565 ms.
2025-11-17 08:06:52.431 [TRACE] [Worker-1] [host-a] Released lock for resource res-db.
2025-11-17 08:06:54.100 [DEBUG] [Worker-6] [host-b] Cache cleared for tenant public.
2025-11-17 08:06:54.494 [INFO] [Worker-13] [host-c] Disk space warning: 83% used.
2025-11-17 08:06:54.993 [INFO] [Worker-13] [host-b] Failed to process job 293286: HttpRequestException: 502 Bad Gateway
2025-11-17 08:06:55.757 [INFO] [Worker-5] [host-c] External API responded with status 503.
2025-11-17 08:06:58.990 [WARN] [Worker-1] [host-c] Starting background task CompactIndices.
2025-11-17 08:06:59.497 [INFO] [Worker-3] [host-c] No jobs in queue. Sleeping.
2025-11-17 08:07:03.149 [ERROR] [Worker-13] [host-c] Startup initialized.
2025-11-17 08:07:04.782 [CRITICAL] [Worker-10] [host-b] No jobs in queue. Sleeping.
2025-11-17 08:07:05.725 [INFO] [Worker-16] [host-b] Completed scheduled cleanup.
2025-11-17 08:07:06.090 [ERROR] [Worker-12] [host-b] Completed scheduled cleanup.
2025-11-17 08:07:07.627 [TRACE] [Worker-1] [host-a] External API responded with status 202.
2025-11-17 08:07:08.086 [ERROR] [Worker-8] [host-a] Shutting down gracefully.
2025-11-17 08:07:09.575 [ERROR] [Worker-16] [host-b] Database connection established.
2025-11-17 08:07:09.959 [INFO] [Worker-12] [host-b] External API responded with status 500.
2025-11-17 08:07:11.333 [INFO] [Worker-15] [host-b] Dequeueing 49 messages.
2025-11-17 08:07:17.288 [INFO] [Worker-11] [host-b] Retrying job 566986 (attempt 5).
2025-11-17 08:07:21.102 [INFO] [Worker-1] [host-b] Disk space warning: 95% used.
2025-11-17 08:07:21.424 [INFO] [Worker-14] [host-b] Shutting down gracefully.
2025-11-17 08:07:21.525 [DEBUG] [Worker-13] [host-b] Enqueued job SendNotifications with id 901253.
2025-11-17 08:07:24.073 [TRACE] [Worker-6] [host-a] Worker paused due to maintenance window.
2025-11-17 08:07:28.649 [ERROR] [Worker-14] [host-c] Completed scheduled cleanup.
2025-11-17 08:07:29.166 [TRACE] [Worker-5] [host-a] Job ArchiveOldData completed in 2412 ms.
2025-11-17 08:07:29.330 [CRITICAL] [Worker-4] [host-b] Failed to process job 717136: HttpRequestException: 502 Bad Gateway
2025-11-17 08:07:32.946 [ERROR] [Worker-12] [host-c] Processing job 471525 of type SendNotifications. | StackTrace: at Worker.Process() in /src/worker/Processor.cs:line 380
2025-11-17 08:07:33.498 [INFO] [Worker-5] [host-c] Completed scheduled cleanup.
2025-11-17 08:07:34.536 [INFO] [Worker-10] [host-b] Checkpoint saved at offset 1057101.
2025-11-17 08:07:36.749 [INFO] [Worker-6] [host-a] Job SyncWithRemote completed in 1767 ms.
2025-11-17 08:07:39.692 [INFO] [Worker-16] [host-a] Enqueued job ArchiveOldData with id 307435.
2025-11-17 08:07:40.087 [TRACE] [Worker-7] [host-b] Completed scheduled cleanup.
2025-11-17 08:07:40.627 [ERROR] [Worker-15] [host-a] Failed to process job 859531: IOException: failed to write file
2025-11-17 08:07:42.007 [ERROR] [Worker-15] [host-a] Shutting down gracefully.
2025-11-17 08:07:43.140 [INFO] [Worker-10] [host-a] Enqueued job ProcessQueue with id 166815.
2025-11-17 08:07:47.076 [INFO] [Worker-13] [host-b] Starting background task ReportDaily.
2025-11-17 08:07:47.250 [INFO] [Worker-4] [host-a] Disk space warning: 80% used.
2025-11-17 08:07:49.577 [DEBUG] [Worker-9] [host-b] Released lock for resource res-file.
2025-11-17 08:07:50.365 [INFO] [Worker-1] [host-a] Checkpoint saved at offset 783651.
2025-11-17 08:07:54.190 [CRITICAL] [Worker-3] [host-a] Starting background task RefreshCache.
2025-11-17 08:07:54.785 [WARN] [Worker-16] [host-b] Released lock for resource res-file.
2025-11-17 08:07:57.370 [DEBUG] [Worker-15] [host-a] Retrying job 873962 (attempt 4).
2025-11-17 08:08:01.055 [INFO] [Worker-4] [host-a] Invalid message format. Skipping.
2025-11-17 08:08:02.996 [DEBUG] [Worker-9] [host-b] Checkpoint saved at offset 960973.
2025-11-17 08:08:03.902 [DEBUG] [Worker-5] [host-c] Database connection timeout. Retrying...
2025-11-17 08:08:05.483 [INFO] [Worker-2] [host-b] Enqueued job ProcessQueue with id 853640.
2025-11-17 08:08:10.281 [WARN] [Worker-7] [host-c] Failed to process job 802467: SqlException: login failed
2025-11-17 08:08:10.653 [INFO] [Worker-2] [host-a] Invalid message format. Skipping.
2025-11-17 08:08:15.893 [INFO] [Worker-7] [host-a] Heartbeat received.
2025-11-17 08:08:17.417 [INFO] [Worker-1] [host-a] Retrying job 916969 (attempt 1).
2025-11-17 08:08:18.329 [INFO] [Worker-8] [host-a] Unexpected exception in handler: NullReferenceException at Processor.Handle()
2025-11-17 08:08:21.609 [WARN] [Worker-9] [host-a] Database connection established.
2025-11-17 08:08:24.700 [INFO] [Worker-13] [host-c] Invalid message format. Skipping.
2025-11-17 08:08:26.111 [ERROR] [Worker-7] [host-b] Heartbeat received.
2025-11-17 08:08:30.376 [INFO] [Worker-9] [host-a] Failed to process job 897610: AggregateException: one or more errors occurred
2025-11-17 08:08:35.388 [WARN] [Worker-4] [host-b] Failed to process job 698987: AggregateException: one or more errors occurred
2025-11-17 08:08:37.280 [INFO] [Worker-13] [host-c] Heartbeat received.
2025-11-17 08:08:41.583 [INFO] [Worker-4] [host-b] Cache cleared for tenant tenantB.
2025-11-17 08:08:43.097 [INFO] [Worker-2] [host-a] Retrying job 595651 (attempt 3).
2025-11-17 08:08:43.375 [INFO] [Worker-5] [host-a] Disk space warning: 73% used.
2025-11-17 08:08:45.421 [INFO] [Worker-16] [host-a] Unexpected exception in handler: HttpRequestException: 502 Bad Gateway
2025-11-17 08:08:51.127 [CRITICAL] [Worker-4] [host-c] Database connection timeout. Retrying...
2025-11-17 08:08:51.187 [INFO] [Worker-5] [host-c] No jobs in queue. Sleeping.
2025-11-17 08:08:51.631 [DEBUG] [Worker-14] [host-c] Starting background task RefreshCache.
2025-11-17 08:08:55.985 [INFO] [Worker-7] [host-b] Checkpoint saved at offset 1313457.
2025-11-17 08:09:01.095 [WARN] [Worker-1] [host-b] Processing job 805649 of type GenerateReport.
2025-11-17 08:09:06.352 [INFO] [Worker-10] [host-b] Job ArchiveOldData completed in 807 ms.
2025-11-17 08:09:08.148 [WARN] [Worker-2] [host-c] Shutting down gracefully.
2025-11-17 08:09:12.953 [DEBUG] [Worker-8] [host-a] Acquired lock for resource res-db.
2025-11-17 08:09:13.008 [DEBUG] [Worker-3] [host-c] Heartbeat received.
2025-11-17 08:09:15.904 [CRITICAL] [Worker-15] [host-a] Database connection established.
2025-11-17 08:09:21.163 [INFO] [Worker-13] [host-b] Database connection timeout. Retrying...
2025-11-17 08:09:23.752 [ERROR] [Worker-12] [host-c] Failed to process job 419060: NullReferenceException at Processor.Handle() | StackTrace: at Worker.Process() in /src/worker/Processor.cs:line 253
2025-11-17 08:09:24.415 [INFO] [Worker-10] [host-c] Job SyncWithRemote completed in 13 ms.
2025-11-17 08:09:26.826 [WARN] [Worker-5] [host-b] Starting background task ReportDaily.
2025-11-17 08:09:27.961 [DEBUG] [Worker-11] [host-b] External API responded with status 403.
2025-11-17 08:09:28.596 [INFO] [Worker-11] [host-c] No jobs in queue. Sleeping.
2025-11-17 08:09:28.600 [ERROR] [Worker-6] [host-b] Startup initialized.
2025-11-17 08:09:33.028 [INFO] [Worker-5] [host-b] Compacting storage segment 25.
2025-11-17 08:09:35.544 [WARN] [Worker-7] [host-b] Dequeueing 99 messages.
2025-11-17 08:09:37.078 [INFO] [Worker-16] [host-b] Processing job 766579 of type ProcessQueue.
2025-11-17 08:09:37.967 [INFO] [Worker-3] [host-a] Dequeueing 3 messages.
2025-11-17 08:09:38.887 [WARN] [Worker-11] [host-a] Database connection timeout. Retrying...
2025-11-17 08:09:39.698 [WARN] [Worker-6] [host-c] External API responded with status 202.
2025-11-17 08:09:40.564 [WARN] [Worker-2] [host-a] Heartbeat received.
2025-11-17 08:09:42.397 [INFO] [Worker-3] [host-a] Completed scheduled cleanup.
2025-11-17 08:09:46.257 [INFO] [Worker-8] [host-c] Shutting down gracefully.
2025-11-17 08:09:48.499 [INFO] [Worker-16] [host-a] Starting background task RefreshCache.
2025-11-17 08:09:48.648 [WARN] [Worker-3] [host-a] Failed to process job 319411: AggregateException: one or more errors occurred
2025-11-17 08:09:50.990 [WARN] [Worker-7] [host-a] Job SendNotifications completed in 4070 ms.
2025-11-17 08:09:53.301 [INFO] [Worker-9] [host-c] Shutting down gracefully.
2025-11-17 08:09:56.938 [INFO] [Worker-4] [host-c] Worker paused due to maintenance window.
2025-11-17 08:09:57.484 [ERROR] [Worker-7] [host-b] Checkpoint saved at offset 1256025.
2025-11-17 08:09:57.493 [ERROR] [Worker-5] [host-c] Shutting down gracefully.
2025-11-17 08:09:57.836 [DEBUG] [Worker-16] [host-b] Compacting storage segment 36.
2025-11-17 08:10:01.259 [CRITICAL] [Worker-5] [host-c] Starting background task ReportDaily.
2025-11-17 08:10:05.314 [INFO] [Worker-8] [host-c] Dequeueing 108 messages.
2025-11-17 08:10:06.600 [TRACE] [Worker-11] [host-c] Worker paused due to maintenance window.
2025-11-17 08:10:10.952 [DEBUG] [Worker-3] [host-a] Invalid message format. Skipping.
2025-11-17 08:10:12.320 [CRITICAL] [Worker-15] [host-a] Checkpoint saved at offset 1931412. | StackTrace: at Worker.Process() in /src/worker/Processor.cs:line 399
2025-11-17 08:10:12.342 [INFO] [Worker-14] [host-b] Job SyncWithRemote completed in 3766 ms.
2025-11-17 08:10:14.242 [INFO] [Worker-14] [host-b] Completed scheduled cleanup.
2025-11-17 08:10:15.215 [INFO] [Worker-13] [host-b] Checkpoint saved at offset 1636923.
2025-11-17 08:10:16.102 [INFO] [Worker-14] [host-b] Cache cleared for tenant tenantA.
2025-11-17 08:10:19.988 [WARN] [Worker-9] [host-c] Retrying job 363812 (attempt 3).
2025-11-17 08:10:21.651 [WARN] [Worker-1] [host-a] Processing job 406178 of type SendNotifications.
2025-11-17 08:10:22.694 [INFO] [Worker-8] [host-c] Released lock for resource res-file.
2025-11-17 08:10:24.267 [INFO] [Worker-11] [host-a] Invalid message format. Skipping.
2025-11-17 08:10:24.431 [DEBUG] [Worker-11] [host-c] Shutting down gracefully.
2025-11-17 08:10:26.202 [INFO] [Worker-4] [host-b] Invalid message format. Skipping.
2025-11-17 08:10:26.334 [CRITICAL] [Worker-5] [host-b] Loaded configuration: maxWorkers=8; retryLimit=1.
2025-11-17 08:10:31.322 [DEBUG] [Worker-16] [host-b] Disk space warning: 79% used.
2025-11-17 08:10:31.511 [INFO] [Worker-10] [host-c] External API responded with status 500.
2025-11-17 08:10:36.873 [INFO] [Worker-2] [host-c] Database connection established.
2025-11-17 08:10:38.661 [ERROR] [Worker-7] [host-c] Loaded configuration: maxWorkers=14; retryLimit=5.
2025-11-17 08:10:43.653 [WARN] [Worker-11] [host-a] Job GenerateReport completed in 2472 ms.
2025-11-17 08:10:46.520 [CRITICAL] [Worker-6] [host-b] Loaded configuration: maxWorkers=15; retryLimit=2. | StackTrace: at Worker.Process() in /src/worker/Processor.cs:line 232
2025-11-17 08:10:47.706 [ERROR] [Worker-9] [host-a] External API responded with status 500.
2025-11-17 08:10:47.985 [WARN] [Worker-14] [host-b] Database connection established.
2025-11-17 08:10:50.675 [INFO] [Worker-15] [host-b] Invalid message format. Skipping.
2025-11-17 08:10:52.196 [WARN] [Worker-15] [host-c] Invalid message format. Skipping.
2025-11-17 08:10:52.934 [ERROR] [Worker-3] [host-b] Worker paused due to maintenance window.
2025-11-17 08:10:54.172 [INFO] [Worker-12] [host-a] External API responded with status 201.
2025-11-17 08:10:54.967 [DEBUG] [Worker-4] [host-c] Retrying job 596023 (attempt 4).
2025-11-17 08:10:56.727 [TRACE] [Worker-14] [host-c] Enqueued job GenerateReport with id 665812.
2025-11-17 08:10:59.343 [INFO] [Worker-13] [host-c] Compacting storage segment 27.
2025-11-17 08:10:59.437 [INFO] [Worker-12] [host-a] Worker paused due to maintenance window.
2025-11-17 08:11:02.974 [WARN] [Worker-14] [host-a] Invalid message format. Skipping.
2025-11-17 08:11:03.175 [INFO] [Worker-8] [host-a] Enqueued job CleanTempFiles with id 452401.
2025-11-17 08:11:05.623 [INFO] [Worker-16] [host-b] Starting background task ReportDaily.
2025-11-17 08:11:09.322 [WARN] [Worker-11] [host-c] Retrying job 238216 (attempt 4).
2025-11-17 08:11:11.317 [ERROR] [Worker-2] [host-c] Acquired lock for resource res-queue. | StackTrace: at Worker.Process() in /src/worker/Processor.cs:line 150
2025-11-17 08:11:13.135 [CRITICAL] [Worker-12] [host-b] Failed to process job 357929: IOException: failed to write file
2025-11-17 08:11:16.346 [DEBUG] [Worker-2] [host-c] Cache cleared for tenant tenantC.
2025-11-17 08:11:17.211 [INFO] [Worker-15] [host-b] Database connection established.
2025-11-17 08:11:21.480 [INFO] [Worker-6] [host-a] Completed scheduled cleanup.
2025-11-17 08:11:24.447 [INFO] [Worker-2] [host-c] Job ArchiveOldData completed in 262 ms.
2025-11-17 08:11:27.160 [WARN] [Worker-8] [host-c] Heartbeat received.
2025-11-17 08:11:31.744 [ERROR] [Worker-5] [host-a] Completed scheduled cleanup. | StackTrace: at Worker.Process() in /src/worker/Processor.cs:line 310
2025-11-17 08:11:35.409 [TRACE] [Worker-16] [host-b] External API responded with status 200.
2025-11-17 08:11:35.843 [INFO] [Worker-15] [host-c] Worker paused due to maintenance window.
2025-11-17 08:11:36.342 [DEBUG] [Worker-1] [host-b] Starting background task CompactIndices.
2025-11-17 08:11:36.478 [INFO] [Worker-13] [host-b] Starting background task CompactIndices.
2025-11-17 08:11:37.106 [INFO] [Worker-3] [host-b] Starting background task ReportDaily.
2025-11-17 08:11:40.070 [INFO] [Worker-14] [host-a] Unexpected exception in handler: NullReferenceException at Processor.Handle()
2025-11-17 08:11:44.526 [INFO] [Worker-9] [host-a] Worker paused due to maintenance window.
2025-11-17 08:11:49.187 [INFO] [Worker-15] [host-a] Compacting storage segment 28.
2025-11-17 08:11:50.171 [TRACE] [Worker-3] [host-b] Unexpected exception in handler: SqlException: login failed
2025-11-17 08:11:50.544 [WARN] [Worker-1] [host-b] Completed scheduled cleanup.
2025-11-17 08:11:51.740 [INFO] [Worker-11] [host-a] No jobs in queue. Sleeping.
2025-11-17 08:11:54.394 [WARN] [Worker-13] [host-b] Invalid message format. Skipping.
2025-11-17 08:11:54.535 [INFO] [Worker-1] [host-c] Job SyncWithRemote completed in 1179 ms.
2025-11-17 08:11:59.372 [ERROR] [Worker-11] [host-a] Retrying job 661680 (attempt 1). | StackTrace: at Worker.Process() in /src/worker/Processor.cs:line 219
2025-11-17 08:12:00.258 [INFO] [Worker-4] [host-c] No jobs in queue. Sleeping.
2025-11-17 08:12:00.469 [INFO] [Worker-16] [host-c] Processing job 929822 of type ArchiveOldData.
2025-11-17 08:12:04.574 [INFO] [Worker-12] [host-b] Invalid message format. Skipping.
2025-11-17 08:12:10.201 [INFO] [Worker-1] [host-b] Database connection timeout. Retrying...
2025-11-17 08:12:12.000 [INFO] [Worker-5] [host-c] Completed scheduled cleanup.
2025-11-17 08:12:16.644 [INFO] [Worker-13] [host-b] Failed to process job 684795: TimeoutError: operation timed out
2025-11-17 08:12:22.112 [ERROR] [Worker-14] [host-c] Loaded configuration: maxWorkers=13; retryLimit=5. | StackTrace: at Worker.Process() in /src/worker/Processor.cs:line 320
2025-11-17 08:12:25.682 [DEBUG] [Worker-2] [host-a] Database connection established.
2025-11-17 08:12:26.547 [INFO] [Worker-8] [host-b] Worker paused due to maintenance window.
2025-11-17 08:12:27.836 [INFO] [Worker-11] [host-b] Database connection established.
2025-11-17 08:12:30.966 [WARN] [Worker-2] [host-a] Startup initialized.
2025-11-17 08:12:36.833 [TRACE] [Worker-16] [host-a] External API responded with status 400.
2025-11-17 08:12:37.674 [INFO] [Worker-16] [host-b] External API responded with status 503.
2025-11-17 08:12:40.892 [ERROR] [Worker-14] [host-c] Failed to process job 774974: SqlException: login failed
2025-11-17 08:12:41.963 [INFO] [Worker-15] [host-a] Disk space warning: 46% used.
2025-11-17 08:12:43.846 [INFO] [Worker-6] [host-b] Failed to process job 975865: NullReferenceException at Processor.Handle()
2025-11-17 08:12:44.184 [DEBUG] [Worker-5] [host-b] Job ArchiveOldData completed in 895 ms.
2025-11-17 08:12:45.941 [INFO] [Worker-14] [host-a] Starting background task CompactIndices.
2025-11-17 08:12:46.912 [INFO] [Worker-8] [host-c] Compacting storage segment 37.
2025-11-17 08:12:47.419 [INFO] [Worker-11] [host-c] Startup initialized.
2025-11-17 08:12:47.783 [INFO] [Worker-10] [host-a] Cache cleared for tenant tenantC.
2025-11-17 08:12:49.685 [INFO] [Worker-12] [host-a] Retrying job 845878 (attempt 5).
2025-11-17 08:12:50.464 [INFO] [Worker-9] [host-c] Completed scheduled cleanup.
2025-11-17 08:12:55.093 [INFO] [Worker-11] [host-b] No jobs in queue. Sleeping.
2025-11-17 08:12:56.204 [WARN] [Worker-14] [host-a] Processing job 688967 of type CleanTempFiles.
2025-11-17 08:12:58.007 [INFO] [Worker-7] [host-a] Loaded configuration: maxWorkers=15; retryLimit=2.
2025-11-17 08:12:58.692 [CRITICAL] [Worker-15] [host-a] Loaded configuration: maxWorkers=8; retryLimit=5.
2025-11-17 08:12:59.519 [TRACE] [Worker-2] [host-b] Loaded configuration: maxWorkers=15; retryLimit=2.
2025-11-17 08:13:01.417 [WARN] [Worker-8] [host-c] Shutting down gracefully.
2025-11-17 08:13:03.894 [INFO] [Worker-8] [host-c] Job ProcessQueue completed in 2832 ms.
2025-11-17 08:13:04.763 [ERROR] [Worker-11] [host-a] Checkpoint saved at offset 748283.
2025-11-17 08:13:07.242 [INFO] [Worker-13] [host-c] Startup initialized.
2025-11-17 08:13:07.485 [WARN] [Worker-4] [host-a] Job ArchiveOldData completed in 4264 ms.
2025-11-17 08:13:08.484 [DEBUG] [Worker-7] [host-c] Heartbeat received.
2025-11-17 08:13:11.606 [WARN] [Worker-14] [host-c] Released lock for resource res-queue.
2025-11-17 08:13:11.822 [DEBUG] [Worker-16] [host-c] Enqueued job CleanTempFiles with id 567621.
2025-11-17 08:13:12.694 [INFO] [Worker-16] [host-c] Loaded configuration: maxWorkers=2; retryLimit=3.
2025-11-17 08:13:13.997 [ERROR] [Worker-10] [host-a] Invalid message format. Skipping.
2025-11-17 08:13:14.790 [WARN] [Worker-9] [host-b] Database connection established.
2025-11-17 08:13:19.401 [DEBUG] [Worker-9] [host-a] Completed scheduled cleanup.
2025-11-17 08:13:23.122 [WARN] [Worker-12] [host-b] Database connection established.
2025-11-17 08:13:24.461 [WARN] [Worker-7] [host-c] Shutting down gracefully.
2025-11-17 08:13:24.890 [ERROR] [Worker-9] [host-b] Job SyncWithRemote completed in 4039 ms.
2025-11-17 08:13:29.599 [INFO] [Worker-7] [host-b] No jobs in queue. Sleeping.
2025-11-17 08:13:29.690 [WARN] [Worker-12] [host-c] Failed to process job 396460: TimeoutError: operation timed out
2025-11-17 08:13:30.314 [INFO] [Worker-2] [host-a] Retrying job 523499 (attempt 5).
2025-11-17 08:13:34.376 [INFO] [Worker-16] [host-b] Released lock for resource res-file.
2025-11-17 08:13:36.467 [INFO] [Worker-10] [host-c] Database connection timeout. Retrying...
2025-11-17 08:13:36.472 [WARN] [Worker-6] [host-a] Loaded configuration: maxWorkers=8; retryLimit=4.
2025-11-17 08:13:39.341 [CRITICAL] [Worker-10] [host-c] No jobs in queue. Sleeping.
2025-11-17 08:13:41.587 [INFO] [Worker-14] [host-a] Database connection established.
2025-11-17 08:13:41.753 [INFO] [Worker-16] [host-a] Released lock for resource res-db.
2025-11-17 08:13:47.648 [DEBUG] [Worker-1] [host-a] Acquired lock for resource res-queue.
2025-11-17 08:13:48.683 [INFO] [Worker-3] [host-a] Completed scheduled cleanup.
2025-11-17 08:13:52.158 [INFO] [Worker-12] [host-a] Startup initialized.
2025-11-17 08:13:53.724 [INFO] [Worker-15] [host-c] Cache cleared for tenant tenantA.
2025-11-17 08:13:54.594 [WARN] [Worker-11] [host-c] Processing job 820692 of type SendNotifications.
2025-11-17 08:13:56.817 [WARN] [Worker-13] [host-c] Database connection timeout. Retrying...
2025-11-17 08:13:57.073 [INFO] [Worker-10] [host-b] Database connection established.
2025-11-17 08:13:58.643 [INFO] [Worker-16] [host-a] External API responded with status 200.
2025-11-17 08:14:03.740 [INFO] [Worker-13] [host-a] Processing job 290367 of type SendNotifications.
2025-11-17 08:14:07.158 [WARN] [Worker-2] [host-b] Unexpected exception in handler: HttpRequestException: 502 Bad Gateway
2025-11-17 08:14:11.356 [INFO] [Worker-9] [host-c] Disk space warning: 78% used.
2025-11-17 08:14:16.792 [DEBUG] [Worker-4] [host-a] Cache cleared for tenant tenantB.
2025-11-17 08:14:17.624 [INFO] [Worker-2] [host-a] Database connection timeout. Retrying...
2025-11-17 08:14:17.643 [TRACE] [Worker-13] [host-a] Failed to process job 475508: TimeoutError: operation timed out
2025-11-17 08:14:18.204 [CRITICAL] [Worker-14] [host-a] Acquired lock for resource res-file.
2025-11-17 08:14:19.930 [DEBUG] [Worker-3] [host-b] Starting background task RefreshCache.
2025-11-17 08:14:20.901 [INFO] [Worker-3] [host-c] Database connection established.
2025-11-17 08:14:21.472 [ERROR] [Worker-9] [host-b] External API responded with status 200. | StackTrace: at Worker.Process() in /src/worker/Processor.cs:line 176
2025-11-17 08:14:22.266 [INFO] [Worker-10] [host-c] Retrying job 505299 (attempt 4).
2025-11-17 08:14:23.012 [WARN] [Worker-16] [host-c] Loaded configuration: maxWorkers=13; retryLimit=5.
2025-11-17 08:14:27.141 [INFO] [Worker-3] [host-a] Disk space warning: 91% used.
2025-11-17 08:14:32.046 [DEBUG] [Worker-16] [host-c] Compacting storage segment 35.
2025-11-17 08:14:32.112 [INFO] [Worker-5] [host-b] Worker paused due to maintenance window.
2025-11-17 08:14:34.123 [CRITICAL] [Worker-5] [host-c] Enqueued job SyncWithRemote with id 155403. | StackTrace: at Worker.Process() in /src/worker/Processor.cs:line 136
2025-11-17 08:14:34.909 [INFO] [Worker-5] [host-c] Compacting storage segment 44.
2025-11-17 08:14:36.566 [TRACE] [Worker-4] [host-c] Cache cleared for tenant tenantA.
2025-11-17 08:14:36.895 [INFO] [Worker-1] [host-b] Acquired lock for resource res-queue.
2025-11-17 08:14:42.448 [WARN] [Worker-9] [host-c] Enqueued job ArchiveOldData with id 962377.
2025-11-17 08:14:43.238 [WARN] [Worker-7] [host-b] Processing job 926198 of type ProcessQueue.
2025-11-17 08:14:43.568 [INFO] [Worker-11] [host-b] Heartbeat received.
2025-11-17 08:14:44.811 [INFO] [Worker-3] [host-a] Starting background task ReportDaily.
2025-11-17 08:14:50.435 [INFO] [Worker-12] [host-a] Acquired lock for resource res-db.
2025-11-17 08:14:51.322 [INFO] [Worker-13] [host-c] Job GenerateReport completed in 2764 ms.
2025-11-17 08:14:54.128 [DEBUG] [Worker-10] [host-c] Starting background task CompactIndices.
2025-11-17 08:14:55.963 [CRITICAL] [Worker-4] [host-a] Loaded configuration: maxWorkers=10; retryLimit=3.
2025-11-17 08:14:56.863 [CRITICAL] [Worker-2] [host-c] Completed scheduled cleanup.
2025-11-17 08:15:02.252 [INFO] [Worker-7] [host-a] Checkpoint saved at offset 683161.
2025-11-17 08:15:02.541 [ERROR] [Worker-3] [host-b] Released lock for resource res-db.
2025-11-17 08:15:07.593 [INFO] [Worker-16] [host-c] Worker paused due to maintenance window.
2025-11-17 08:15:11.502 [INFO] [Worker-3] [host-a] Processing job 726011 of type ArchiveOldData.
2025-11-17 08:15:17.017 [INFO] [Worker-11] [host-a] Disk space warning: 93% used.
2025-11-17 08:15:19.206 [INFO] [Worker-8] [host-c] Database connection timeout. Retrying...
2025-11-17 08:15:19.583 [WARN] [Worker-6] [host-b] Failed to process job 774273: SqlException: login failed
2025-11-17 08:15:24.433 [WARN] [Worker-16] [host-a] Worker paused due to maintenance window.
2025-11-17 08:15:25.433 [INFO] [Worker-6] [host-c] Completed scheduled cleanup.
2025-11-17 08:15:28.026 [WARN] [Worker-15] [host-b] External API responded with status 201.
2025-11-17 08:15:33.953 [ERROR] [Worker-10] [host-c] Completed scheduled cleanup. | StackTrace: at Worker.Process() in /src/worker/Processor.cs:line 201
2025-11-17 08:15:34.959 [DEBUG] [Worker-15] [host-a] Shutting down gracefully.
2025-11-17 08:15:37.660 [INFO] [Worker-5] [host-b] Compacting storage segment 15.
2025-11-17 08:15:42.915 [WARN] [Worker-2] [host-c] Shutting down gracefully.
2025-11-17 08:15:48.844 [INFO] [Worker-10] [host-b] Enqueued job ProcessQueue with id 975856.
2025-11-17 08:15:50.359 [DEBUG] [Worker-10] [host-b] Invalid message format. Skipping.
2025-11-17 08:15:52.835 [INFO] [Worker-8] [host-a] External API responded with status 503.
2025-11-17 08:15:57.417 [INFO] [Worker-13] [host-a] Checkpoint saved at offset 288685.
2025-11-17 08:15:59.640 [WARN] [Worker-16] [host-b] Shutting down gracefully.
2025-11-17 08:16:00.123 [DEBUG] [Worker-9] [host-a] Disk space warning: 78% used.
2025-11-17 08:16:01.319 [WARN] [Worker-14] [host-a] Unexpected exception in handler: UnauthorizedAccessException: access denied
2025-11-17 08:16:02.600 [WARN] [Worker-11] [host-b] No jobs in queue. Sleeping.
2025-11-17 08:16:02.614 [WARN] [Worker-10] [host-c] Released lock for resource res-queue.
2025-11-17 08:16:06.576 [INFO] [Worker-14] [host-b] Completed scheduled cleanup.
2025-11-17 08:16:11.294 [WARN] [Worker-14] [host-a] Database connection established.
2025-11-17 08:16:16.617 [DEBUG] [Worker-6] [host-b] Retrying job 950841 (attempt 5).
2025-11-17 08:16:19.708 [INFO] [Worker-3] [host-a] Processing job 664409 of type SendNotifications.
2025-11-17 08:16:22.965 [INFO] [Worker-16] [host-b] Worker paused due to maintenance window.
2025-11-17 08:16:24.158 [DEBUG] [Worker-7] [host-a] Cache cleared for tenant public.
2025-11-17 08:16:25.289 [INFO] [Worker-6] [host-b] Heartbeat received.
2025-11-17 08:16:26.532 [DEBUG] [Worker-15] [host-a] Dequeueing 45 messages.
2025-11-17 08:16:30.513 [INFO] [Worker-16] [host-c] Dequeueing 37 messages.
2025-11-17 08:16:31.397 [ERROR] [Worker-4] [host-a] Shutting down gracefully.
2025-11-17 08:16:36.329 [INFO] [Worker-15] [host-a] Disk space warning: 65% used.
2025-11-17 08:16:36.339 [DEBUG] [Worker-2] [host-a] Database connection established.
2025-11-17 08:16:37.566 [INFO] [Worker-13] [host-a] Failed to process job 723849: HttpRequestException: 502 Bad Gateway
2025-11-17 08:16:38.657 [CRITICAL] [Worker-3] [host-c] Processing job 766309 of type SendNotifications. | StackTrace: at Worker.Process() in /src/worker/Processor.cs:line 144
2025-11-17 08:16:41.848 [DEBUG] [Worker-10] [host-b] Retrying job 178588 (attempt 4).
2025-11-17 08:16:45.700 [INFO] [Worker-6] [host-c] Unexpected exception in handler: SqlException: login failed
2025-11-17 08:16:48.356 [TRACE] [Worker-10] [host-b] External API responded with status 202.
2025-11-17 08:16:53.112 [WARN] [Worker-6] [host-c] Startup initialized.
2025-11-17 08:16:56.913 [WARN] [Worker-4] [host-a] Dequeueing 92 messages.
2025-11-17 08:17:02.430 [CRITICAL] [Worker-1] [host-b] Retrying job 999560 (attempt 4).
2025-11-17 08:17:04.448 [CRITICAL] [Worker-8] [host-c] Released lock for resource res-file.
2025-11-17 08:17:04.992 [DEBUG] [Worker-7] [host-b] Enqueued job CleanTempFiles with id 741214.
2025-11-17 08:17:09.015 [INFO] [Worker-7] [host-b] Startup initialized.
2025-11-17 08:17:09.543 [INFO] [Worker-11] [host-a] Acquired lock for resource res-db.
2025-11-17 08:17:13.553 [INFO] [Worker-9] [host-a] No jobs in queue. Sleeping.
2025-11-17 08:17:14.159 [INFO] [Worker-5] [host-a] Job GenerateReport completed in 2051 ms.
2025-11-17 08:17:14.989 [TRACE] [Worker-1] [host-b] Database connection established.
2025-11-17 08:17:16.036 [INFO] [Worker-8] [host-a] Shutting down gracefully.
2025-11-17 08:17:18.437 [INFO] [Worker-9] [host-a] Shutting down gracefully.
2025-11-17 08:17:19.729 [INFO] [Worker-13] [host-a] Failed to process job 361638: HttpRequestException: 502 Bad Gateway
2025-11-17 08:17:20.467 [TRACE] [Worker-12] [host-c] Dequeueing 90 messages.
2025-11-17 08:17:21.572 [WARN] [Worker-9] [host-b] Worker paused due to maintenance window.
2025-11-17 08:17:21.704 [INFO] [Worker-5] [host-c] Job SendNotifications completed in 3825 ms.
2025-11-17 08:17:25.581 [INFO] [Worker-1] [host-a] Loaded configuration: maxWorkers=10; retryLimit=3.
2025-11-17 08:17:25.758 [INFO] [Worker-13] [host-b] Compacting storage segment 7.
2025-11-17 08:17:30.078 [INFO] [Worker-1] [host-b] No jobs in queue. Sleeping.
2025-11-17 08:17:30.108 [INFO] [Worker-1] [host-c] Retrying job 319021 (attempt 5).
2025-11-17 08:17:30.742 [ERROR] [Worker-10] [host-b] Cache cleared for tenant public.
2025-11-17 08:17:32.956 [DEBUG] [Worker-6] [host-a] Worker paused due to maintenance window.
2025-11-17 08:17:37.104 [INFO] [Worker-13] [host-b] Retrying job 596217 (attempt 5).
2025-11-17 08:17:37.394 [ERROR] [Worker-5] [host-a] Unexpected exception in handler: SqlException: login failed | StackTrace: at Worker.Process() in /src/worker/Processor.cs:line 158
2025-11-17 08:17:37.520 [INFO] [Worker-8] [host-b] Startup initialized.
2025-11-17 08:17:38.176 [INFO] [Worker-13] [host-c] Database connection timeout. Retrying...
2025-11-17 08:17:40.151 [DEBUG] [Worker-15] [host-b] Compacting storage segment 19.
2025-11-17 08:17:44.466 [INFO] [Worker-5] [host-b] Checkpoint saved at offset 1404366.
2025-11-17 08:17:44.557 [WARN] [Worker-4] [host-b] Released lock for resource res-db.
2025-11-17 08:17:45.532 [DEBUG] [Worker-8] [host-a] Startup initialized.
2025-11-17 08:17:46.185 [INFO] [Worker-1] [host-a] No jobs in queue. Sleeping.
2025-11-17 08:17:51.965 [ERROR] [Worker-10] [host-a] No jobs in queue. Sleeping.
2025-11-17 08:17:52.898 [ERROR] [Worker-15] [host-c] Invalid message format. Skipping.
2025-11-17 08:17:56.987 [INFO] [Worker-7] [host-b] Unexpected exception in handler: TimeoutError: operation timed out
2025-11-17 08:17:57.490 [ERROR] [Worker-2] [host-c] Completed scheduled cleanup.
2025-11-17 08:18:00.895 [INFO] [Worker-2] [host-b] Database connection established.
2025-11-17 08:18:02.998 [DEBUG] [Worker-5] [host-b] Unexpected exception in handler: NullReferenceException at Processor.Handle()
2025-11-17 08:18:04.742 [INFO] [Worker-3] [host-c] Startup initialized.
2025-11-17 08:18:05.796 [WARN] [Worker-7] [host-c] Database connection established.
2025-11-17 08:18:10.833 [DEBUG] [Worker-1] [host-a] External API responded with status 400.
2025-11-17 08:18:14.298 [WARN] [Worker-10] [host-b] Worker paused due to maintenance window.
2025-11-17 08:18:16.754 [WARN] [Worker-8] [host-c] Enqueued job SyncWithRemote with id 333697.
2025-11-17 08:18:21.980 [ERROR] [Worker-13] [host-b] Processing job 103363 of type SyncWithRemote.
2025-11-17 08:18:22.719 [WARN] [Worker-1] [host-c] Database connection established.
2025-11-17 08:18:27.357 [INFO] [Worker-6] [host-a] Startup initialized.
2025-11-17 08:18:27.377 [DEBUG] [Worker-7] [host-a] Unexpected exception in handler: AggregateException: one or more errors occurred
2025-11-17 08:18:29.128 [ERROR] [Worker-15] [host-a] Checkpoint saved at offset 423882.
2025-11-17 08:18:30.041 [INFO] [Worker-1] [host-a] Job ProcessQueue completed in 3816 ms.
2025-11-17 08:18:34.747 [INFO] [Worker-5] [host-c] Enqueued job SendNotifications with id 757435.
2025-11-17 08:18:40.012 [DEBUG] [Worker-8] [host-b] Compacting storage segment 27.
2025-11-17 08:18:40.605 [INFO] [Worker-1] [host-b] Starting background task ReportDaily.
2025-11-17 08:18:42.811 [INFO] [Worker-8] [host-b] Worker paused due to maintenance window.
2025-11-17 08:18:43.594 [ERROR] [Worker-1] [host-b] Dequeueing 43 messages.
2025-11-17 08:18:47.014 [INFO] [Worker-6] [host-c] Failed to process job 105900: UnauthorizedAccessException: access denied
2025-11-17 08:18:47.979 [INFO] [Worker-14] [host-a] Starting background task RefreshCache.
2025-11-17 08:18:48.162 [INFO] [Worker-14] [host-c] Failed to process job 322697: AggregateException: one or more errors occurred
2025-11-17 08:18:49.157 [INFO] [Worker-1] [host-b] Acquired lock for resource res-db.
2025-11-17 08:18:54.293 [INFO] [Worker-12] [host-a] Completed scheduled cleanup.
2025-11-17 08:18:57.916 [ERROR] [Worker-1] [host-b] Worker paused due to maintenance window.
2025-11-17 08:18:59.898 [INFO] [Worker-13] [host-c] Startup initialized.
2025-11-17 08:19:02.288 [DEBUG] [Worker-11] [host-c] Job SyncWithRemote completed in 4061 ms.
2025-11-17 08:19:03.986 [DEBUG] [Worker-12] [host-b] No jobs in queue. Sleeping.
2025-11-17 08:19:08.353 [INFO] [Worker-10] [host-a] Database connection established.
2025-11-17 08:19:10.316 [DEBUG] [Worker-11] [host-c] Unexpected exception in handler: UnauthorizedAccessException: access denied
2025-11-17 08:19:12.559 [INFO] [Worker-10] [host-b] Unexpected exception in handler: AggregateException: one or more errors occurred
2025-11-17 08:19:15.627 [DEBUG] [Worker-15] [host-c] Enqueued job SendNotifications with id 537799.
2025-11-17 08:19:15.918 [DEBUG] [Worker-6] [host-a] Job ArchiveOldData completed in 3385 ms.
2025-11-17 08:19:16.473 [INFO] [Worker-16] [host-c] Shutting down gracefully.
2025-11-17 08:19:18.777 [INFO] [Worker-14] [host-c] Cache cleared for tenant tenantC.
2025-11-17 08:19:18.802 [INFO] [Worker-9] [host-a] Database connection timeout. Retrying...
2025-11-17 08:19:21.027 [TRACE] [Worker-5] [host-b] Enqueued job SyncWithRemote with id 890140.
2025-11-17 08:19:22.574 [DEBUG] [Worker-11] [host-b] Compacting storage segment 26.
2025-11-17 08:19:22.961 [INFO] [Worker-2] [host-a] Compacting storage segment 42.
2025-11-17 08:19:23.793 [INFO] [Worker-9] [host-a] Retrying job 559702 (attempt 4).
2025-11-17 08:19:26.645 [ERROR] [Worker-8] [host-c] Starting background task CompactIndices.
2025-11-17 08:19:30.441 [DEBUG] [Worker-8] [host-a] Failed to process job 705070: AggregateException: one or more errors occurred
2025-11-17 08:19:31.054 [INFO] [Worker-12] [host-c] External API responded with status 200.
2025-11-17 08:19:33.819 [INFO] [Worker-8] [host-c] Database connection timeout. Retrying...
2025-11-17 08:19:34.222 [INFO] [Worker-2] [host-b] Loaded configuration: maxWorkers=2; retryLimit=1.
2025-11-17 08:19:39.885 [ERROR] [Worker-1] [host-a] Database connection timeout. Retrying... | StackTrace: at Worker.Process() in /src/worker/Processor.cs:line 362
2025-11-17 08:19:40.400 [INFO] [Worker-8] [host-a] Dequeueing 106 messages.
2025-11-17 08:19:41.876 [WARN] [Worker-12] [host-a] Starting background task CompactIndices.
2025-11-17 08:19:47.278 [INFO] [Worker-1] [host-b] Invalid message format. Skipping.
2025-11-17 08:19:52.149 [INFO] [Worker-5] [host-a] Database connection established.
2025-11-17 08:19:54.302 [TRACE] [Worker-10] [host-c] Database connection timeout. Retrying...
2025-11-17 08:19:59.036 [INFO] [Worker-12] [host-b] Startup initialized.
2025-11-17 08:19:59.766 [WARN] [Worker-1] [host-b] Failed to process job 315290: UnauthorizedAccessException: access denied
2025-11-17 08:20:00.675 [TRACE] [Worker-6] [host-c] Completed scheduled cleanup.
2025-11-17 08:20:02.021 [INFO] [Worker-5] [host-a] Worker paused due to maintenance window.
2025-11-17 08:20:03.524 [WARN] [Worker-3] [host-c] Database connection established.
2025-11-17 08:20:09.124 [INFO] [Worker-12] [host-c] Processing job 695559 of type ArchiveOldData.
2025-11-17 08:20:10.677 [INFO] [Worker-11] [host-a] Job SyncWithRemote completed in 3524 ms.
2025-11-17 08:20:11.772 [INFO] [Worker-7] [host-c] Acquired lock for resource res-queue.
2025-11-17 08:20:13.638 [DEBUG] [Worker-6] [host-b] Shutting down gracefully.
2025-11-17 08:20:17.234 [INFO] [Worker-11] [host-c] Shutting down gracefully.
2025-11-17 08:20:19.743 [INFO] [Worker-7] [host-a] Startup initialized.
2025-11-17 08:20:22.486 [INFO] [Worker-4] [host-c] Enqueued job SyncWithRemote with id 291019.
2025-11-17 08:20:23.432 [CRITICAL] [Worker-8] [host-a] Failed to process job 132034: NullReferenceException at Processor.Handle()
2025-11-17 08:20:24.223 [INFO] [Worker-7] [host-b] No jobs in queue. Sleeping.
2025-11-17 08:20:28.930 [DEBUG] [Worker-2] [host-a] Database connection timeout. Retrying...
2025-11-17 08:20:32.577 [INFO] [Worker-7] [host-c] Job SendNotifications completed in 3872 ms.
2025-11-17 08:20:38.351 [WARN] [Worker-2] [host-c] Database connection timeout. Retrying...
2025-11-17 08:20:38.679 [DEBUG] [Worker-5] [host-b] Starting background task RefreshCache.
2025-11-17 08:20:39.196 [INFO] [Worker-16] [host-c] Unexpected exception in handler: HttpRequestException: 502 Bad Gateway
2025-11-17 08:20:39.332 [DEBUG] [Worker-13] [host-a] Starting background task CompactIndices.
2025-11-17 08:20:39.836 [INFO] [Worker-7] [host-b] Acquired lock for resource res-db.
2025-11-17 08:20:45.748 [ERROR] [Worker-7] [host-a] Failed to process job 452718: SqlException: login failed
2025-11-17 08:20:48.234 [WARN] [Worker-11] [host-b] Compacting storage segment 44.
2025-11-17 08:20:52.401 [INFO] [Worker-1] [host-c] Processing job 718668 of type SendNotifications.
2025-11-17 08:20:53.725 [INFO] [Worker-4] [host-a] Retrying job 318019 (attempt 2).
2025-11-17 08:20:58.556 [ERROR] [Worker-13] [host-b] Enqueued job SendNotifications with id 591040. | StackTrace: at Worker.Process() in /src/worker/Processor.cs:line 299
2025-11-17 08:20:59.437 [CRITICAL] [Worker-3] [host-a] Disk space warning: 82% used.
2025-11-17 08:21:05.120 [INFO] [Worker-7] [host-a] External API responded with status 202.
2025-11-17 08:21:06.492 [TRACE] [Worker-9] [host-a] Database connection established.
2025-11-17 08:21:08.121 [WARN] [Worker-10] [host-b] Startup initialized.
2025-11-17 08:21:11.956 [INFO] [Worker-2] [host-c] Released lock for resource res-queue.
2025-11-17 08:21:14.288 [DEBUG] [Worker-11] [host-a] Job SendNotifications completed in 611 ms.
2025-11-17 08:21:19.532 [DEBUG] [Worker-12] [host-b] Heartbeat received.
2025-11-17 08:21:20.317 [INFO] [Worker-14] [host-c] Compacting storage segment 50.
2025-11-17 08:21:21.070 [ERROR] [Worker-14] [host-c] Invalid message format. Skipping.
2025-11-17 08:21:26.441 [TRACE] [Worker-10] [host-a] No jobs in queue. Sleeping.
2025-11-17 08:21:29.124 [WARN] [Worker-2] [host-a] Worker paused due to maintenance window.
2025-11-17 08:21:34.247 [ERROR] [Worker-5] [host-a] Cache cleared for tenant tenantA.
2025-11-17 08:21:39.781 [DEBUG] [Worker-15] [host-c] Released lock for resource res-queue.
2025-11-17 08:21:42.853 [INFO] [Worker-7] [host-a] Released lock for resource res-queue.
2025-11-17 08:21:44.390 [WARN] [Worker-8] [host-b] Checkpoint saved at offset 1401290.
2025-11-17 08:21:46.401 [INFO] [Worker-10] [host-b] Retrying job 390291 (attempt 2).
2025-11-17 08:21:48.316 [DEBUG] [Worker-9] [host-c] Job SyncWithRemote completed in 3986 ms.
2025-11-17 08:21:48.851 [WARN] [Worker-9] [host-b] Loaded configuration: maxWorkers=10; retryLimit=2.
2025-11-17 08:21:48.933 [ERROR] [Worker-3] [host-b] Startup initialized.
2025-11-17 08:21:50.312 [INFO] [Worker-9] [host-c] Heartbeat received.
2025-11-17 08:21:50.916 [DEBUG] [Worker-6] [host-c] Cache cleared for tenant public.
2025-11-17 08:21:52.395 [INFO] [Worker-16] [host-a] Dequeueing 22 messages.
2025-11-17 08:21:54.566 [INFO] [Worker-14] [host-c] Completed scheduled cleanup.
2025-11-17 08:21:55.312 [CRITICAL] [Worker-1] [host-a] Worker paused due to maintenance window.
2025-11-17 08:21:57.077 [CRITICAL] [Worker-10] [host-c] Retrying job 692967 (attempt 2).
2025-11-17 08:22:02.914 [WARN] [Worker-4] [host-a] Completed scheduled cleanup.
2025-11-17 08:22:08.243 [WARN] [Worker-11] [host-b] Completed scheduled cleanup.
2025-11-17 08:22:09.211 [INFO] [Worker-16] [host-b] Processing job 392684 of type SyncWithRemote.
2025-11-17 08:22:12.750 [DEBUG] [Worker-12] [host-b] Unexpected exception in handler: UnauthorizedAccessException: access denied
2025-11-17 08:22:12.809 [INFO] [Worker-12] [host-a] Worker paused due to maintenance window.
2025-11-17 08:22:12.961 [INFO] [Worker-12] [host-a] Loaded configuration: maxWorkers=11; retryLimit=1.
2025-11-17 08:22:16.811 [INFO] [Worker-2] [host-c] Heartbeat received.
2025-11-17 08:22:18.292 [DEBUG] [Worker-13] [host-a] Cache cleared for tenant tenantC.
2025-11-17 08:22:19.902 [ERROR] [Worker-1] [host-a] Shutting down gracefully.
2025-11-17 08:22:21.002 [WARN] [Worker-10] [host-a] Worker paused due to maintenance window.
2025-11-17 08:22:22.376 [CRITICAL] [Worker-10] [host-b] Compacting storage segment 43.
2025-11-17 08:22:25.005 [DEBUG] [Worker-14] [host-c] Acquired lock for resource res-db.
2025-11-17 08:22:30.566 [ERROR] [Worker-9] [host-a] Database connection timeout. Retrying...
2025-11-17 08:22:36.404 [ERROR] [Worker-10] [host-b] Dequeueing 94 messages.
2025-11-17 08:22:37.019 [INFO] [Worker-6] [host-a] Failed to process job 816336: UnauthorizedAccessException: access denied
2025-11-17 08:22:38.602 [INFO] [Worker-7] [host-a] Acquired lock for resource res-file.
2025-11-17 08:22:38.631 [INFO] [Worker-3] [host-b] Shutting down gracefully.
2025-11-17 08:22:39.540 [INFO] [Worker-8] [host-b] Compacting storage segment 10.
2025-11-17 08:22:39.765 [WARN] [Worker-14] [host-a] Database connection timeout. Retrying...
2025-11-17 08:22:40.182 [WARN] [Worker-8] [host-c] Enqueued job ProcessQueue with id 452597.
2025-11-17 08:22:40.946 [DEBUG] [Worker-2] [host-a] Dequeueing 90 messages.
2025-11-17 08:22:46.084 [ERROR] [Worker-13] [host-a] Retrying job 382681 (attempt 4).
2025-11-17 08:22:46.722 [TRACE] [Worker-4] [host-c] Checkpoint saved at offset 1804298.
2025-11-17 08:22:51.315 [INFO] [Worker-15] [host-a] Unexpected exception in handler: AggregateException: one or more errors occurred
2025-11-17 08:22:54.326 [ERROR] [Worker-13] [host-b] Enqueued job SendNotifications with id 612555.
2025-11-17 08:22:59.614 [INFO] [Worker-5] [host-c] Database connection established.
2025-11-17 08:23:02.022 [INFO] [Worker-16] [host-a] Processing job 469212 of type CleanTempFiles.
2025-11-17 08:23:06.368 [TRACE] [Worker-8] [host-c] Starting background task CompactIndices.
2025-11-17 08:23:07.448 [WARN] [Worker-2] [host-a] Loaded configuration: maxWorkers=13; retryLimit=2.
2025-11-17 08:23:07.467 [DEBUG] [Worker-4] [host-c] Acquired lock for resource res-db.
2025-11-17 08:23:13.020 [WARN] [Worker-14] [host-a] Cache cleared for tenant tenantC.
2025-11-17 08:23:17.166 [INFO] [Worker-7] [host-a] Cache cleared for tenant tenantC.
2025-11-17 08:23:17.714 [INFO] [Worker-1] [host-b] Disk space warning: 87% used.
2025-11-17 08:23:18.075 [CRITICAL] [Worker-14] [host-c] Checkpoint saved at offset 1482146.
2025-11-17 08:23:18.881 [ERROR] [Worker-3] [host-b] Starting background task CompactIndices.
2025-11-17 08:23:19.836 [INFO] [Worker-1] [host-a] External API responded with status 202.
2025-11-17 08:23:24.625 [DEBUG] [Worker-13] [host-c] Job ProcessQueue completed in 1011 ms.
2025-11-17 08:23:26.385 [INFO] [Worker-12] [host-c] Loaded configuration: maxWorkers=8; retryLimit=1.
2025-11-17 08:23:27.325 [DEBUG] [Worker-4] [host-a] Heartbeat received.
2025-11-17 08:23:33.032 [INFO] [Worker-1] [host-b] Job ArchiveOldData completed in 2501 ms.
2025-11-17 08:23:33.197 [INFO] [Worker-15] [host-a] Invalid message format. Skipping.
2025-11-17 08:23:34.156 [INFO] [Worker-5] [host-c] Compacting storage segment 19.
2025-11-17 08:23:35.307 [CRITICAL] [Worker-5] [host-a] Cache cleared for tenant tenantB. | StackTrace: at Worker.Process() in /src/worker/Processor.cs:line 391
2025-11-17 08:23:39.640 [INFO] [Worker-3] [host-b] Invalid message format. Skipping.
2025-11-17 08:23:40.753 [INFO] [Worker-6] [host-c] Loaded configuration: maxWorkers=8; retryLimit=4.
2025-11-17 08:23:42.484 [INFO] [Worker-6] [host-a] External API responded with status 502.
2025-11-17 08:23:43.898 [INFO] [Worker-10] [host-c] Retrying job 919897 (attempt 4).
2025-11-17 08:23:44.385 [TRACE] [Worker-3] [host-c] Processing job 300204 of type ArchiveOldData.
2025-11-17 08:23:46.212 [ERROR] [Worker-11] [host-c] Released lock for resource res-queue.
2025-11-17 08:23:46.880 [INFO] [Worker-10] [host-a] Unexpected exception in handler: IOException: failed to write file
2025-11-17 08:23:52.142 [WARN] [Worker-10] [host-c] Invalid message format. Skipping.
2025-11-17 08:23:53.100 [INFO] [Worker-7] [host-a] Database connection timeout. Retrying...
2025-11-17 08:23:53.599 [INFO] [Worker-7] [host-b] Job SyncWithRemote completed in 1368 ms.
2025-11-17 08:23:54.625 [INFO] [Worker-9] [host-a] Released lock for resource res-db.
2025-11-17 08:23:55.330 [INFO] [Worker-11] [host-a] Completed scheduled cleanup.
2025-11-17 08:23:55.735 [DEBUG] [Worker-13] [host-b] Disk space warning: 58% used.
2025-11-17 08:23:56.591 [CRITICAL] [Worker-16] [host-b] External API responded with status 500.
2025-11-17 08:23:58.080 [WARN] [Worker-15] [host-b] Job CleanTempFiles completed in 3698 ms.
2025-11-17 08:24:00.044 [ERROR] [Worker-9] [host-b] Unexpected exception in handler: IOException: failed to write file | StackTrace: at Worker.Process() in /src/worker/Processor.cs:line 254
2025-11-17 08:24:00.752 [INFO] [Worker-4] [host-b] Enqueued job ProcessQueue with id 809561.
2025-11-17 08:24:05.910 [DEBUG] [Worker-10] [host-a] Retrying job 708727 (attempt 1).
2025-11-17 08:24:06.008 [DEBUG] [Worker-10] [host-c] Retrying job 947039 (attempt 3).
2025-11-17 08:24:10.488 [DEBUG] [Worker-11] [host-a] Loaded configuration: maxWorkers=11; retryLimit=5.
2025-11-17 08:24:13.086 [INFO] [Worker-13] [host-c] External API responded with status 502.
2025-11-17 08:24:13.126 [WARN] [Worker-8] [host-c] Unexpected exception in handler: UnauthorizedAccessException: access denied
2025-11-17 08:24:17.700 [ERROR] [Worker-15] [host-a] Unexpected exception in handler: HttpRequestException: 502 Bad Gateway
2025-11-17 08:24:18.761 [CRITICAL] [Worker-5] [host-a] Starting background task RefreshCache.
2025-11-17 08:24:18.811 [INFO] [Worker-5] [host-c] Completed scheduled cleanup.
2025-11-17 08:24:19.841 [INFO] [Worker-7] [host-b] Invalid message format. Skipping.
2025-11-17 08:24:25.090 [INFO] [Worker-8] [host-c] Database connection established.
2025-11-17 08:24:25.636 [DEBUG] [Worker-4] [host-b] Released lock for resource res-queue.
2025-11-17 08:24:27.439 [INFO] [Worker-6] [host-b] No jobs in queue. Sleeping.
2025-11-17 08:24:29.052 [WARN] [Worker-16] [host-a] Cache cleared for tenant tenantC.
2025-11-17 08:24:33.677 [INFO] [Worker-7] [host-b] No jobs in queue. Sleeping.
2025-11-17 08:24:36.375 [INFO] [Worker-6] [host-a] Database connection established.
2025-11-17 08:24:36.940 [INFO] [Worker-2] [host-c] Unexpected exception in handler: NullReferenceException at Processor.Handle()
2025-11-17 08:24:38.155 [INFO] [Worker-4] [host-c] Unexpected exception in handler: UnauthorizedAccessException: access denied
2025-11-17 08:24:40.993 [WARN] [Worker-2] [host-c] Retrying job 905894 (attempt 4).
2025-11-17 08:24:46.036 [TRACE] [Worker-16] [host-b] Database connection timeout. Retrying...
2025-11-17 08:24:47.275 [WARN] [Worker-3] [host-a] Compacting storage segment 6.
2025-11-17 08:24:52.143 [INFO] [Worker-6] [host-c] Database connection established.
2025-11-17 08:24:52.451 [WARN] [Worker-1] [host-a] Cache cleared for tenant tenantA.
2025-11-17 08:24:52.666 [ERROR] [Worker-16] [host-b] Enqueued job SendNotifications with id 186627. | StackTrace: at Worker.Process() in /src/worker/Processor.cs:line 338
2025-11-17 08:24:53.103 [INFO] [Worker-3] [host-a] Heartbeat received.
2025-11-17 08:24:54.332 [TRACE] [Worker-5] [host-b] Loaded configuration: maxWorkers=9; retryLimit=2.
2025-11-17 08:24:59.466 [TRACE] [Worker-10] [host-c] Starting background task ReportDaily.
2025-11-17 08:25:00.995 [DEBUG] [Worker-13] [host-c] Job SendNotifications completed in 2497 ms.
2025-11-17 08:25:02.377 [CRITICAL] [Worker-5] [host-a] Cache cleared for tenant tenantB. | StackTrace: at Worker.Process() in /src/worker/Processor.cs:line 391
2025-11-17 08:25:03.037 [INFO] [Worker-14] [host-c] Completed scheduled cleanup.
2025-11-17 08:25:04.615 [ERROR] [Worker-2] [host-b] Disk space warning: 98% used.
2025-11-17 08:25:05.745 [CRITICAL] [Worker-10] [host-c] Compacting storage segment 32.
2025-11-17 08:25:06.939 [INFO] [Worker-9] [host-b] Dequeueing 71 messages.
2025-11-17 08:25:07.797 [INFO] [Worker-15] [host-c] Shutting down gracefully.
2025-11-17 08:25:07.887 [INFO] [Worker-15] [host-c] Enqueued job CleanTempFiles with id 810208.
2025-11-17 08:25:08.164 [CRITICAL] [Worker-5] [host-c] Shutting down gracefully.
2025-11-17 08:25:09.526 [INFO] [Worker-7] [host-b] Shutting down gracefully.
2025-11-17 08:25:11.387 [WARN] [Worker-13] [host-a] Startup initialized.
2025-11-17 08:25:15.355 [INFO] [Worker-6] [host-b] Startup initialized.
2025-11-17 08:25:16.054 [INFO] [Worker-15] [host-b] Startup initialized.
2025-11-17 08:25:18.791 [INFO] [Worker-6] [host-b] Enqueued job CleanTempFiles with id 975028.
2025-11-17 08:25:20.060 [INFO] [Worker-9] [host-c] No jobs in queue. Sleeping.
2025-11-17 08:25:21.092 [INFO] [Worker-15] [host-b] Acquired lock for resource res-db.
2025-11-17 08:25:24.053 [INFO] [Worker-6] [host-b] Completed scheduled cleanup.
2025-11-17 08:25:28.233 [INFO] [Worker-5] [host-b] Job SyncWithRemote completed in 3336 ms.
2025-11-17 08:25:31.175 [INFO] [Worker-7] [host-b] Enqueued job ArchiveOldData with id 746368.
2025-11-17 08:25:31.513 [DEBUG] [Worker-13] [host-c] Worker paused due to maintenance window.
2025-11-17 08:25:36.044 [INFO] [Worker-10] [host-c] Database connection timeout. Retrying...
2025-11-17 08:25:37.950 [INFO] [Worker-3] [host-b] No jobs in queue. Sleeping.
2025-11-17 08:25:40.890 [TRACE] [Worker-2] [host-a] Completed scheduled cleanup.
2025-11-17 08:25:41.711 [INFO] [Worker-11] [host-c] Processing job 658488 of type GenerateReport.
2025-11-17 08:25:42.367 [INFO] [Worker-13] [host-a] No jobs in queue. Sleeping.
2025-11-17 08:25:44.211 [DEBUG] [Worker-6] [host-c] Startup initialized.
2025-11-17 08:25:49.250 [WARN] [Worker-3] [host-c] Enqueued job ArchiveOldData with id 362939.
2025-11-17 08:25:53.732 [WARN] [Worker-14] [host-b] Unexpected exception in handler: HttpRequestException: 502 Bad Gateway
2025-11-17 08:25:54.848 [WARN] [Worker-4] [host-c] Dequeueing 112 messages.
2025-11-17 08:26:00.282 [TRACE] [Worker-4] [host-c] Cache cleared for tenant tenantC.
2025-11-17 08:26:03.682 [INFO] [Worker-16] [host-b] Heartbeat received.
2025-11-17 08:26:04.458 [INFO] [Worker-10] [host-c] Enqueued job CleanTempFiles with id 599770.
2025-11-17 08:26:04.692 [INFO] [Worker-7] [host-a] Heartbeat received.
2025-11-17 08:26:05.247 [INFO] [Worker-15] [host-b] Startup initialized.
2025-11-17 08:26:06.342 [DEBUG] [Worker-1] [host-c] Cache cleared for tenant tenantC.
2025-11-17 08:26:10.836 [TRACE] [Worker-8] [host-b] Loaded configuration: maxWorkers=4; retryLimit=5.
2025-11-17 08:26:16.607 [INFO] [Worker-13] [host-b] Dequeueing 20 messages.
2025-11-17 08:26:21.072 [INFO] [Worker-15] [host-a] Acquired lock for resource res-db.
2025-11-17 08:26:21.641 [INFO] [Worker-7] [host-b] Unexpected exception in handler: AggregateException: one or more errors occurred
2025-11-17 08:26:26.535 [INFO] [Worker-9] [host-a] Retrying job 441011 (attempt 5).
2025-11-17 08:26:30.867 [DEBUG] [Worker-1] [host-a] Processing job 665477 of type ProcessQueue.
2025-11-17 08:26:36.542 [WARN] [Worker-6] [host-b] No jobs in queue. Sleeping.
2025-11-17 08:26:39.627 [INFO] [Worker-15] [host-a] Database connection timeout. Retrying...
2025-11-17 08:26:43.408 [TRACE] [Worker-12] [host-c] Unexpected exception in handler: UnauthorizedAccessException: access denied
2025-11-17 08:26:45.390 [INFO] [Worker-3] [host-c] Startup initialized.
2025-11-17 08:26:47.091 [INFO] [Worker-8] [host-b] Startup initialized.
2025-11-17 08:26:51.634 [INFO] [Worker-12] [host-a] Compacting storage segment 32.
2025-11-17 08:26:57.076 [INFO] [Worker-16] [host-b] Loaded configuration: maxWorkers=13; retryLimit=5.
2025-11-17 08:26:57.122 [WARN] [Worker-16] [host-c] Released lock for resource res-queue.
2025-11-17 08:27:02.367 [TRACE] [Worker-11] [host-b] Enqueued job ArchiveOldData with id 752734.
2025-11-17 08:27:07.287 [DEBUG] [Worker-4] [host-b] Database connection established.
2025-11-17 08:27:08.064 [INFO] [Worker-3] [host-a] Job GenerateReport completed in 3650 ms.
2025-11-17 08:27:12.088 [ERROR] [Worker-3] [host-c] Failed to process job 678364: TimeoutError: operation timed out
2025-11-17 08:27:13.599 [INFO] [Worker-14] [host-b] Disk space warning: 55% used.
2025-11-17 08:27:14.762 [WARN] [Worker-13] [host-b] Compacting storage segment 17.
2025-11-17 08:27:14.963 [DEBUG] [Worker-4] [host-c] Released lock for resource res-file.
2025-11-17 08:27:19.477 [INFO] [Worker-12] [host-c] Cache cleared for tenant tenantC.
2025-11-17 08:27:19.953 [WARN] [Worker-13] [host-a] Checkpoint saved at offset 912732.
2025-11-17 08:27:21.480 [TRACE] [Worker-4] [host-b] Processing job 620946 of type CleanTempFiles.
2025-11-17 08:27:27.395 [ERROR] [Worker-13] [host-c] Released lock for resource res-queue.
2025-11-17 08:27:27.556 [INFO] [Worker-12] [host-c] Loaded configuration: maxWorkers=12; retryLimit=1.
2025-11-17 08:27:28.482 [INFO] [Worker-6] [host-b] Worker paused due to maintenance window.
2025-11-17 08:27:29.783 [INFO] [Worker-3] [host-a] Cache cleared for tenant tenantC.
2025-11-17 08:27:30.480 [WARN] [Worker-1] [host-a] Released lock for resource res-db.
2025-11-17 08:27:30.581 [INFO] [Worker-3] [host-b] Dequeueing 95 messages.
2025-11-17 08:27:31.135 [DEBUG] [Worker-4] [host-b] Database connection established.
2025-11-17 08:27:34.996 [DEBUG] [Worker-5] [host-c] Dequeueing 85 messages.
2025-11-17 08:27:37.453 [INFO] [Worker-14] [host-c] Database connection established.
2025-11-17 08:27:38.022 [DEBUG] [Worker-7] [host-b] Cache cleared for tenant public.
2025-11-17 08:27:42.762 [DEBUG] [Worker-15] [host-b] Cache cleared for tenant public.
2025-11-17 08:27:44.976 [INFO] [Worker-13] [host-c] Startup initialized.
2025-11-17 08:27:45.913 [INFO] [Worker-8] [host-c] Released lock for resource res-queue.
2025-11-17 08:27:47.549 [INFO] [Worker-4] [host-c] Database connection established.
2025-11-17 08:27:52.023 [INFO] [Worker-3] [host-b] Completed scheduled cleanup.
2025-11-17 08:27:52.365 [DEBUG] [Worker-1] [host-b] Completed scheduled cleanup.
2025-11-17 08:27:58.261 [INFO] [Worker-9] [host-c] Checkpoint saved at offset 1753125.
2025-11-17 08:28:02.913 [WARN] [Worker-5] [host-b] Processing job 442174 of type ArchiveOldData.
2025-11-17 08:28:03.481 [INFO] [Worker-1] [host-c] Startup initialized.
2025-11-17 08:28:09.327 [INFO] [Worker-1] [host-c] Database connection established.
2025-11-17 08:28:11.633 [INFO] [Worker-6] [host-b] Invalid message format. Skipping.
2025-11-17 08:28:12.917 [INFO] [Worker-3] [host-b] No jobs in queue. Sleeping.
2025-11-17 08:28:13.762 [DEBUG] [Worker-1] [host-b] Unexpected exception in handler: SqlException: login failed
2025-11-17 08:28:14.747 [ERROR] [Worker-6] [host-a] Starting background task RefreshCache.
2025-11-17 08:28:15.360 [CRITICAL] [Worker-9] [host-c] Unexpected exception in handler: AggregateException: one or more errors occurred
2025-11-17 08:28:19.224 [INFO] [Worker-9] [host-c] Disk space warning: 87% used.
2025-11-17 08:28:23.739 [CRITICAL] [Worker-12] [host-c] Loaded configuration: maxWorkers=8; retryLimit=5.
2025-11-17 08:28:28.388 [INFO] [Worker-1] [host-a] Loaded configuration: maxWorkers=3; retryLimit=3.
2025-11-17 08:28:29.873 [DEBUG] [Worker-3] [host-c] Disk space warning: 72% used.
2025-11-17 08:28:31.161 [INFO] [Worker-3] [host-c] Processing job 264507 of type CleanTempFiles.
2025-11-17 08:28:32.010 [INFO] [Worker-13] [host-c] Compacting storage segment 4.
2025-11-17 08:28:34.799 [WARN] [Worker-3] [host-a] Failed to process job 675891: HttpRequestException: 502 Bad Gateway
2025-11-17 08:28:40.062 [DEBUG] [Worker-9] [host-c] Invalid message format. Skipping.
2025-11-17 08:28:45.495 [WARN] [Worker-15] [host-a] Starting background task CompactIndices.
2025-11-17 08:28:49.670 [INFO] [Worker-8] [host-c] Checkpoint saved at offset 1913009.
2025-11-17 08:28:50.525 [INFO] [Worker-3] [host-a] Cache cleared for tenant tenantC.
2025-11-17 08:28:50.836 [INFO] [Worker-16] [host-b] Startup initialized.
2025-11-17 08:28:54.906 [WARN] [Worker-14] [host-b] Released lock for resource res-queue.
2025-11-17 08:28:59.643 [INFO] [Worker-13] [host-c] Processing job 555659 of type SendNotifications.
2025-11-17 08:29:02.132 [INFO] [Worker-11] [host-a] Failed to process job 752401: AggregateException: one or more errors occurred
2025-11-17 08:29:02.850 [WARN] [Worker-15] [host-c] Completed scheduled cleanup.
2025-11-17 08:29:02.877 [INFO] [Worker-11] [host-b] Checkpoint saved at offset 695935.
2025-11-17 08:29:06.961 [DEBUG] [Worker-6] [host-c] Processing job 557043 of type SyncWithRemote.
2025-11-17 08:29:07.838 [DEBUG] [Worker-5] [host-c] Worker paused due to maintenance window.
2025-11-17 08:29:08.065 [WARN] [Worker-11] [host-b] Worker paused due to maintenance window.
2025-11-17 08:29:08.254 [CRITICAL] [Worker-6] [host-a] Invalid message format. Skipping.
2025-11-17 08:29:08.557 [INFO] [Worker-11] [host-a] Database connection timeout. Retrying...
2025-11-17 08:29:09.811 [WARN] [Worker-16] [host-c] Unexpected exception in handler: NullReferenceException at Processor.Handle()
2025-11-17 08:29:09.932 [TRACE] [Worker-11] [host-a] Checkpoint saved at offset 1121089.
2025-11-17 08:29:13.772 [ERROR] [Worker-13] [host-a] Job GenerateReport completed in 249 ms.
2025-11-17 08:29:16.151 [WARN] [Worker-11] [host-a] Completed scheduled cleanup.
2025-11-17 08:29:19.783 [INFO] [Worker-9] [host-a] Processing job 795333 of type GenerateReport.
2025-11-17 08:29:22.378 [INFO] [Worker-1] [host-c] Compacting storage segment 43.
2025-11-17 08:29:27.280 [ERROR] [Worker-11] [host-b] No jobs in queue. Sleeping.
2025-11-17 08:29:29.590 [TRACE] [Worker-1] [host-a] Failed to process job 159395: UnauthorizedAccessException: access denied
2025-11-17 08:29:31.366 [ERROR] [Worker-6] [host-c] External API responded with status 401.
2025-11-17 08:29:31.510 [INFO] [Worker-1] [host-c] External API responded with status 401.
2025-11-17 08:29:32.344 [INFO] [Worker-11] [host-c] Unexpected exception in handler: IOException: failed to write file
2025-11-17 08:29:32.531 [INFO] [Worker-5] [host-b] Invalid message format. Skipping.
2025-11-17 08:29:33.273 [INFO] [Worker-5] [host-c] Retrying job 814088 (attempt 3).
2025-11-17 08:29:33.336 [ERROR] [Worker-9] [host-c] Database connection established.
2025-11-17 08:29:34.138 [TRACE] [Worker-9] [host-b] No jobs in queue. Sleeping.
2025-11-17 08:29:39.198 [INFO] [Worker-6] [host-c] No jobs in queue. Sleeping.
2025-11-17 08:29:44.837 [DEBUG] [Worker-3] [host-b] Released lock for resource res-db.
2025-11-17 08:29:45.175 [DEBUG] [Worker-12] [host-b] Enqueued job CleanTempFiles with id 738008.
2025-11-17 08:29:46.878 [DEBUG] [Worker-1] [host-a] Failed to process job 320286: NullReferenceException at Processor.Handle()
2025-11-17 08:29:47.481 [TRACE] [Worker-12] [host-c] Enqueued job ProcessQueue with id 634853.
2025-11-17 08:29:47.852 [WARN] [Worker-6] [host-c] Processing job 135303 of type ProcessQueue.
2025-11-17 08:29:49.662 [WARN] [Worker-8] [host-a] Loaded configuration: maxWorkers=5; retryLimit=3.
2025-11-17 08:29:54.417 [INFO] [Worker-10] [host-c] Unexpected exception in handler: TimeoutError: operation timed out
2025-11-17 08:29:56.965 [INFO] [Worker-10] [host-b] Heartbeat received.
2025-11-17 08:29:57.632 [WARN] [Worker-10] [host-b] Invalid message format. Skipping.
2025-11-17 08:30:01.816 [INFO] [Worker-7] [host-a] Enqueued job ProcessQueue with id 716874.
2025-11-17 08:30:05.042 [DEBUG] [Worker-10] [host-b] Job SendNotifications completed in 316 ms.
2025-11-17 08:30:06.041 [INFO] [Worker-13] [host-b] No jobs in queue. Sleeping.
2025-11-17 08:30:07.003 [DEBUG] [Worker-13] [host-c] Completed scheduled cleanup.
2025-11-17 08:30:07.993 [ERROR] [Worker-15] [host-c] External API responded with status 401.
2025-11-17 08:30:13.951 [INFO] [Worker-3] [host-b] Enqueued job GenerateReport with id 139046.
2025-11-17 08:30:18.351 [INFO] [Worker-2] [host-b] Startup initialized.
2025-11-17 08:30:22.827 [ERROR] [Worker-15] [host-a] Shutting down gracefully.
2025-11-17 08:30:25.702 [INFO] [Worker-1] [host-c] Acquired lock for resource res-db.
2025-11-17 08:30:27.563 [INFO] [Worker-1] [host-c] Heartbeat received.
2025-11-17 08:30:28.358 [INFO] [Worker-7] [host-c] Processing job 147207 of type SendNotifications.
2025-11-17 08:30:30.094 [INFO] [Worker-16] [host-b] Job GenerateReport completed in 1043 ms.
2025-11-17 08:30:31.379 [DEBUG] [Worker-1] [host-b] Cache cleared for tenant public.
2025-11-17 08:30:34.314 [WARN] [Worker-5] [host-a] Unexpected exception in handler: HttpRequestException: 502 Bad Gateway
2025-11-17 08:30:38.146 [DEBUG] [Worker-14] [host-c] External API responded with status 502.
2025-11-17 08:30:42.678 [WARN] [Worker-8] [host-b] Job ProcessQueue completed in 1544 ms.
2025-11-17 08:30:44.640 [INFO] [Worker-7] [host-b] Worker paused due to maintenance window.
2025-11-17 08:30:45.436 [INFO] [Worker-12] [host-a] Processing job 915165 of type CleanTempFiles.
2025-11-17 08:30:49.732 [WARN] [Worker-11] [host-b] Disk space warning: 87% used.
2025-11-17 08:30:53.920 [INFO] [Worker-2] [host-c] Invalid message format. Skipping.
2025-11-17 08:30:56.008 [INFO] [Worker-11] [host-b] Starting background task ReportDaily.
2025-11-17 08:30:58.174 [INFO] [Worker-2] [host-b] Worker paused due to maintenance window.
2025-11-17 08:31:03.057 [ERROR] [Worker-16] [host-c] Heartbeat received.
2025-11-17 08:31:03.497 [WARN] [Worker-4] [host-a] Checkpoint saved at offset 1877382.
2025-11-17 08:31:06.779 [ERROR] [Worker-4] [host-a] Completed scheduled cleanup.
2025-11-17 08:31:07.743 [WARN] [Worker-11] [host-b] Failed to process job 230836: NullReferenceException at Processor.Handle()
2025-11-17 08:31:07.977 [INFO] [Worker-16] [host-c] Acquired lock for resource res-queue.
2025-11-17 08:31:08.365 [INFO] [Worker-10] [host-b] Failed to process job 823348: NullReferenceException at Processor.Handle()
2025-11-17 08:31:08.655 [WARN] [Worker-9] [host-a] Database connection established.
2025-11-17 08:31:09.294 [INFO] [Worker-6] [host-b] Completed scheduled cleanup.
2025-11-17 08:31:10.073 [DEBUG] [Worker-15] [host-c] Processing job 670326 of type CleanTempFiles.
2025-11-17 08:31:11.046 [TRACE] [Worker-4] [host-a] Shutting down gracefully.
2025-11-17 08:31:12.160 [WARN] [Worker-12] [host-b] Processing job 465954 of type GenerateReport.
2025-11-17 08:31:13.892 [CRITICAL] [Worker-11] [host-a] Job SyncWithRemote completed in 356 ms.
2025-11-17 08:31:18.283 [INFO] [Worker-8] [host-b] Disk space warning: 85% used.
2025-11-17 08:31:18.441 [TRACE] [Worker-3] [host-b] Enqueued job SyncWithRemote with id 764923.
2025-11-17 08:31:23.027 [INFO] [Worker-16] [host-b] Shutting down gracefully.
2025-11-17 08:31:28.278 [INFO] [Worker-15] [host-c] Startup initialized.
2025-11-17 08:31:31.021 [INFO] [Worker-8] [host-b] Shutting down gracefully.
2025-11-17 08:31:31.478 [DEBUG] [Worker-7] [host-c] Starting background task ReportDaily.
2025-11-17 08:31:33.934 [WARN] [Worker-12] [host-c] Acquired lock for resource res-file.
2025-11-17 08:31:35.537 [INFO] [Worker-11] [host-c] Released lock for resource res-queue.
2025-11-17 08:31:37.428 [INFO] [Worker-15] [host-a] Failed to process job 832464: HttpRequestException: 502 Bad Gateway
2025-11-17 08:31:41.761 [INFO] [Worker-8] [host-c] Database connection timeout. Retrying...
2025-11-17 08:31:43.185 [INFO] [Worker-9] [host-c] Released lock for resource res-queue.
2025-11-17 08:31:43.650 [INFO] [Worker-3] [host-b] Enqueued job CleanTempFiles with id 505155.
2025-11-17 08:31:45.278 [INFO] [Worker-14] [host-b] Loaded configuration: maxWorkers=5; retryLimit=2.
2025-11-17 08:31:45.919 [DEBUG] [Worker-12] [host-a] Heartbeat received.
2025-11-17 08:31:49.284 [INFO] [Worker-11] [host-b] No jobs in queue. Sleeping.
2025-11-17 08:31:49.375 [INFO] [Worker-9] [host-b] Database connection timeout. Retrying...
2025-11-17 08:31:53.816 [WARN] [Worker-6] [host-b] Starting background task RefreshCache.
2025-11-17 08:31:54.697 [WARN] [Worker-2] [host-c] Enqueued job ProcessQueue with id 602818.
2025-11-17 08:31:54.742 [CRITICAL] [Worker-9] [host-a] Database connection timeout. Retrying...
2025-11-17 08:31:55.497 [DEBUG] [Worker-10] [host-b] Unexpected exception in handler: UnauthorizedAccessException: access denied
2025-11-17 08:32:00.067 [DEBUG] [Worker-6] [host-c] Cache cleared for tenant tenantA.
2025-11-17 08:32:01.658 [WARN] [Worker-8] [host-c] Completed scheduled cleanup.
2025-11-17 08:32:04.350 [INFO] [Worker-7] [host-b] Database connection timeout. Retrying...
2025-11-17 08:32:09.976 [INFO] [Worker-7] [host-c] Database connection established.
2025-11-17 08:32:13.730 [INFO] [Worker-4] [host-c] Disk space warning: 84% used.
2025-11-17 08:32:15.519 [INFO] [Worker-13] [host-c] Compacting storage segment 8.
2025-11-17 08:32:17.011 [CRITICAL] [Worker-4] [host-b] Disk space warning: 47% used.
2025-11-17 08:32:21.506 [DEBUG] [Worker-12] [host-b] Acquired lock for resource res-file.
2025-11-17 08:32:22.070 [INFO] [Worker-10] [host-c] Heartbeat received.
2025-11-17 08:32:25.115 [WARN] [Worker-2] [host-c] Retrying job 517126 (attempt 2).
2025-11-17 08:32:30.810 [INFO] [Worker-3] [host-b] Completed scheduled cleanup.
2025-11-17 08:32:31.013 [INFO] [Worker-8] [host-a] External API responded with status 401.
2025-11-17 08:32:31.658 [INFO] [Worker-15] [host-a] Heartbeat received.
2025-11-17 08:32:34.256 [TRACE] [Worker-16] [host-b] Acquired lock for resource res-file.
2025-11-17 08:32:36.844 [INFO] [Worker-3] [host-a] Failed to process job 322821: UnauthorizedAccessException: access denied
2025-11-17 08:32:37.560 [TRACE] [Worker-1] [host-c] Disk space warning: 98% used.
2025-11-17 08:32:39.186 [WARN] [Worker-13] [host-c] Compacting storage segment 45.
2025-11-17 08:32:40.279 [ERROR] [Worker-9] [host-c] Failed to process job 637046: NullReferenceException at Processor.Handle() | StackTrace: at Worker.Process() in /src/worker/Processor.cs:line 214
2025-11-17 08:32:40.318 [INFO] [Worker-16] [host-a] Invalid message format. Skipping.
2025-11-17 08:32:42.555 [WARN] [Worker-1] [host-c] Disk space warning: 80% used.
2025-11-17 08:32:48.253 [DEBUG] [Worker-15] [host-a] Processing job 534595 of type ProcessQueue.
2025-11-17 08:32:49.506 [INFO] [Worker-9] [host-b] Worker paused due to maintenance window.
2025-11-17 08:32:50.232 [DEBUG] [Worker-1] [host-c] Database connection established.
2025-11-17 08:32:50.389 [WARN] [Worker-5] [host-c] Processing job 631609 of type GenerateReport.
2025-11-17 08:32:54.738 [INFO] [Worker-1] [host-c] Database connection timeout. Retrying...
2025-11-17 08:32:55.428 [INFO] [Worker-8] [host-a] Starting background task RefreshCache.
2025-11-17 08:32:56.019 [WARN] [Worker-12] [host-a] Failed to process job 722319: NullReferenceException at Processor.Handle()
2025-11-17 08:32:56.993 [CRITICAL] [Worker-11] [host-c] Dequeueing 45 messages.
2025-11-17 08:32:57.249 [INFO] [Worker-3] [host-a] Invalid message format. Skipping.
2025-11-17 08:32:58.013 [WARN] [Worker-9] [host-a] Startup initialized.
2025-11-17 08:32:59.067 [DEBUG] [Worker-3] [host-b] Released lock for resource res-file.
2025-11-17 08:33:04.617 [ERROR] [Worker-5] [host-b] External API responded with status 403.
2025-11-17 08:33:05.357 [TRACE] [Worker-13] [host-c] No jobs in queue. Sleeping.
2025-11-17 08:33:06.947 [DEBUG] [Worker-5] [host-b] Released lock for resource res-queue.
2025-11-17 08:33:12.106 [ERROR] [Worker-10] [host-b] Retrying job 974099 (attempt 4).
2025-11-17 08:33:16.961 [INFO] [Worker-14] [host-b] Database connection established.
2025-11-17 08:33:18.979 [DEBUG] [Worker-5] [host-b] Compacting storage segment 37.
2025-11-17 08:33:20.826 [INFO] [Worker-5] [host-a] Dequeueing 3 messages.
2025-11-17 08:33:24.049 [CRITICAL] [Worker-6] [host-a] Unexpected exception in handler: UnauthorizedAccessException: access denied
2025-11-17 08:33:28.600 [DEBUG] [Worker-14] [host-b] Completed scheduled cleanup.
2025-11-17 08:33:29.159 [WARN] [Worker-8] [host-c] Retrying job 529681 (attempt 3).
2025-11-17 08:33:33.138 [TRACE] [Worker-12] [host-b] Database connection timeout. Retrying...
2025-11-17 08:33:37.895 [CRITICAL] [Worker-13] [host-a] Checkpoint saved at offset 812820.
2025-11-17 08:33:38.519 [INFO] [Worker-6] [host-c] Unexpected exception in handler: NullReferenceException at Processor.Handle()
2025-11-17 08:33:39.762 [WARN] [Worker-7] [host-a] Dequeueing 97 messages.
2025-11-17 08:33:40.235 [INFO] [Worker-7] [host-a] Job CleanTempFiles completed in 4306 ms.
2025-11-17 08:33:43.867 [DEBUG] [Worker-2] [host-b] Heartbeat received.
2025-11-17 08:33:45.750 [INFO] [Worker-8] [host-a] Startup initialized.
2025-11-17 08:33:46.111 [WARN] [Worker-8] [host-c] Shutting down gracefully.
2025-11-17 08:33:50.353 [INFO] [Worker-16] [host-b] Retrying job 670614 (attempt 4).
2025-11-17 08:33:55.874 [INFO] [Worker-15] [host-c] Acquired lock for resource res-db.
2025-11-17 08:34:01.383 [DEBUG] [Worker-3] [host-a] Dequeueing 2 messages.
2025-11-17 08:34:05.390 [WARN] [Worker-3] [host-b] No jobs in queue. Sleeping.
2025-11-17 08:34:10.904 [INFO] [Worker-1] [host-a] Dequeueing 21 messages.
2025-11-17 08:34:16.106 [INFO] [Worker-7] [host-a] Retrying job 234123 (attempt 2).
2025-11-17 08:34:21.639 [INFO] [Worker-14] [host-c] Completed scheduled cleanup.
2025-11-17 08:34:21.829 [INFO] [Worker-6] [host-c] Startup initialized.
2025-11-17 08:34:24.103 [INFO] [Worker-2] [host-a] Heartbeat received.
2025-11-17 08:34:30.050 [INFO] [Worker-7] [host-a] Dequeueing 30 messages.
2025-11-17 08:34:33.500 [INFO] [Worker-12] [host-a] Loaded configuration: maxWorkers=10; retryLimit=2.
2025-11-17 08:34:34.352 [WARN] [Worker-6] [host-b] Completed scheduled cleanup.
2025-11-17 08:34:38.098 [DEBUG] [Worker-13] [host-c] Checkpoint saved at offset 1289626.
2025-11-17 08:34:38.174 [INFO] [Worker-6] [host-b] Loaded configuration: maxWorkers=9; retryLimit=4.
2025-11-17 08:34:44.100 [WARN] [Worker-1] [host-c] Failed to process job 842896: SqlException: login failed
2025-11-17 08:34:44.896 [WARN] [Worker-5] [host-b] Enqueued job ArchiveOldData with id 860500.
2025-11-17 08:34:50.296 [ERROR] [Worker-4] [host-b] No jobs in queue. Sleeping. | StackTrace: at Worker.Process() in /src/worker/Processor.cs:line 122
2025-11-17 08:34:51.705 [DEBUG] [Worker-2] [host-b] Shutting down gracefully.
2025-11-17 08:34:51.987 [INFO] [Worker-1] [host-b] Released lock for resource res-file.
2025-11-17 08:34:56.094 [WARN] [Worker-2] [host-c] Startup initialized.
2025-11-17 08:34:56.213 [INFO] [Worker-10] [host-c] Cache cleared for tenant tenantA.
2025-11-17 08:34:58.064 [INFO] [Worker-7] [host-a] Retrying job 694441 (attempt 5).
2025-11-17 08:35:01.148 [ERROR] [Worker-2] [host-c] Database connection timeout. Retrying... | StackTrace: at Worker.Process() in /src/worker/Processor.cs:line 376
2025-11-17 08:35:02.628 [INFO] [Worker-2] [host-a] Dequeueing 72 messages.
2025-11-17 08:35:03.533 [ERROR] [Worker-11] [host-b] Loaded configuration: maxWorkers=5; retryLimit=2.
2025-11-17 08:35:07.392 [DEBUG] [Worker-8] [host-c] Heartbeat received.
2025-11-17 08:35:10.837 [INFO] [Worker-4] [host-a] Loaded configuration: maxWorkers=6; retryLimit=5.
2025-11-17 08:35:11.414 [INFO] [Worker-5] [host-a] Startup initialized.
2025-11-17 08:35:12.032 [INFO] [Worker-8] [host-c] Cache cleared for tenant tenantC.
2025-11-17 08:35:15.573 [DEBUG] [Worker-9] [host-a] Dequeueing 34 messages.
2025-11-17 08:35:18.864 [ERROR] [Worker-16] [host-a] Database connection timeout. Retrying...
2025-11-17 08:35:22.141 [ERROR] [Worker-16] [host-b] Worker paused due to maintenance window. | StackTrace: at Worker.Process() in /src/worker/Processor.cs:line 386
2025-11-17 08:35:26.245 [DEBUG] [Worker-6] [host-b] Shutting down gracefully.
2025-11-17 08:35:28.183 [INFO] [Worker-6] [host-c] Completed scheduled cleanup.
2025-11-17 08:35:30.762 [INFO] [Worker-11] [host-c] Disk space warning: 47% used.
2025-11-17 08:35:32.751 [DEBUG] [Worker-12] [host-a] Unexpected exception in handler: TimeoutError: operation timed out
2025-11-17 08:35:33.084 [WARN] [Worker-11] [host-a] Shutting down gracefully.
2025-11-17 08:35:35.277 [CRITICAL] [Worker-9] [host-b] Starting background task ReportDaily.
2025-11-17 08:35:37.391 [DEBUG] [Worker-5] [host-a] External API responded with status 500.
2025-11-17 08:35:38.934 [WARN] [Worker-12] [host-a] Disk space warning: 61% used.
2025-11-17 08:35:41.905 [INFO] [Worker-16] [host-c] Disk space warning: 98% used.
2025-11-17 08:35:43.173 [INFO] [Worker-2] [host-b] Dequeueing 43 messages.
2025-11-17 08:35:43.195 [INFO] [Worker-3] [host-a] Processing job 346297 of type ProcessQueue.
2025-11-17 08:35:44.974 [INFO] [Worker-13] [host-c] No jobs in queue. Sleeping.
2025-11-17 08:35:46.056 [ERROR] [Worker-10] [host-c] Acquired lock for resource res-queue.
2025-11-17 08:35:51.141 [WARN] [Worker-12] [host-b] Cache cleared for tenant tenantB.
2025-11-17 08:35:52.691 [INFO] [Worker-9] [host-a] Heartbeat received.
2025-11-17 08:35:54.602 [WARN] [Worker-9] [host-a] Failed to process job 453969: HttpRequestException: 502 Bad Gateway
2025-11-17 08:35:57.884 [INFO] [Worker-6] [host-a] Starting background task ReportDaily.
2025-11-17 08:36:02.701 [WARN] [Worker-14] [host-c] Starting background task RefreshCache.
2025-11-17 08:36:03.311 [INFO] [Worker-5] [host-a] Retrying job 270616 (attempt 1).
2025-11-17 08:36:04.744 [DEBUG] [Worker-16] [host-a] Database connection established.
2025-11-17 08:36:08.814 [DEBUG] [Worker-10] [host-a] Startup initialized.
2025-11-17 08:36:08.915 [DEBUG] [Worker-3] [host-a] Invalid message format. Skipping.
2025-11-17 08:36:09.824 [ERROR] [Worker-14] [host-a] Invalid message format. Skipping. | StackTrace: at Worker.Process() in /src/worker/Processor.cs:line 250
2025-11-17 08:36:10.797 [INFO] [Worker-8] [host-b] Processing job 836723 of type SendNotifications.
2025-11-17 08:36:13.678 [ERROR] [Worker-3] [host-a] Dequeueing 3 messages.
2025-11-17 08:36:14.710 [INFO] [Worker-8] [host-b] Failed to process job 491546: IOException: failed to write file
2025-11-17 08:36:14.756 [ERROR] [Worker-11] [host-c] Completed scheduled cleanup.
2025-11-17 08:36:17.155 [INFO] [Worker-15] [host-a] Cache cleared for tenant tenantB.
2025-11-17 08:36:19.703 [CRITICAL] [Worker-12] [host-b] Compacting storage segment 28.
2025-11-17 08:36:24.570 [INFO] [Worker-13] [host-a] Job SyncWithRemote completed in 2562 ms.
2025-11-17 08:36:27.317 [DEBUG] [Worker-12] [host-c] Disk space warning: 83% used.
2025-11-17 08:36:27.513 [INFO] [Worker-5] [host-b] Job GenerateReport completed in 3375 ms.
2025-11-17 08:36:31.661 [INFO] [Worker-7] [host-c] Compacting storage segment 2.
2025-11-17 08:36:36.659 [WARN] [Worker-6] [host-a] Failed to process job 502244: SqlException: login failed
2025-11-17 08:36:37.990 [INFO] [Worker-10] [host-a] Heartbeat received.
2025-11-17 08:36:41.725 [CRITICAL] [Worker-5] [host-c] No jobs in queue. Sleeping.
2025-11-17 08:36:44.266 [INFO] [Worker-1] [host-b] Starting background task CompactIndices.
2025-11-17 08:36:45.941 [DEBUG] [Worker-8] [host-c] Starting background task RefreshCache.
2025-11-17 08:36:46.738 [CRITICAL] [Worker-12] [host-b] Heartbeat received.
2025-11-17 08:36:47.915 [DEBUG] [Worker-8] [host-a] Worker paused due to maintenance window.
2025-11-17 08:36:49.186 [INFO] [Worker-13] [host-a] Failed to process job 350555: SqlException: login failed
2025-11-17 08:36:55.038 [INFO] [Worker-9] [host-c] Starting background task ReportDaily.
2025-11-17 08:36:58.567 [INFO] [Worker-8] [host-b] Failed to process job 771642: AggregateException: one or more errors occurred
2025-11-17 08:36:58.731 [INFO] [Worker-15] [host-c] Starting background task CompactIndices.
2025-11-17 08:37:01.200 [DEBUG] [Worker-1] [host-c] Processing job 441697 of type ProcessQueue.
2025-11-17 08:37:01.272 [INFO] [Worker-2] [host-b] Released lock for resource res-queue.
2025-11-17 08:37:04.208 [INFO] [Worker-12] [host-a] Compacting storage segment 6.
2025-11-17 08:37:05.866 [INFO] [Worker-11] [host-c] Heartbeat received.
2025-11-17 08:37:07.338 [DEBUG] [Worker-16] [host-c] Disk space warning: 91% used.
2025-11-17 08:37:07.343 [INFO] [Worker-12] [host-b] Checkpoint saved at offset 1121451.
2025-11-17 08:37:08.158 [WARN] [Worker-14] [host-b] External API responded with status 404.
2025-11-17 08:37:10.276 [DEBUG] [Worker-7] [host-b] Heartbeat received.
2025-11-17 08:37:13.857 [WARN] [Worker-15] [host-a] Dequeueing 94 messages.
2025-11-17 08:37:18.972 [TRACE] [Worker-10] [host-a] Database connection timeout. Retrying...
2025-11-17 08:37:19.701 [DEBUG] [Worker-16] [host-c] Dequeueing 16 messages.
2025-11-17 08:37:23.227 [INFO] [Worker-5] [host-c] Job ProcessQueue completed in 3817 ms.
2025-11-17 08:37:23.386 [ERROR] [Worker-15] [host-c] Startup initialized. | StackTrace: at Worker.Process() in /src/worker/Processor.cs:line 349
2025-11-17 08:37:25.994 [INFO] [Worker-5] [host-a] Failed to process job 646017: UnauthorizedAccessException: access denied
2025-11-17 08:37:26.871 [WARN] [Worker-3] [host-c] Retrying job 829126 (attempt 2).
2025-11-17 08:37:27.478 [DEBUG] [Worker-2] [host-b] Released lock for resource res-queue.
2025-11-17 08:37:30.044 [TRACE] [Worker-4] [host-c] Acquired lock for resource res-db.
2025-11-17 08:37:32.611 [INFO] [Worker-2] [host-a] Database connection established.
2025-11-17 08:37:38.489 [TRACE] [Worker-8] [host-b] Unexpected exception in handler: AggregateException: one or more errors occurred
2025-11-17 08:37:41.288 [INFO] [Worker-1] [host-a] Retrying job 630680 (attempt 2).
2025-11-17 08:37:41.945 [INFO] [Worker-2] [host-a] Retrying job 714873 (attempt 2).
2025-11-17 08:37:44.996 [WARN] [Worker-15] [host-c] Acquired lock for resource res-db.
2025-11-17 08:37:46.503 [INFO] [Worker-14] [host-c] Shutting down gracefully.
2025-11-17 08:37:50.381 [DEBUG] [Worker-11] [host-c] Acquired lock for resource res-file.
2025-11-17 08:37:55.088 [WARN] [Worker-3] [host-b] Released lock for resource res-queue.
2025-11-17 08:37:57.646 [DEBUG] [Worker-6] [host-b] Enqueued job SendNotifications with id 461181.
2025-11-17 08:37:59.956 [INFO] [Worker-1] [host-a] Failed to process job 499419: HttpRequestException: 502 Bad Gateway
2025-11-17 08:38:01.642 [WARN] [Worker-1] [host-b] Acquired lock for resource res-file.
2025-11-17 08:38:01.778 [DEBUG] [Worker-16] [host-c] Starting background task ReportDaily.
2025-11-17 08:38:02.043 [DEBUG] [Worker-7] [host-c] Enqueued job SyncWithRemote with id 584639.
2025-11-17 08:38:03.388 [ERROR] [Worker-2] [host-c] External API responded with status 503.
2025-11-17 08:38:06.026 [WARN] [Worker-16] [host-c] Dequeueing 14 messages.
2025-11-17 08:38:09.886 [INFO] [Worker-15] [host-a] Dequeueing 41 messages.
2025-11-17 08:38:12.145 [INFO] [Worker-11] [host-b] Processing job 342717 of type ArchiveOldData.
2025-11-17 08:38:16.872 [INFO] [Worker-13] [host-a] Worker paused due to maintenance window.
2025-11-17 08:38:17.711 [WARN] [Worker-14] [host-c] Database connection established.
2025-11-17 08:38:18.143 [WARN] [Worker-12] [host-b] Unexpected exception in handler: NullReferenceException at Processor.Handle()
2025-11-17 08:38:18.439 [INFO] [Worker-14] [host-b] Cache cleared for tenant tenantB.
2025-11-17 08:38:19.806 [DEBUG] [Worker-1] [host-c] Job SyncWithRemote completed in 1975 ms.
2025-11-17 08:38:20.662 [INFO] [Worker-12] [host-a] Dequeueing 65 messages.
2025-11-17 08:38:22.544 [INFO] [Worker-8] [host-b] Retrying job 739016 (attempt 2).
2025-11-17 08:38:23.139 [WARN] [Worker-9] [host-c] External API responded with status 400.
2025-11-17 08:38:23.194 [INFO] [Worker-8] [host-b] Enqueued job ArchiveOldData with id 646183.
2025-11-17 08:38:24.180 [INFO] [Worker-7] [host-a] Database connection established.
2025-11-17 08:38:26.702 [INFO] [Worker-16] [host-a] No jobs in queue. Sleeping.
2025-11-17 08:38:29.048 [INFO] [Worker-2] [host-b] Cache cleared for tenant public.
2025-11-17 08:38:30.216 [INFO] [Worker-15] [host-c] Invalid message format. Skipping.
2025-11-17 08:38:33.371 [WARN] [Worker-13] [host-a] No jobs in queue. Sleeping.
2025-11-17 08:38:36.014 [INFO] [Worker-3] [host-c] Cache cleared for tenant tenantC.
2025-11-17 08:38:37.734 [INFO] [Worker-9] [host-a] Retrying job 642645 (attempt 1).
2025-11-17 08:38:41.927 [DEBUG] [Worker-2] [host-b] External API responded with status 403.
2025-11-17 08:38:42.806 [CRITICAL] [Worker-9] [host-c] Shutting down gracefully. | StackTrace: at Worker.Process() in /src/worker/Processor.cs:line 369
2025-11-17 08:38:45.396 [DEBUG] [Worker-15] [host-a] Cache cleared for tenant tenantB.
2025-11-17 08:38:45.533 [INFO] [Worker-3] [host-b] Enqueued job SendNotifications with id 622798.
2025-11-17 08:38:46.650 [ERROR] [Worker-1] [host-c] Job ProcessQueue completed in 2436 ms. | StackTrace: at Worker.Process() in /src/worker/Processor.cs:line 238
2025-11-17 08:38:48.612 [DEBUG] [Worker-12] [host-c] Enqueued job ArchiveOldData with id 329194.
2025-11-17 08:38:49.642 [INFO] [Worker-1] [host-b] Acquired lock for resource res-queue.
2025-11-17 08:38:53.480 [DEBUG] [Worker-16] [host-b] Compacting storage segment 38.
2025-11-17 08:38:54.271 [INFO] [Worker-13] [host-a] Shutting down gracefully.
2025-11-17 08:38:56.005 [ERROR] [Worker-11] [host-a] Released lock for resource res-file. | StackTrace: at Worker.Process() in /src/worker/Processor.cs:line 408
2025-11-17 08:38:58.629 [WARN] [Worker-10] [host-c] Released lock for resource res-db.
2025-11-17 08:39:00.325 [INFO] [Worker-9] [host-a] Compacting storage segment 39.
2025-11-17 08:39:01.119 [DEBUG] [Worker-15] [host-b] Database connection timeout. Retrying...
2025-11-17 08:39:02.038 [ERROR] [Worker-11] [host-c] Failed to process job 341029: UnauthorizedAccessException: access denied | StackTrace: at Worker.Process() in /src/worker/Processor.cs:line 380
2025-11-17 08:39:04.643 [INFO] [Worker-15] [host-b] Loaded configuration: maxWorkers=11; retryLimit=3.
2025-11-17 08:39:06.448 [INFO] [Worker-5] [host-b] Shutting down gracefully.
2025-11-17 08:39:07.588 [ERROR] [Worker-11] [host-a] Completed scheduled cleanup. | StackTrace: at Worker.Process() in /src/worker/Processor.cs:line 408
2025-11-17 08:39:08.301 [DEBUG] [Worker-16] [host-b] Processing job 971385 of type ArchiveOldData.
2025-11-17 08:39:13.821 [INFO] [Worker-3] [host-a] Invalid message format. Skipping.
2025-11-17 08:39:16.217 [INFO] [Worker-16] [host-c] No jobs in queue. Sleeping.
2025-11-17 08:39:17.454 [WARN] [Worker-5] [host-c] Enqueued job SendNotifications with id 126329.
2025-11-17 08:39:20.967 [DEBUG] [Worker-14] [host-c] Database connection established.
2025-11-17 08:39:26.434 [WARN] [Worker-3] [host-b] Starting background task CompactIndices.
2025-11-17 08:39:26.829 [CRITICAL] [Worker-16] [host-c] Starting background task RefreshCache.
2025-11-17 08:39:26.873 [ERROR] [Worker-14] [host-a] Starting background task ReportDaily.
2025-11-17 08:39:27.754 [INFO] [Worker-9] [host-b] Loaded configuration: maxWorkers=2; retryLimit=3.
2025-11-17 08:39:32.818 [INFO] [Worker-14] [host-c] Enqueued job GenerateReport with id 924063.
2025-11-17 08:39:33.510 [DEBUG] [Worker-12] [host-a] Invalid message format. Skipping.
2025-11-17 08:39:34.247 [INFO] [Worker-13] [host-c] External API responded with status 200.
2025-11-17 08:39:37.981 [INFO] [Worker-5] [host-a] Invalid message format. Skipping.
2025-11-17 08:39:41.856 [INFO] [Worker-6] [host-b] Worker paused due to maintenance window.
2025-11-17 08:39:42.394 [INFO] [Worker-15] [host-b] Starting background task RefreshCache.
2025-11-17 08:39:42.963 [INFO] [Worker-5] [host-c] Failed to process job 195512: SqlException: login failed
2025-11-17 08:39:43.706 [INFO] [Worker-4] [host-a] Database connection timeout. Retrying...
2025-11-17 08:39:48.829 [DEBUG] [Worker-3] [host-c] No jobs in queue. Sleeping.
2025-11-17 08:39:49.812 [INFO] [Worker-16] [host-c] External API responded with status 201.
2025-11-17 08:39:52.111 [DEBUG] [Worker-10] [host-c] Completed scheduled cleanup.
2025-11-17 08:39:54.223 [INFO] [Worker-1] [host-a] Worker paused due to maintenance window.
2025-11-17 08:39:59.539 [ERROR] [Worker-13] [host-b] Processing job 766379 of type ArchiveOldData.
2025-11-17 08:39:59.558 [INFO] [Worker-15] [host-a] Shutting down gracefully.
2025-11-17 08:40:01.519 [TRACE] [Worker-14] [host-b] Failed to process job 116633: TimeoutError: operation timed out
2025-11-17 08:40:01.745 [ERROR] [Worker-10] [host-a] Disk space warning: 40% used.
2025-11-17 08:40:04.776 [INFO] [Worker-14] [host-b] Enqueued job SendNotifications with id 899191.
2025-11-17 08:40:06.321 [INFO] [Worker-9] [host-a] Starting background task ReportDaily.
2025-11-17 08:40:07.167 [INFO] [Worker-1] [host-c] Checkpoint saved at offset 1114911.
2025-11-17 08:40:11.027 [CRITICAL] [Worker-16] [host-c] Starting background task ReportDaily.
2025-11-17 08:40:11.917 [CRITICAL] [Worker-3] [host-c] Completed scheduled cleanup.
2025-11-17 08:40:14.338 [DEBUG] [Worker-11] [host-c] Retrying job 522597 (attempt 3).
2025-11-17 08:40:17.890 [WARN] [Worker-4] [host-b] Failed to process job 323005: AggregateException: one or more errors occurred
2025-11-17 08:40:19.598 [WARN] [Worker-13] [host-c] Enqueued job ArchiveOldData with id 524755.
2025-11-17 08:40:25.364 [ERROR] [Worker-3] [host-b] Cache cleared for tenant tenantC. | StackTrace: at Worker.Process() in /src/worker/Processor.cs:line 192
2025-11-17 08:40:30.866 [INFO] [Worker-12] [host-a] Failed to process job 845361: SqlException: login failed
2025-11-17 08:40:31.356 [INFO] [Worker-15] [host-b] Cache cleared for tenant public.
2025-11-17 08:40:31.761 [DEBUG] [Worker-14] [host-c] Cache cleared for tenant tenantC.
2025-11-17 08:40:34.425 [CRITICAL] [Worker-9] [host-b] Shutting down gracefully.
2025-11-17 08:40:35.827 [WARN] [Worker-1] [host-c] Shutting down gracefully.
2025-11-17 08:40:38.118 [WARN] [Worker-8] [host-b] Database connection established.
2025-11-17 08:40:39.693 [DEBUG] [Worker-4] [host-c] Compacting storage segment 9.
2025-11-17 08:40:40.191 [INFO] [Worker-13] [host-a] No jobs in queue. Sleeping.
2025-11-17 08:40:44.445 [INFO] [Worker-3] [host-a] Acquired lock for resource res-db.
2025-11-17 08:40:47.818 [ERROR] [Worker-11] [host-c] Startup initialized.
2025-11-17 08:40:47.873 [ERROR] [Worker-10] [host-a] Invalid message format. Skipping. | StackTrace: at Worker.Process() in /src/worker/Processor.cs:line 124
2025-11-17 08:40:49.691 [DEBUG] [Worker-9] [host-b] Acquired lock for resource res-file.
2025-11-17 08:40:52.628 [INFO] [Worker-9] [host-a] Completed scheduled cleanup.
2025-11-17 08:40:54.204 [INFO] [Worker-16] [host-a] Worker paused due to maintenance window.
2025-11-17 08:40:59.243 [INFO] [Worker-8] [host-a] Database connection timeout. Retrying...
2025-11-17 08:41:01.397 [INFO] [Worker-15] [host-b] Unexpected exception in handler: SqlException: login failed
2025-11-17 08:41:03.755 [INFO] [Worker-4] [host-b] Failed to process job 998431: SqlException: login failed
2025-11-17 08:41:04.726 [DEBUG] [Worker-13] [host-a] Enqueued job GenerateReport with id 169176.
2025-11-17 08:41:10.634 [INFO] [Worker-8] [host-c] No jobs in queue. Sleeping.
2025-11-17 08:41:12.481 [INFO] [Worker-12] [host-b] Database connection timeout. Retrying...
2025-11-17 08:41:16.794 [INFO] [Worker-4] [host-c] Completed scheduled cleanup.
2025-11-17 08:41:19.890 [INFO] [Worker-14] [host-c] Heartbeat received.
2025-11-17 08:41:24.977 [CRITICAL] [Worker-6] [host-c] Cache cleared for tenant tenantB.
2025-11-17 08:41:25.155 [WARN] [Worker-15] [host-b] Unexpected exception in handler: IOException: failed to write file
2025-11-17 08:41:29.491 [WARN] [Worker-8] [host-a] Disk space warning: 56% used.
2025-11-17 08:41:32.981 [WARN] [Worker-16] [host-a] Database connection established.
2025-11-17 08:41:34.891 [DEBUG] [Worker-7] [host-c] Disk space warning: 47% used.
2025-11-17 08:41:38.118 [CRITICAL] [Worker-12] [host-a] Enqueued job SendNotifications with id 351178.
2025-11-17 08:41:38.296 [INFO] [Worker-5] [host-a] Job SyncWithRemote completed in 1030 ms.
2025-11-17 08:41:39.311 [INFO] [Worker-4] [host-b] Invalid message format. Skipping.
2025-11-17 08:41:41.136 [INFO] [Worker-3] [host-c] Unexpected exception in handler: AggregateException: one or more errors occurred
2025-11-17 08:41:44.901 [INFO] [Worker-6] [host-b] Loaded configuration: maxWorkers=7; retryLimit=3.
2025-11-17 08:41:46.286 [WARN] [Worker-14] [host-c] Disk space warning: 76% used.
2025-11-17 08:41:47.338 [INFO] [Worker-6] [host-a] Acquired lock for resource res-db.
2025-11-17 08:41:48.308 [INFO] [Worker-5] [host-b] Compacting storage segment 32.
2025-11-17 08:41:50.644 [INFO] [Worker-9] [host-b] Dequeueing 62 messages.
2025-11-17 08:41:51.146 [DEBUG] [Worker-9] [host-a] Shutting down gracefully.
2025-11-17 08:41:53.106 [DEBUG] [Worker-5] [host-a] External API responded with status 502.
2025-11-17 08:41:53.277 [INFO] [Worker-7] [host-b] Invalid message format. Skipping.
2025-11-17 08:41:53.840 [WARN] [Worker-9] [host-b] Database connection established.
2025-11-17 08:41:59.766 [WARN] [Worker-12] [host-b] Released lock for resource res-db.
2025-11-17 08:42:00.629 [CRITICAL] [Worker-5] [host-a] Acquired lock for resource res-db.
2025-11-17 08:42:00.997 [INFO] [Worker-1] [host-a] Dequeueing 38 messages.
2025-11-17 08:42:01.687 [INFO] [Worker-11] [host-a] Job SendNotifications completed in 945 ms.
2025-11-17 08:42:03.603 [WARN] [Worker-11] [host-a] Worker paused due to maintenance window.
2025-11-17 08:42:04.502 [WARN] [Worker-15] [host-c] Invalid message format. Skipping.
2025-11-17 08:42:06.513 [INFO] [Worker-12] [host-b] Loaded configuration: maxWorkers=9; retryLimit=1.
2025-11-17 08:42:07.804 [DEBUG] [Worker-15] [host-c] Cache cleared for tenant tenantA.
2025-11-17 08:42:12.460 [WARN] [Worker-11] [host-c] Processing job 238363 of type SendNotifications.
2025-11-17 08:42:12.563 [INFO] [Worker-15] [host-b] Dequeueing 20 messages.
2025-11-17 08:42:12.758 [INFO] [Worker-2] [host-c] External API responded with status 202.
2025-11-17 08:42:13.419 [DEBUG] [Worker-8] [host-b] Completed scheduled cleanup.
2025-11-17 08:42:19.270 [DEBUG] [Worker-4] [host-a] Shutting down gracefully.
2025-11-17 08:42:20.563 [INFO] [Worker-10] [host-b] Unexpected exception in handler: UnauthorizedAccessException: access denied
2025-11-17 08:42:24.756 [INFO] [Worker-16] [host-c] Worker paused due to maintenance window.
2025-11-17 08:42:25.898 [WARN] [Worker-3] [host-c] Shutting down gracefully.
2025-11-17 08:42:27.431 [INFO] [Worker-16] [host-c] External API responded with status 200.
2025-11-17 08:42:32.965 [INFO] [Worker-9] [host-c] Worker paused due to maintenance window.
2025-11-17 08:42:37.914 [CRITICAL] [Worker-1] [host-b] Database connection timeout. Retrying...
2025-11-17 08:42:39.645 [ERROR] [Worker-9] [host-c] Checkpoint saved at offset 332281.
2025-11-17 08:42:39.902 [INFO] [Worker-11] [host-b] Cache cleared for tenant tenantB.
2025-11-17 08:42:40.211 [INFO] [Worker-10] [host-c] Invalid message format. Skipping.
2025-11-17 08:42:40.352 [INFO] [Worker-6] [host-a] Database connection established.
2025-11-17 08:42:44.984 [WARN] [Worker-2] [host-b] Invalid message format. Skipping.
2025-11-17 08:42:45.553 [ERROR] [Worker-2] [host-b] Starting background task ReportDaily.
2025-11-17 08:42:47.531 [INFO] [Worker-8] [host-a] Processing job 233291 of type SendNotifications.
2025-11-17 08:42:49.373 [WARN] [Worker-6] [host-a] Released lock for resource res-queue.
2025-11-17 08:42:53.055 [INFO] [Worker-11] [host-b] Worker paused due to maintenance window.
2025-11-17 08:42:58.804 [INFO] [Worker-7] [host-b] Processing job 577062 of type ArchiveOldData.
2025-11-17 08:42:59.259 [INFO] [Worker-11] [host-b] Worker paused due to maintenance window.
2025-11-17 08:42:59.407 [DEBUG] [Worker-4] [host-b] Starting background task CompactIndices.
2025-11-17 08:43:00.867 [INFO] [Worker-13] [host-b] Invalid message format. Skipping.
2025-11-17 08:43:06.727 [INFO] [Worker-9] [host-b] No jobs in queue. Sleeping.
2025-11-17 08:43:10.080 [DEBUG] [Worker-12] [host-b] Compacting storage segment 36.
2025-11-17 08:43:13.134 [INFO] [Worker-16] [host-c] Startup initialized.
2025-11-17 08:43:15.699 [INFO] [Worker-15] [host-b] Completed scheduled cleanup.
2025-11-17 08:43:15.789 [DEBUG] [Worker-7] [host-a] Shutting down gracefully.
2025-11-17 08:43:18.853 [INFO] [Worker-16] [host-c] Dequeueing 22 messages.
2025-11-17 08:43:19.437 [INFO] [Worker-9] [host-b] Cache cleared for tenant tenantB.
2025-11-17 08:43:20.399 [INFO] [Worker-13] [host-a] Compacting storage segment 45.
2025-11-17 08:43:20.975 [ERROR] [Worker-7] [host-c] Compacting storage segment 19.
2025-11-17 08:43:21.955 [INFO] [Worker-16] [host-b] Database connection established.
2025-11-17 08:43:26.081 [INFO] [Worker-5] [host-b] Unexpected exception in handler: SqlException: login failed
2025-11-17 08:43:27.989 [WARN] [Worker-10] [host-a] Unexpected exception in handler: SqlException: login failed
2025-11-17 08:43:29.501 [WARN] [Worker-11] [host-b] Startup initialized.
2025-11-17 08:43:32.033 [INFO] [Worker-11] [host-b] Job SendNotifications completed in 4479 ms.
2025-11-17 08:43:36.283 [INFO] [Worker-9] [host-a] Failed to process job 891385: SqlException: login failed
2025-11-17 08:43:39.874 [INFO] [Worker-2] [host-a] Acquired lock for resource res-db.
2025-11-17 08:43:43.566 [WARN] [Worker-11] [host-a] Worker paused due to maintenance window.
2025-11-17 08:43:45.154 [WARN] [Worker-6] [host-a] Dequeueing 119 messages.
2025-11-17 08:43:45.438 [INFO] [Worker-1] [host-c] Checkpoint saved at offset 1288101.
2025-11-17 08:43:49.021 [INFO] [Worker-6] [host-c] Enqueued job CleanTempFiles with id 804770.
2025-11-17 08:43:50.333 [INFO] [Worker-7] [host-a] No jobs in queue. Sleeping.
2025-11-17 08:43:55.869 [INFO] [Worker-5] [host-a] Acquired lock for resource res-queue.
2025-11-17 08:43:57.596 [ERROR] [Worker-7] [host-c] Job SyncWithRemote completed in 270 ms.
2025-11-17 08:43:57.912 [INFO] [Worker-1] [host-a] Invalid message format. Skipping.
2025-11-17 08:44:01.972 [ERROR] [Worker-4] [host-c] Disk space warning: 51% used. | StackTrace: at Worker.Process() in /src/worker/Processor.cs:line 392
2025-11-17 08:44:03.900 [INFO] [Worker-4] [host-a] Released lock for resource res-queue.
2025-11-17 08:44:05.894 [INFO] [Worker-6] [host-c] Cache cleared for tenant tenantA.
2025-11-17 08:44:11.707 [INFO] [Worker-2] [host-a] External API responded with status 201.
2025-11-17 08:44:15.025 [INFO] [Worker-14] [host-a] Unexpected exception in handler: TimeoutError: operation timed out
2025-11-17 08:44:15.932 [INFO] [Worker-15] [host-b] Disk space warning: 77% used.
2025-11-17 08:44:16.303 [ERROR] [Worker-3] [host-b] Unexpected exception in handler: NullReferenceException at Processor.Handle() | StackTrace: at Worker.Process() in /src/worker/Processor.cs:line 142
2025-11-17 08:44:19.174 [INFO] [Worker-16] [host-b] External API responded with status 201.
2025-11-17 08:44:22.734 [DEBUG] [Worker-14] [host-b] Starting background task RefreshCache.
2025-11-17 08:44:23.290 [WARN] [Worker-6] [host-a] Unexpected exception in handler: SqlException: login failed
2025-11-17 08:44:23.715 [INFO] [Worker-3] [host-c] Job CleanTempFiles completed in 1568 ms.
2025-11-17 08:44:26.312 [INFO] [Worker-1] [host-c] Unexpected exception in handler: TimeoutError: operation timed out
2025-11-17 08:44:26.412 [INFO] [Worker-11] [host-a] Heartbeat received.
2025-11-17 08:44:27.203 [INFO] [Worker-16] [host-b] Database connection timeout. Retrying...
2025-11-17 08:44:31.636 [DEBUG] [Worker-9] [host-a] Loaded configuration: maxWorkers=6; retryLimit=1.
2025-11-17 08:44:32.409 [INFO] [Worker-7] [host-c] Completed scheduled cleanup.
2025-11-17 08:44:32.561 [INFO] [Worker-14] [host-b] External API responded with status 502.
2025-11-17 08:44:36.423 [DEBUG] [Worker-2] [host-c] Loaded configuration: maxWorkers=14; retryLimit=4.
2025-11-17 08:44:37.079 [ERROR] [Worker-12] [host-a] Worker paused due to maintenance window.
2025-11-17 08:44:38.564 [INFO] [Worker-10] [host-a] Unexpected exception in handler: HttpRequestException: 502 Bad Gateway
2025-11-17 08:44:41.990 [DEBUG] [Worker-6] [host-b] Retrying job 835675 (attempt 4).
2025-11-17 08:44:47.781 [INFO] [Worker-15] [host-b] Invalid message format. Skipping.
2025-11-17 08:44:52.439 [DEBUG] [Worker-9] [host-c] Retrying job 176534 (attempt 5).
2025-11-17 08:44:56.437 [WARN] [Worker-6] [host-b] Failed to process job 984420: NullReferenceException at Processor.Handle()
2025-11-17 08:44:57.258 [WARN] [Worker-7] [host-a] Cache cleared for tenant tenantB.
2025-11-17 08:45:01.642 [INFO] [Worker-15] [host-c] Shutting down gracefully.
2025-11-17 08:45:04.780 [WARN] [Worker-15] [host-a] Retrying job 470341 (attempt 2).
2025-11-17 08:45:04.805 [INFO] [Worker-1] [host-b] Starting background task ReportDaily.
2025-11-17 08:45:07.052 [WARN] [Worker-4] [host-a] Worker paused due to maintenance window.
2025-11-17 08:45:11.176 [INFO] [Worker-5] [host-c] Database connection established.
2025-11-17 08:45:16.893 [INFO] [Worker-7] [host-c] Retrying job 138102 (attempt 1).
2025-11-17 08:45:21.234 [INFO] [Worker-7] [host-b] Worker paused due to maintenance window.
2025-11-17 08:45:22.540 [WARN] [Worker-2] [host-a] Worker paused due to maintenance window.
2025-11-17 08:45:27.501 [TRACE] [Worker-8] [host-c] Cache cleared for tenant public.
2025-11-17 08:45:30.858 [DEBUG] [Worker-1] [host-c] Completed scheduled cleanup.
2025-11-17 08:45:31.232 [INFO] [Worker-15] [host-a] External API responded with status 401.
2025-11-17 08:45:31.654 [DEBUG] [Worker-5] [host-b] Startup initialized.
2025-11-17 08:45:33.066 [INFO] [Worker-11] [host-a] Startup initialized.
2025-11-17 08:45:33.657 [INFO] [Worker-14] [host-c] Loaded configuration: maxWorkers=3; retryLimit=3.
2025-11-17 08:45:34.076 [INFO] [Worker-11] [host-b] Shutting down gracefully.
2025-11-17 08:45:37.832 [INFO] [Worker-5] [host-c] Job ProcessQueue completed in 3378 ms.
2025-11-17 08:45:39.115 [DEBUG] [Worker-9] [host-a] Loaded configuration: maxWorkers=15; retryLimit=2.
2025-11-17 08:45:44.822 [DEBUG] [Worker-8] [host-a] No jobs in queue. Sleeping.
2025-11-17 08:45:50.185 [INFO] [Worker-11] [host-b] Heartbeat received.
2025-11-17 08:45:50.539 [INFO] [Worker-2] [host-c] External API responded with status 200.
2025-11-17 08:45:52.642 [INFO] [Worker-11] [host-b] Processing job 721748 of type SendNotifications.
2025-11-17 08:45:57.028 [INFO] [Worker-6] [host-b] No jobs in queue. Sleeping.
2025-11-17 08:46:02.408 [INFO] [Worker-2] [host-b] Worker paused due to maintenance window.
2025-11-17 08:46:05.325 [ERROR] [Worker-16] [host-a] Compacting storage segment 41. | StackTrace: at Worker.Process() in /src/worker/Processor.cs:line 418
2025-11-17 08:46:05.551 [INFO] [Worker-4] [host-b] Invalid message format. Skipping.
2025-11-17 08:46:06.246 [INFO] [Worker-14] [host-b] Database connection established.
2025-11-17 08:46:10.315 [WARN] [Worker-3] [host-a] Cache cleared for tenant tenantC.
2025-11-17 08:46:15.748 [INFO] [Worker-9] [host-c] Job CleanTempFiles completed in 1668 ms.
2025-11-17 08:46:19.579 [TRACE] [Worker-10] [host-b] Loaded configuration: maxWorkers=5; retryLimit=5.
2025-11-17 08:46:24.656 [WARN] [Worker-8] [host-a] Database connection timeout. Retrying...
2025-11-17 08:46:26.169 [INFO] [Worker-9] [host-b] Unexpected exception in handler: TimeoutError: operation timed out
2025-11-17 08:46:27.685 [INFO] [Worker-4] [host-b] Starting background task CompactIndices.
2025-11-17 08:46:29.796 [INFO] [Worker-9] [host-c] Released lock for resource res-db.
2025-11-17 08:46:34.853 [INFO] [Worker-3] [host-c] Disk space warning: 40% used.
2025-11-17 08:46:40.162 [INFO] [Worker-4] [host-c] Acquired lock for resource res-db.
2025-11-17 08:46:40.189 [ERROR] [Worker-16] [host-a] Database connection timeout. Retrying...
2025-11-17 08:46:42.158 [DEBUG] [Worker-15] [host-a] Failed to process job 365187: IOException: failed to write file
2025-11-17 08:46:42.496 [DEBUG] [Worker-13] [host-a] Job GenerateReport completed in 4043 ms.
2025-11-17 08:46:47.327 [CRITICAL] [Worker-11] [host-c] Invalid message format. Skipping. | StackTrace: at Worker.Process() in /src/worker/Processor.cs:line 123
2025-11-17 08:46:49.209 [INFO] [Worker-4] [host-b] Failed to process job 442473: AggregateException: one or more errors occurred
2025-11-17 08:46:49.678 [INFO] [Worker-10] [host-b] No jobs in queue. Sleeping.
2025-11-17 08:46:51.465 [INFO] [Worker-14] [host-b] Disk space warning: 61% used.
2025-11-17 08:46:51.775 [CRITICAL] [Worker-9] [host-a] Cache cleared for tenant tenantB.
2025-11-17 08:46:52.757 [INFO] [Worker-11] [host-a] Job ProcessQueue completed in 520 ms.
2025-11-17 08:46:53.971 [INFO] [Worker-4] [host-a] Checkpoint saved at offset 1392348.
2025-11-17 08:46:54.071 [INFO] [Worker-2] [host-a] Cache cleared for tenant tenantB.
2025-11-17 08:46:56.360 [TRACE] [Worker-7] [host-b] Disk space warning: 84% used.
2025-11-17 08:46:58.328 [INFO] [Worker-7] [host-c] Loaded configuration: maxWorkers=7; retryLimit=4.
2025-11-17 08:46:58.782 [INFO] [Worker-11] [host-b] Processing job 697224 of type GenerateReport.
2025-11-17 08:47:03.997 [INFO] [Worker-6] [host-b] Retrying job 946784 (attempt 1).
2025-11-17 08:47:09.080 [WARN] [Worker-2] [host-b] Enqueued job ProcessQueue with id 791328.
2025-11-17 08:47:09.783 [DEBUG] [Worker-6] [host-a] Database connection established.
2025-11-17 08:47:12.937 [INFO] [Worker-4] [host-a] Completed scheduled cleanup.
2025-11-17 08:47:16.372 [WARN] [Worker-6] [host-a] Heartbeat received.
2025-11-17 08:47:18.303 [INFO] [Worker-2] [host-c] Cache cleared for tenant tenantC.
2025-11-17 08:47:24.086 [WARN] [Worker-4] [host-c] Acquired lock for resource res-queue.
2025-11-17 08:47:25.725 [INFO] [Worker-16] [host-b] Cache cleared for tenant tenantA.
2025-11-17 08:47:26.618 [CRITICAL] [Worker-13] [host-c] No jobs in queue. Sleeping. | StackTrace: at Worker.Process() in /src/worker/Processor.cs:line 348
2025-11-17 08:47:31.391 [INFO] [Worker-9] [host-c] External API responded with status 404.
2025-11-17 08:47:31.701 [WARN] [Worker-5] [host-c] Starting background task ReportDaily.
2025-11-17 08:47:33.530 [DEBUG] [Worker-8] [host-b] Job GenerateReport completed in 50 ms.
2025-11-17 08:47:35.366 [INFO] [Worker-2] [host-a] Failed to process job 960632: SqlException: login failed
2025-11-17 08:47:36.916 [INFO] [Worker-12] [host-a] Disk space warning: 68% used.
2025-11-17 08:47:41.529 [INFO] [Worker-15] [host-b] Compacting storage segment 16.
2025-11-17 08:47:42.992 [INFO] [Worker-2] [host-b] Heartbeat received.
2025-11-17 08:47:46.265 [INFO] [Worker-14] [host-a] No jobs in queue. Sleeping.
2025-11-17 08:47:49.682 [WARN] [Worker-15] [host-a] Cache cleared for tenant tenantC.
2025-11-17 08:47:53.311 [CRITICAL] [Worker-10] [host-a] No jobs in queue. Sleeping.
2025-11-17 08:47:53.382 [INFO] [Worker-9] [host-a] Enqueued job GenerateReport with id 345896.
2025-11-17 08:47:57.937 [WARN] [Worker-4] [host-b] Unexpected exception in handler: HttpRequestException: 502 Bad Gateway
2025-11-17 08:47:58.176 [INFO] [Worker-4] [host-a] Enqueued job CleanTempFiles with id 733119.
2025-11-17 08:48:01.800 [INFO] [Worker-7] [host-a] Compacting storage segment 38.
2025-11-17 08:48:06.090 [ERROR] [Worker-14] [host-b] Enqueued job GenerateReport with id 820376.
2025-11-17 08:48:06.871 [WARN] [Worker-2] [host-a] Shutting down gracefully.
2025-11-17 08:48:07.748 [TRACE] [Worker-14] [host-a] Invalid message format. Skipping.
2025-11-17 08:48:08.488 [INFO] [Worker-1] [host-b] No jobs in queue. Sleeping.
2025-11-17 08:48:13.787 [INFO] [Worker-4] [host-c] Acquired lock for resource res-file.
2025-11-17 08:48:18.884 [INFO] [Worker-14] [host-c] Processing job 147831 of type ProcessQueue.
2025-11-17 08:48:20.732 [INFO] [Worker-2] [host-a] Retrying job 751114 (attempt 4).
2025-11-17 08:48:22.105 [INFO] [Worker-12] [host-b] Database connection established.
2025-11-17 08:48:22.352 [DEBUG] [Worker-4] [host-c] Processing job 991208 of type SendNotifications.
2025-11-17 08:48:23.925 [INFO] [Worker-4] [host-a] No jobs in queue. Sleeping.
2025-11-17 08:48:29.415 [INFO] [Worker-7] [host-b] Released lock for resource res-queue.
2025-11-17 08:48:34.779 [INFO] [Worker-16] [host-b] Starting background task RefreshCache.
2025-11-17 08:48:35.554 [INFO] [Worker-5] [host-c] Retrying job 649426 (attempt 2).
2025-11-17 08:48:37.673 [INFO] [Worker-5] [host-a] Database connection established.
2025-11-17 08:48:38.039 [WARN] [Worker-16] [host-a] Released lock for resource res-file.
2025-11-17 08:48:41.254 [INFO] [Worker-1] [host-c] Checkpoint saved at offset 1989347.
2025-11-17 08:48:47.047 [INFO] [Worker-14] [host-c] Acquired lock for resource res-db.
2025-11-17 08:48:48.511 [WARN] [Worker-11] [host-a] Job ArchiveOldData completed in 973 ms.
2025-11-17 08:48:49.451 [TRACE] [Worker-1] [host-b] Enqueued job CleanTempFiles with id 952332.
2025-11-17 08:48:49.672 [WARN] [Worker-14] [host-c] Cache cleared for tenant tenantA.
2025-11-17 08:48:54.094 [INFO] [Worker-2] [host-a] Starting background task ReportDaily.
2025-11-17 08:48:54.634 [WARN] [Worker-16] [host-b] Completed scheduled cleanup.
2025-11-17 08:48:58.445 [INFO] [Worker-10] [host-a] External API responded with status 500.
2025-11-17 08:49:03.506 [DEBUG] [Worker-7] [host-a] External API responded with status 502.
2025-11-17 08:49:03.981 [ERROR] [Worker-4] [host-a] Shutting down gracefully.
2025-11-17 08:49:05.684 [ERROR] [Worker-14] [host-c] Loaded configuration: maxWorkers=15; retryLimit=1.
2025-11-17 08:49:10.604 [WARN] [Worker-6] [host-b] Database connection established.
2025-11-17 08:49:10.900 [INFO] [Worker-11] [host-a] Checkpoint saved at offset 664133.
2025-11-17 08:49:12.612 [DEBUG] [Worker-10] [host-a] Retrying job 430773 (attempt 1).
2025-11-17 08:49:18.532 [INFO] [Worker-7] [host-b] External API responded with status 401.
2025-11-17 08:49:18.660 [INFO] [Worker-2] [host-a] Dequeueing 29 messages.
2025-11-17 08:49:19.432 [DEBUG] [Worker-11] [host-c] Worker paused due to maintenance window.
2025-11-17 08:49:20.204 [INFO] [Worker-7] [host-c] Failed to process job 260613: IOException: failed to write file
2025-11-17 08:49:22.076 [DEBUG] [Worker-13] [host-b] Worker paused due to maintenance window.
2025-11-17 08:49:26.748 [DEBUG] [Worker-12] [host-c] No jobs in queue. Sleeping.
2025-11-17 08:49:31.592 [DEBUG] [Worker-15] [host-b] Compacting storage segment 40.
2025-11-17 08:49:35.249 [DEBUG] [Worker-6] [host-b] Cache cleared for tenant tenantC.
2025-11-17 08:49:38.024 [DEBUG] [Worker-8] [host-b] External API responded with status 500.
2025-11-17 08:49:39.322 [INFO] [Worker-2] [host-b] Checkpoint saved at offset 1704796.
2025-11-17 08:49:40.736 [ERROR] [Worker-2] [host-b] Invalid message format. Skipping.
2025-11-17 08:49:42.058 [INFO] [Worker-16] [host-c] Database connection timeout. Retrying...
2025-11-17 08:49:44.023 [ERROR] [Worker-6] [host-a] Disk space warning: 46% used.
2025-11-17 08:49:45.079 [INFO] [Worker-16] [host-a] Starting background task CompactIndices.
2025-11-17 08:49:46.028 [DEBUG] [Worker-4] [host-b] Compacting storage segment 12.
2025-11-17 08:49:49.600 [INFO] [Worker-3] [host-b] Acquired lock for resource res-db.
2025-11-17 08:49:52.363 [INFO] [Worker-1] [host-c] Cache cleared for tenant tenantC.
2025-11-17 08:49:52.513 [INFO] [Worker-3] [host-c] Completed scheduled cleanup.
2025-11-17 08:49:52.947 [ERROR] [Worker-2] [host-a] Disk space warning: 60% used.
2025-11-17 08:49:55.761 [INFO] [Worker-7] [host-c] Checkpoint saved at offset 305304.
2025-11-17 08:49:57.441 [INFO] [Worker-5] [host-b] No jobs in queue. Sleeping.
2025-11-17 08:49:59.550 [CRITICAL] [Worker-15] [host-b] Cache cleared for tenant public. | StackTrace: at Worker.Process() in /src/worker/Processor.cs:line 364
2025-11-17 08:49:59.918 [INFO] [Worker-12] [host-b] Processing job 890870 of type ProcessQueue.
2025-11-17 08:50:01.176 [ERROR] [Worker-6] [host-c] Completed scheduled cleanup. | StackTrace: at Worker.Process() in /src/worker/Processor.cs:line 413
2025-11-17 08:50:05.279 [INFO] [Worker-12] [host-a] Enqueued job ArchiveOldData with id 162023.
2025-11-17 08:50:07.311 [ERROR] [Worker-6] [host-c] Retrying job 972196 (attempt 3).
2025-11-17 08:50:09.913 [DEBUG] [Worker-15] [host-c] Starting background task RefreshCache.
2025-11-17 08:50:14.140 [TRACE] [Worker-5] [host-c] Processing job 425503 of type SendNotifications.
2025-11-17 08:50:15.689 [INFO] [Worker-12] [host-b] Enqueued job ArchiveOldData with id 829130.
2025-11-17 08:50:17.841 [INFO] [Worker-9] [host-c] Database connection established.
2025-11-17 08:50:18.900 [INFO] [Worker-14] [host-b] Acquired lock for resource res-db.
2025-11-17 08:50:24.239 [WARN] [Worker-12] [host-b] Retrying job 780616 (attempt 2).
2025-11-17 08:50:25.872 [INFO] [Worker-15] [host-b] Heartbeat received.
2025-11-17 08:50:31.578 [WARN] [Worker-11] [host-a] Invalid message format. Skipping.
2025-11-17 08:50:36.140 [DEBUG] [Worker-13] [host-c] Compacting storage segment 36.
2025-11-17 08:50:37.127 [TRACE] [Worker-2] [host-b] Compacting storage segment 49.
2025-11-17 08:50:38.983 [INFO] [Worker-7] [host-c] Job SyncWithRemote completed in 4260 ms.
2025-11-17 08:50:41.306 [INFO] [Worker-4] [host-c] Shutting down gracefully.
2025-11-17 08:50:46.995 [DEBUG] [Worker-9] [host-b] Completed scheduled cleanup.
2025-11-17 08:50:47.969 [INFO] [Worker-4] [host-c] Startup initialized.
2025-11-17 08:50:51.998 [DEBUG] [Worker-11] [host-a] Failed to process job 938963: SqlException: login failed
2025-11-17 08:50:54.090 [WARN] [Worker-14] [host-c] Completed scheduled cleanup.
2025-11-17 08:50:54.813 [DEBUG] [Worker-11] [host-a] Completed scheduled cleanup.
2025-11-17 08:50:55.800 [INFO] [Worker-9] [host-a] Database connection established.
2025-11-17 08:50:55.840 [INFO] [Worker-8] [host-a] Retrying job 809964 (attempt 3).
2025-11-17 08:50:59.001 [DEBUG] [Worker-1] [host-c] Checkpoint saved at offset 1196757.
2025-11-17 08:51:00.961 [INFO] [Worker-6] [host-b] Database connection timeout. Retrying...
2025-11-17 08:51:00.966 [INFO] [Worker-10] [host-a] Disk space warning: 59% used.
2025-11-17 08:51:01.241 [INFO] [Worker-8] [host-a] Released lock for resource res-file.
2025-11-17 08:51:02.435 [DEBUG] [Worker-8] [host-c] Disk space warning: 47% used.
2025-11-17 08:51:04.754 [DEBUG] [Worker-11] [host-a] Loaded configuration: maxWorkers=10; retryLimit=1.
2025-11-17 08:51:05.402 [INFO] [Worker-7] [host-b] Compacting storage segment 24.
2025-11-17 08:51:06.001 [WARN] [Worker-7] [host-b] Loaded configuration: maxWorkers=13; retryLimit=5.
2025-11-17 08:51:07.700 [INFO] [Worker-13] [host-a] Disk space warning: 57% used.
2025-11-17 08:51:12.408 [DEBUG] [Worker-7] [host-b] Compacting storage segment 24.
2025-11-17 08:51:12.780 [INFO] [Worker-4] [host-b] Disk space warning: 43% used.
2025-11-17 08:51:18.319 [INFO] [Worker-5] [host-c] Database connection established.
2025-11-17 08:51:20.264 [INFO] [Worker-2] [host-c] Heartbeat received.
2025-11-17 08:51:21.995 [CRITICAL] [Worker-1] [host-a] Unexpected exception in handler: UnauthorizedAccessException: access denied | StackTrace: at Worker.Process() in /src/worker/Processor.cs:line 222
2025-11-17 08:51:26.569 [CRITICAL] [Worker-8] [host-c] Retrying job 434545 (attempt 5).
2025-11-17 08:51:28.010 [INFO] [Worker-12] [host-b] Database connection timeout. Retrying...
2025-11-17 08:51:28.286 [ERROR] [Worker-14] [host-a] Invalid message format. Skipping.
2025-11-17 08:51:28.375 [WARN] [Worker-10] [host-c] Completed scheduled cleanup.
2025-11-17 08:51:30.763 [CRITICAL] [Worker-6] [host-c] Loaded configuration: maxWorkers=13; retryLimit=3.
2025-11-17 08:51:31.449 [DEBUG] [Worker-15] [host-a] Retrying job 869827 (attempt 2).
2025-11-17 08:51:33.919 [WARN] [Worker-13] [host-c] Enqueued job GenerateReport with id 604537.
2025-11-17 08:51:35.978 [INFO] [Worker-14] [host-a] Failed to process job 167798: AggregateException: one or more errors occurred
2025-11-17 08:51:36.203 [INFO] [Worker-14] [host-c] Disk space warning: 60% used.
2025-11-17 08:51:39.259 [ERROR] [Worker-10] [host-b] Retrying job 254475 (attempt 4). | StackTrace: at Worker.Process() in /src/worker/Processor.cs:line 360
2025-11-17 08:51:39.972 [DEBUG] [Worker-15] [host-c] Disk space warning: 50% used.
2025-11-17 08:51:40.937 [INFO] [Worker-13] [host-c] Database connection timeout. Retrying...
2025-11-17 08:51:43.174 [INFO] [Worker-4] [host-c] External API responded with status 400.
2025-11-17 08:51:45.596 [INFO] [Worker-15] [host-c] Disk space warning: 90% used.
2025-11-17 08:51:47.009 [INFO] [Worker-2] [host-b] Dequeueing 59 messages.
2025-11-17 08:51:51.775 [INFO] [Worker-13] [host-a] Enqueued job SendNotifications with id 360377.
2025-11-17 08:51:52.888 [INFO] [Worker-9] [host-c] Completed scheduled cleanup.
2025-11-17 08:51:53.863 [INFO] [Worker-11] [host-b] Shutting down gracefully.
2025-11-17 08:51:56.655 [WARN] [Worker-1] [host-a] Enqueued job CleanTempFiles with id 873697.
2025-11-17 08:51:56.881 [INFO] [Worker-5] [host-a] Unexpected exception in handler: SqlException: login failed
2025-11-17 08:52:01.523 [CRITICAL] [Worker-3] [host-c] Checkpoint saved at offset 1847336.
2025-11-17 08:52:03.862 [INFO] [Worker-11] [host-b] Acquired lock for resource res-file.
2025-11-17 08:52:09.446 [INFO] [Worker-6] [host-c] No jobs in queue. Sleeping.
2025-11-17 08:52:10.124 [WARN] [Worker-13] [host-b] Starting background task RefreshCache.
2025-11-17 08:52:14.228 [INFO] [Worker-11] [host-b] Failed to process job 975969: HttpRequestException: 502 Bad Gateway
2025-11-17 08:52:16.973 [INFO] [Worker-10] [host-a] Enqueued job CleanTempFiles with id 723320.
2025-11-17 08:52:17.647 [DEBUG] [Worker-11] [host-b] Completed scheduled cleanup.
2025-11-17 08:52:18.628 [INFO] [Worker-1] [host-c] Worker paused due to maintenance window.
2025-11-17 08:52:19.490 [INFO] [Worker-12] [host-c] Enqueued job SyncWithRemote with id 355545.
2025-11-17 08:52:21.263 [INFO] [Worker-6] [host-c] Job ProcessQueue completed in 1183 ms.
2025-11-17 08:52:25.977 [INFO] [Worker-7] [host-b] External API responded with status 503.
2025-11-17 08:52:30.089 [INFO] [Worker-2] [host-c] External API responded with status 202.
2025-11-17 08:52:33.468 [INFO] [Worker-9] [host-a] Database connection timeout. Retrying...
2025-11-17 08:52:34.398 [CRITICAL] [Worker-3] [host-a] Processing job 242964 of type SendNotifications.
2025-11-17 08:52:35.813 [WARN] [Worker-3] [host-a] Startup initialized.
2025-11-17 08:52:39.890 [INFO] [Worker-14] [host-c] Compacting storage segment 9.
2025-11-17 08:52:43.399 [ERROR] [Worker-12] [host-b] Completed scheduled cleanup.
2025-11-17 08:52:43.578 [DEBUG] [Worker-8] [host-c] Enqueued job SyncWithRemote with id 207541.
2025-11-17 08:52:44.462 [DEBUG] [Worker-14] [host-b] Invalid message format. Skipping.
2025-11-17 08:52:49.256 [CRITICAL] [Worker-8] [host-b] Starting background task CompactIndices.
2025-11-17 08:52:49.994 [INFO] [Worker-15] [host-a] Heartbeat received.
2025-11-17 08:52:55.675 [WARN] [Worker-3] [host-a] No jobs in queue. Sleeping.
2025-11-17 08:53:00.815 [INFO] [Worker-11] [host-c] Completed scheduled cleanup.
2025-11-17 08:53:05.058 [INFO] [Worker-1] [host-b] Loaded configuration: maxWorkers=2; retryLimit=4.
2025-11-17 08:53:07.562 [INFO] [Worker-11] [host-c] Failed to process job 958064: UnauthorizedAccessException: access denied
2025-11-17 08:53:09.051 [WARN] [Worker-4] [host-a] Enqueued job CleanTempFiles with id 341071.
2025-11-17 08:53:09.256 [WARN] [Worker-13] [host-c] Loaded configuration: maxWorkers=16; retryLimit=4.
2025-11-17 08:53:13.377 [INFO] [Worker-9] [host-c] Disk space warning: 70% used.
2025-11-17 08:53:19.201 [INFO] [Worker-11] [host-c] Retrying job 767329 (attempt 5).
2025-11-17 08:53:20.631 [INFO] [Worker-12] [host-b] Starting background task CompactIndices.
2025-11-17 08:53:25.102 [WARN] [Worker-14] [host-a] Checkpoint saved at offset 650656.
2025-11-17 08:53:26.937 [WARN] [Worker-12] [host-c] Cache cleared for tenant tenantA.
2025-11-17 08:53:31.849 [INFO] [Worker-14] [host-c] Processing job 577860 of type CleanTempFiles.
2025-11-17 08:53:36.027 [INFO] [Worker-3] [host-b] Loaded configuration: maxWorkers=8; retryLimit=5.
2025-11-17 08:53:38.903 [INFO] [Worker-3] [host-c] Invalid message format. Skipping.
2025-11-17 08:53:43.872 [INFO] [Worker-6] [host-b] Retrying job 808365 (attempt 1).
2025-11-17 08:53:44.203 [WARN] [Worker-11] [host-a] Failed to process job 249817: IOException: failed to write file
2025-11-17 08:53:46.918 [INFO] [Worker-11] [host-c] Database connection established.
2025-11-17 08:53:47.568 [TRACE] [Worker-3] [host-b] Startup initialized.
2025-11-17 08:53:47.958 [INFO] [Worker-5] [host-c] Startup initialized.
2025-11-17 08:53:48.655 [WARN] [Worker-4] [host-b] Processing job 835125 of type ProcessQueue.
2025-11-17 08:53:49.517 [WARN] [Worker-7] [host-c] Cache cleared for tenant tenantA.
2025-11-17 08:53:51.099 [ERROR] [Worker-1] [host-c] Compacting storage segment 21.
2025-11-17 08:53:53.028 [INFO] [Worker-15] [host-b] No jobs in queue. Sleeping.
2025-11-17 08:53:56.847 [WARN] [Worker-10] [host-b] Retrying job 441254 (attempt 5).
2025-11-17 08:54:00.359 [INFO] [Worker-3] [host-b] Acquired lock for resource res-file.
2025-11-17 08:54:03.531 [DEBUG] [Worker-4] [host-c] Invalid message format. Skipping.
2025-11-17 08:54:09.232 [ERROR] [Worker-2] [host-a] Database connection timeout. Retrying...
2025-11-17 08:54:09.539 [INFO] [Worker-14] [host-c] Cache cleared for tenant public.
2025-11-17 08:54:10.819 [ERROR] [Worker-2] [host-c] Compacting storage segment 40.
2025-11-17 08:54:13.987 [INFO] [Worker-10] [host-a] Invalid message format. Skipping.
2025-11-17 08:54:14.235 [INFO] [Worker-13] [host-a] Released lock for resource res-queue.
2025-11-17 08:54:16.026 [INFO] [Worker-5] [host-c] Checkpoint saved at offset 1830766.
2025-11-17 08:54:19.074 [TRACE] [Worker-11] [host-a] Failed to process job 924475: HttpRequestException: 502 Bad Gateway
2025-11-17 08:54:22.507 [INFO] [Worker-14] [host-a] Job SyncWithRemote completed in 3836 ms.
2025-11-17 08:54:22.832 [DEBUG] [Worker-8] [host-a] Database connection timeout. Retrying...
2025-11-17 08:54:27.970 [WARN] [Worker-6] [host-b] Disk space warning: 52% used.
2025-11-17 08:54:28.868 [INFO] [Worker-2] [host-a] Database connection timeout. Retrying...
2025-11-17 08:54:31.026 [INFO] [Worker-15] [host-b] Failed to process job 885055: NullReferenceException at Processor.Handle()
2025-11-17 08:54:32.023 [INFO] [Worker-10] [host-a] Completed scheduled cleanup.
2025-11-17 08:54:35.460 [DEBUG] [Worker-10] [host-c] Dequeueing 100 messages.
2025-11-17 08:54:40.003 [INFO] [Worker-12] [host-a] Released lock for resource res-file.
2025-11-17 08:54:41.499 [INFO] [Worker-2] [host-a] Heartbeat received.
2025-11-17 08:54:43.551 [WARN] [Worker-4] [host-b] Compacting storage segment 18.
2025-11-17 08:54:44.290 [WARN] [Worker-16] [host-c] Dequeueing 44 messages.
2025-11-17 08:54:44.528 [INFO] [Worker-16] [host-b] Cache cleared for tenant tenantC.
2025-11-17 08:54:48.052 [WARN] [Worker-6] [host-c] Starting background task RefreshCache.
2025-11-17 08:54:48.058 [ERROR] [Worker-13] [host-b] Released lock for resource res-file.
2025-11-17 08:54:48.686 [DEBUG] [Worker-8] [host-b] Heartbeat received.
2025-11-17 08:54:48.899 [WARN] [Worker-5] [host-b] Enqueued job ArchiveOldData with id 342076.
2025-11-17 08:54:50.023 [WARN] [Worker-7] [host-c] Invalid message format. Skipping.
2025-11-17 08:54:51.786 [ERROR] [Worker-2] [host-a] Checkpoint saved at offset 1850847.
2025-11-17 08:54:56.383 [ERROR] [Worker-11] [host-c] Database connection timeout. Retrying... | StackTrace: at Worker.Process() in /src/worker/Processor.cs:line 360
2025-11-17 08:54:57.245 [INFO] [Worker-13] [host-a] Heartbeat received.
2025-11-17 08:54:59.174 [INFO] [Worker-4] [host-b] Unexpected exception in handler: AggregateException: one or more errors occurred
2025-11-17 08:55:01.053 [INFO] [Worker-4] [host-a] Database connection timeout. Retrying...
2025-11-17 08:55:02.722 [INFO] [Worker-7] [host-c] Startup initialized.
2025-11-17 08:55:02.920 [INFO] [Worker-9] [host-b] Job ArchiveOldData completed in 57 ms.
2025-11-17 08:55:03.716 [INFO] [Worker-7] [host-b] Loaded configuration: maxWorkers=8; retryLimit=4.
2025-11-17 08:55:04.296 [WARN] [Worker-2] [host-a] Checkpoint saved at offset 1448896.
2025-11-17 08:55:04.395 [INFO] [Worker-8] [host-c] Starting background task ReportDaily.
2025-11-17 08:55:08.773 [INFO] [Worker-13] [host-a] Dequeueing 31 messages.
2025-11-17 08:55:09.288 [INFO] [Worker-1] [host-c] Startup initialized.
2025-11-17 08:55:13.325 [INFO] [Worker-15] [host-b] Released lock for resource res-queue.
2025-11-17 08:55:13.396 [TRACE] [Worker-6] [host-c] Enqueued job GenerateReport with id 486914.
2025-11-17 08:55:14.231 [INFO] [Worker-15] [host-a] External API responded with status 404.
2025-11-17 08:55:18.368 [INFO] [Worker-13] [host-c] Disk space warning: 78% used.
2025-11-17 08:55:18.665 [ERROR] [Worker-1] [host-b] Acquired lock for resource res-file.
2025-11-17 08:55:18.991 [WARN] [Worker-14] [host-b] Failed to process job 935651: SqlException: login failed
2025-11-17 08:55:24.526 [INFO] [Worker-16] [host-c] Invalid message format. Skipping.
2025-11-17 08:55:28.168 [INFO] [Worker-15] [host-b] Retrying job 191756 (attempt 4).
2025-11-17 08:55:30.424 [TRACE] [Worker-15] [host-a] Completed scheduled cleanup.
2025-11-17 08:55:31.253 [CRITICAL] [Worker-3] [host-b] Job ProcessQueue completed in 676 ms.
2025-11-17 08:55:31.737 [INFO] [Worker-15] [host-a] Database connection timeout. Retrying...
2025-11-17 08:55:31.967 [DEBUG] [Worker-2] [host-a] Completed scheduled cleanup.
2025-11-17 08:55:34.310 [INFO] [Worker-12] [host-a] Retrying job 653406 (attempt 4).
2025-11-17 08:55:34.581 [INFO] [Worker-8] [host-b] Shutting down gracefully.
2025-11-17 08:55:35.884 [INFO] [Worker-9] [host-c] Completed scheduled cleanup.
2025-11-17 08:55:36.087 [CRITICAL] [Worker-8] [host-b] No jobs in queue. Sleeping.
2025-11-17 08:55:37.873 [INFO] [Worker-11] [host-a] Unexpected exception in handler: TimeoutError: operation timed out
2025-11-17 08:55:38.484 [INFO] [Worker-15] [host-c] Released lock for resource res-queue.
2025-11-17 08:55:40.399 [INFO] [Worker-5] [host-b] Dequeueing 87 messages.
2025-11-17 08:55:41.294 [INFO] [Worker-13] [host-c] Compacting storage segment 31.
2025-11-17 08:55:46.799 [CRITICAL] [Worker-3] [host-c] Database connection timeout. Retrying...
2025-11-17 08:55:47.776 [INFO] [Worker-5] [host-b] Starting background task ReportDaily.
2025-11-17 08:55:49.473 [TRACE] [Worker-9] [host-a] Shutting down gracefully.
2025-11-17 08:55:54.180 [INFO] [Worker-11] [host-b] Compacting storage segment 11.
2025-11-17 08:55:54.811 [ERROR] [Worker-11] [host-c] Disk space warning: 57% used. | StackTrace: at Worker.Process() in /src/worker/Processor.cs:line 264
2025-11-17 08:55:55.244 [ERROR] [Worker-11] [host-a] Released lock for resource res-file.
2025-11-17 08:56:00.866 [INFO] [Worker-6] [host-c] Shutting down gracefully.
2025-11-17 08:56:01.529 [DEBUG] [Worker-11] [host-b] Starting background task ReportDaily.
2025-11-17 08:56:03.903 [INFO] [Worker-1] [host-c] Database connection timeout. Retrying...
2025-11-17 08:56:05.109 [INFO] [Worker-13] [host-a] Database connection timeout. Retrying...
2025-11-17 08:56:06.805 [DEBUG] [Worker-15] [host-a] Failed to process job 628651: UnauthorizedAccessException: access denied
2025-11-17 08:56:10.469 [WARN] [Worker-4] [host-a] Completed scheduled cleanup.
2025-11-17 08:56:11.720 [INFO] [Worker-1] [host-a] Invalid message format. Skipping.
2025-11-17 08:56:13.686 [INFO] [Worker-1] [host-c] Database connection established.
2025-11-17 08:56:16.620 [INFO] [Worker-12] [host-b] Heartbeat received.
2025-11-17 08:56:16.741 [DEBUG] [Worker-4] [host-a] Processing job 331797 of type SendNotifications.
2025-11-17 08:56:17.100 [DEBUG] [Worker-8] [host-a] Heartbeat received.
2025-11-17 08:56:20.297 [DEBUG] [Worker-2] [host-a] Compacting storage segment 7.
2025-11-17 08:56:25.160 [DEBUG] [Worker-16] [host-b] Released lock for resource res-queue.
2025-11-17 08:56:27.336 [INFO] [Worker-15] [host-a] Released lock for resource res-queue.
2025-11-17 08:56:27.828 [INFO] [Worker-3] [host-b] Cache cleared for tenant tenantA.
2025-11-17 08:56:28.289 [INFO] [Worker-1] [host-a] Enqueued job ArchiveOldData with id 681383.
2025-11-17 08:56:29.376 [INFO] [Worker-13] [host-c] Failed to process job 400899: HttpRequestException: 502 Bad Gateway
2025-11-17 08:56:31.011 [INFO] [Worker-16] [host-c] Unexpected exception in handler: IOException: failed to write file
2025-11-17 08:56:36.428 [TRACE] [Worker-12] [host-a] Enqueued job GenerateReport with id 872248.
2025-11-17 08:56:38.699 [ERROR] [Worker-14] [host-a] Starting background task RefreshCache.
2025-11-17 08:56:38.820 [INFO] [Worker-12] [host-c] Released lock for resource res-db.
2025-11-17 08:56:39.914 [INFO] [Worker-4] [host-c] Cache cleared for tenant tenantC.
2025-11-17 08:56:41.401 [TRACE] [Worker-15] [host-a] Job SyncWithRemote completed in 1595 ms.
2025-11-17 08:56:42.610 [INFO] [Worker-15] [host-c] Heartbeat received.
2025-11-17 08:56:47.825 [WARN] [Worker-14] [host-c] Database connection timeout. Retrying...
2025-11-17 08:56:48.584 [INFO] [Worker-10] [host-a] Checkpoint saved at offset 618774.
2025-11-17 08:56:54.405 [INFO] [Worker-3] [host-b] Worker paused due to maintenance window.
2025-11-17 08:56:59.425 [INFO] [Worker-12] [host-b] No jobs in queue. Sleeping.
2025-11-17 08:57:03.021 [WARN] [Worker-3] [host-b] Cache cleared for tenant tenantC.
2025-11-17 08:57:03.857 [INFO] [Worker-11] [host-a] Checkpoint saved at offset 895769.
2025-11-17 08:57:04.732 [INFO] [Worker-3] [host-b] Starting background task ReportDaily.
2025-11-17 08:57:08.287 [WARN] [Worker-7] [host-b] Dequeueing 21 messages.
2025-11-17 08:57:09.116 [INFO] [Worker-8] [host-a] Cache cleared for tenant tenantB.
2025-11-17 08:57:12.427 [DEBUG] [Worker-10] [host-c] Shutting down gracefully.
2025-11-17 08:57:14.183 [WARN] [Worker-9] [host-c] Compacting storage segment 43.
2025-11-17 08:57:16.565 [CRITICAL] [Worker-16] [host-c] Retrying job 972032 (attempt 4).
2025-11-17 08:57:16.840 [INFO] [Worker-5] [host-b] Retrying job 600622 (attempt 5).
2025-11-17 08:57:21.993 [DEBUG] [Worker-16] [host-a] Processing job 674888 of type SyncWithRemote.
2025-11-17 08:57:23.455 [INFO] [Worker-16] [host-c] Loaded configuration: maxWorkers=2; retryLimit=1.
2025-11-17 08:57:24.576 [DEBUG] [Worker-10] [host-a] Cache cleared for tenant tenantA.
2025-11-17 08:57:26.986 [INFO] [Worker-9] [host-a] External API responded with status 404.
2025-11-17 08:57:29.546 [INFO] [Worker-3] [host-c] Processing job 565379 of type SyncWithRemote.
2025-11-17 08:57:30.286 [INFO] [Worker-12] [host-c] Job GenerateReport completed in 4253 ms.
2025-11-17 08:57:30.618 [WARN] [Worker-16] [host-a] Heartbeat received.
2025-11-17 08:57:31.137 [INFO] [Worker-1] [host-a] Invalid message format. Skipping.
2025-11-17 08:57:36.420 [INFO] [Worker-3] [host-b] Failed to process job 286968: TimeoutError: operation timed out
2025-11-17 08:57:37.158 [CRITICAL] [Worker-16] [host-a] Database connection timeout. Retrying... | StackTrace: at Worker.Process() in /src/worker/Processor.cs:line 144
2025-11-17 08:57:37.200 [INFO] [Worker-8] [host-b] Dequeueing 96 messages.
2025-11-17 08:57:37.785 [INFO] [Worker-8] [host-a] Enqueued job ProcessQueue with id 163043.
2025-11-17 08:57:38.356 [INFO] [Worker-11] [host-c] Loaded configuration: maxWorkers=5; retryLimit=4.
2025-11-17 08:57:42.411 [DEBUG] [Worker-11] [host-b] External API responded with status 202.
2025-11-17 08:57:42.877 [INFO] [Worker-4] [host-b] Cache cleared for tenant tenantC.
2025-11-17 08:57:47.932 [INFO] [Worker-4] [host-c] Invalid message format. Skipping.
2025-11-17 08:57:53.398 [CRITICAL] [Worker-9] [host-c] Processing job 414441 of type CleanTempFiles.
2025-11-17 08:57:58.399 [INFO] [Worker-14] [host-b] External API responded with status 202.
2025-11-17 08:57:59.816 [WARN] [Worker-5] [host-c] Acquired lock for resource res-queue.
2025-11-17 08:58:00.039 [INFO] [Worker-12] [host-b] Startup initialized.
2025-11-17 08:58:02.765 [DEBUG] [Worker-11] [host-a] External API responded with status 400.
2025-11-17 08:58:05.785 [CRITICAL] [Worker-16] [host-b] Heartbeat received. | StackTrace: at Worker.Process() in /src/worker/Processor.cs:line 125
2025-11-17 08:58:10.314 [ERROR] [Worker-9] [host-a] Worker paused due to maintenance window.
2025-11-17 08:58:11.808 [INFO] [Worker-12] [host-c] Dequeueing 38 messages.
2025-11-17 08:58:12.432 [ERROR] [Worker-14] [host-b] Starting background task RefreshCache.
2025-11-17 08:58:13.433 [WARN] [Worker-11] [host-a] Retrying job 398132 (attempt 3).
2025-11-17 08:58:16.486 [WARN] [Worker-11] [host-b] Database connection established.
2025-11-17 08:58:20.925 [INFO] [Worker-6] [host-a] Released lock for resource res-file.
2025-11-17 08:58:26.320 [WARN] [Worker-14] [host-b] Retrying job 323595 (attempt 2).
2025-11-17 08:58:30.880 [WARN] [Worker-14] [host-a] Failed to process job 272921: IOException: failed to write file
2025-11-17 08:58:31.838 [INFO] [Worker-14] [host-c] Database connection established.
2025-11-17 08:58:31.999 [INFO] [Worker-6] [host-a] Failed to process job 160450: AggregateException: one or more errors occurred
2025-11-17 08:58:36.865 [CRITICAL] [Worker-7] [host-a] Compacting storage segment 17. | StackTrace: at Worker.Process() in /src/worker/Processor.cs:line 342
2025-11-17 08:58:38.121 [ERROR] [Worker-4] [host-a] Disk space warning: 88% used.
2025-11-17 08:58:39.234 [DEBUG] [Worker-1] [host-b] Database connection established.
2025-11-17 08:58:40.395 [TRACE] [Worker-13] [host-c] Worker paused due to maintenance window.
2025-11-17 08:58:44.974 [DEBUG] [Worker-12] [host-b] Released lock for resource res-file.
2025-11-17 08:58:47.456 [INFO] [Worker-16] [host-a] Startup initialized.
2025-11-17 08:58:47.592 [ERROR] [Worker-3] [host-b] Starting background task ReportDaily.
2025-11-17 08:58:52.617 [WARN] [Worker-4] [host-b] Failed to process job 744133: IOException: failed to write file
2025-11-17 08:58:55.837 [DEBUG] [Worker-7] [host-c] Heartbeat received.
2025-11-17 08:58:56.577 [INFO] [Worker-5] [host-a] Completed scheduled cleanup.
2025-11-17 08:58:56.698 [INFO] [Worker-1] [host-b] Heartbeat received.
2025-11-17 08:58:58.573 [WARN] [Worker-7] [host-c] Processing job 546858 of type SyncWithRemote.
2025-11-17 08:59:03.716 [WARN] [Worker-7] [host-c] Heartbeat received.
2025-11-17 08:59:05.628 [TRACE] [Worker-6] [host-c] Database connection timeout. Retrying...
2025-11-17 08:59:10.549 [DEBUG] [Worker-2] [host-a] Released lock for resource res-queue.
2025-11-17 08:59:15.197 [INFO] [Worker-1] [host-a] Failed to process job 527844: HttpRequestException: 502 Bad Gateway
2025-11-17 08:59:18.555 [TRACE] [Worker-14] [host-a] Startup initialized.
2025-11-17 08:59:22.384 [ERROR] [Worker-5] [host-c] Completed scheduled cleanup.
2025-11-17 08:59:25.653 [WARN] [Worker-3] [host-b] Invalid message format. Skipping.
2025-11-17 08:59:26.742 [INFO] [Worker-3] [host-b] No jobs in queue. Sleeping.
2025-11-17 08:59:31.425 [WARN] [Worker-3] [host-b] Unexpected exception in handler: NullReferenceException at Processor.Handle()
2025-11-17 08:59:35.680 [TRACE] [Worker-10] [host-b] Database connection timeout. Retrying...
2025-11-17 08:59:35.787 [WARN] [Worker-7] [host-b] No jobs in queue. Sleeping.
2025-11-17 08:59:36.810 [WARN] [Worker-4] [host-a] Job CleanTempFiles completed in 4213 ms.
2025-11-17 08:59:37.029 [INFO] [Worker-5] [host-a] Cache cleared for tenant public.
2025-11-17 08:59:41.166 [WARN] [Worker-4] [host-c] Enqueued job GenerateReport with id 676692.
2025-11-17 08:59:44.757 [CRITICAL] [Worker-10] [host-c] Database connection timeout. Retrying...
2025-11-17 08:59:46.755 [INFO] [Worker-1] [host-a] Startup initialized.
2025-11-17 08:59:51.711 [DEBUG] [Worker-13] [host-a] Worker paused due to maintenance window.
2025-11-17 08:59:53.705 [DEBUG] [Worker-2] [host-c] Disk space warning: 64% used.
2025-11-17 08:59:59.621 [ERROR] [Worker-1] [host-a] Shutting down gracefully. | StackTrace: at Worker.Process() in /src/worker/Processor.cs:line 259
2025-11-17 09:00:03.605 [INFO] [Worker-15] [host-a] Database connection established.
2025-11-17 09:00:03.935 [INFO] [Worker-7] [host-b] Database connection timeout. Retrying...
2025-11-17 09:00:06.385 [WARN] [Worker-13] [host-c] Failed to process job 796380: UnauthorizedAccessException: access denied
2025-11-17 09:00:09.457 [INFO] [Worker-8] [host-b] Starting background task ReportDaily.
2025-11-17 09:00:11.513 [INFO] [Worker-15] [host-a] Cache cleared for tenant tenantB.
2025-11-17 09:00:12.961 [TRACE] [Worker-2] [host-b] Released lock for resource res-db.
2025-11-17 09:00:14.330 [TRACE] [Worker-4] [host-c] Compacting storage segment 45.
2025-11-17 09:00:14.804 [INFO] [Worker-9] [host-a] Acquired lock for resource res-queue.
2025-11-17 09:00:17.022 [ERROR] [Worker-7] [host-b] Processing job 166648 of type CleanTempFiles.
2025-11-17 09:00:17.460 [INFO] [Worker-3] [host-a] Cache cleared for tenant public.
2025-11-17 09:00:17.524 [DEBUG] [Worker-13] [host-c] Retrying job 800219 (attempt 4).
2025-11-17 09:00:18.963 [INFO] [Worker-12] [host-a] Shutting down gracefully.
2025-11-17 09:00:19.034 [ERROR] [Worker-3] [host-a] Loaded configuration: maxWorkers=16; retryLimit=4.
2025-11-17 09:00:22.977 [INFO] [Worker-7] [host-b] Starting background task CompactIndices.
2025-11-17 09:00:24.900 [INFO] [Worker-8] [host-c] Released lock for resource res-file.
2025-11-17 09:00:28.021 [ERROR] [Worker-6] [host-b] Invalid message format. Skipping.
2025-11-17 09:00:28.357 [INFO] [Worker-6] [host-b] Loaded configuration: maxWorkers=8; retryLimit=3.
2025-11-17 09:00:28.469 [ERROR] [Worker-16] [host-b] Loaded configuration: maxWorkers=4; retryLimit=2.
2025-11-17 09:00:30.342 [ERROR] [Worker-1] [host-a] Completed scheduled cleanup. | StackTrace: at Worker.Process() in /src/worker/Processor.cs:line 147
2025-11-17 09:00:30.556 [INFO] [Worker-9] [host-a] Database connection timeout. Retrying...
2025-11-17 09:00:32.256 [INFO] [Worker-13] [host-b] Cache cleared for tenant tenantC.
2025-11-17 09:00:34.179 [INFO] [Worker-11] [host-a] External API responded with status 502.
2025-11-17 09:00:36.110 [WARN] [Worker-10] [host-b] Enqueued job CleanTempFiles with id 723618.
2025-11-17 09:00:36.566 [DEBUG] [Worker-3] [host-b] Heartbeat received.
2025-11-17 09:00:36.606 [DEBUG] [Worker-11] [host-a] Disk space warning: 44% used.
2025-11-17 09:00:41.250 [DEBUG] [Worker-5] [host-b] Checkpoint saved at offset 203694.
2025-11-17 09:00:45.937 [INFO] [Worker-1] [host-b] Invalid message format. Skipping.
2025-11-17 09:00:45.938 [INFO] [Worker-4] [host-a] Disk space warning: 45% used.
2025-11-17 09:00:47.610 [INFO] [Worker-10] [host-a] Shutting down gracefully.
2025-11-17 09:00:47.742 [TRACE] [Worker-11] [host-a] Failed to process job 629767: AggregateException: one or more errors occurred
2025-11-17 09:00:48.321 [CRITICAL] [Worker-10] [host-b] Starting background task ReportDaily.
2025-11-17 09:00:53.038 [TRACE] [Worker-10] [host-c] Invalid message format. Skipping.
2025-11-17 09:00:53.577 [CRITICAL] [Worker-1] [host-a] Released lock for resource res-db. | StackTrace: at Worker.Process() in /src/worker/Processor.cs:line 136
2025-11-17 09:00:55.989 [WARN] [Worker-4] [host-b] Completed scheduled cleanup.
2025-11-17 09:00:57.741 [INFO] [Worker-2] [host-c] Dequeueing 119 messages.
2025-11-17 09:00:58.127 [INFO] [Worker-14] [host-c] No jobs in queue. Sleeping.
2025-11-17 09:00:59.390 [INFO] [Worker-2] [host-b] Enqueued job CleanTempFiles with id 942608.
2025-11-17 09:00:59.969 [TRACE] [Worker-12] [host-b] Unexpected exception in handler: SqlException: login failed
2025-11-17 09:01:01.725 [ERROR] [Worker-9] [host-b] Released lock for resource res-db.
2025-11-17 09:01:02.127 [INFO] [Worker-16] [host-b] Retrying job 723286 (attempt 5).
2025-11-17 09:01:02.748 [INFO] [Worker-10] [host-b] Starting background task ReportDaily.
2025-11-17 09:01:04.100 [WARN] [Worker-15] [host-a] Disk space warning: 49% used.
2025-11-17 09:01:04.178 [WARN] [Worker-14] [host-c] Heartbeat received.
2025-11-17 09:01:06.681 [INFO] [Worker-9] [host-b] Heartbeat received.
2025-11-17 09:01:11.100 [DEBUG] [Worker-5] [host-b] Retrying job 911856 (attempt 1).
2025-11-17 09:01:15.101 [WARN] [Worker-7] [host-a] Enqueued job ProcessQueue with id 281718.
2025-11-17 09:01:18.116 [ERROR] [Worker-10] [host-b] Invalid message format. Skipping.
2025-11-17 09:01:18.783 [TRACE] [Worker-10] [host-b] Released lock for resource res-file.
2025-11-17 09:01:19.309 [DEBUG] [Worker-10] [host-b] Dequeueing 30 messages.
2025-11-17 09:01:20.249 [DEBUG] [Worker-7] [host-c] Dequeueing 94 messages.
2025-11-17 09:01:21.321 [INFO] [Worker-2] [host-a] Acquired lock for resource res-queue.
2025-11-17 09:01:23.302 [ERROR] [Worker-11] [host-b] Startup initialized.
2025-11-17 09:01:23.993 [INFO] [Worker-7] [host-c] Retrying job 160049 (attempt 1).
2025-11-17 09:01:27.374 [WARN] [Worker-11] [host-c] Startup initialized.
2025-11-17 09:01:30.127 [WARN] [Worker-7] [host-c] Job SendNotifications completed in 714 ms.
2025-11-17 09:01:30.738 [ERROR] [Worker-1] [host-a] External API responded with status 202.
2025-11-17 09:01:35.801 [DEBUG] [Worker-15] [host-b] Invalid message format. Skipping.
2025-11-17 09:01:39.326 [ERROR] [Worker-14] [host-a] Checkpoint saved at offset 687141. | StackTrace: at Worker.Process() in /src/worker/Processor.cs:line 132
2025-11-17 09:01:39.608 [TRACE] [Worker-5] [host-c] Startup initialized.
2025-11-17 09:01:44.517 [INFO] [Worker-7] [host-c] Unexpected exception in handler: SqlException: login failed
2025-11-17 09:01:45.165 [WARN] [Worker-1] [host-c] Database connection timeout. Retrying...
2025-11-17 09:01:45.445 [INFO] [Worker-16] [host-c] Processing job 267439 of type ProcessQueue.
2025-11-17 09:01:49.807 [WARN] [Worker-7] [host-c] Unexpected exception in handler: HttpRequestException: 502 Bad Gateway
2025-11-17 09:01:50.957 [INFO] [Worker-5] [host-a] Heartbeat received.
2025-11-17 09:01:52.101 [ERROR] [Worker-8] [host-a] Processing job 609450 of type ArchiveOldData. | StackTrace: at Worker.Process() in /src/worker/Processor.cs:line 298
2025-11-17 09:01:52.815 [WARN] [Worker-12] [host-b] Starting background task CompactIndices.
2025-11-17 09:01:55.437 [INFO] [Worker-10] [host-a] Enqueued job GenerateReport with id 166125.
2025-11-17 09:01:56.330 [INFO] [Worker-7] [host-b] Completed scheduled cleanup.
2025-11-17 09:01:58.030 [INFO] [Worker-5] [host-a] External API responded with status 502.
2025-11-17 09:01:58.198 [INFO] [Worker-7] [host-a] Starting background task CompactIndices.
2025-11-17 09:01:58.462 [INFO] [Worker-11] [host-b] External API responded with status 400.
2025-11-17 09:02:01.233 [DEBUG] [Worker-10] [host-a] Database connection timeout. Retrying...
2025-11-17 09:02:01.531 [ERROR] [Worker-5] [host-c] Starting background task CompactIndices.
2025-11-17 09:02:02.327 [INFO] [Worker-8] [host-b] Job ProcessQueue completed in 3950 ms.
2025-11-17 09:02:06.885 [INFO] [Worker-2] [host-c] Job GenerateReport completed in 4014 ms.
2025-11-17 09:02:08.769 [ERROR] [Worker-1] [host-c] No jobs in queue. Sleeping.
2025-11-17 09:02:09.052 [INFO] [Worker-10] [host-b] Completed scheduled cleanup.
2025-11-17 09:02:10.875 [INFO] [Worker-5] [host-a] Loaded configuration: maxWorkers=12; retryLimit=5.
2025-11-17 09:02:10.924 [DEBUG] [Worker-15] [host-b] Released lock for resource res-file.
2025-11-17 09:02:16.823 [DEBUG] [Worker-14] [host-c] Checkpoint saved at offset 1466005.
2025-11-17 09:02:19.382 [INFO] [Worker-2] [host-c] Starting background task RefreshCache.
2025-11-17 09:02:20.578 [INFO] [Worker-15] [host-c] Shutting down gracefully.
2025-11-17 09:02:22.509 [DEBUG] [Worker-15] [host-c] No jobs in queue. Sleeping.
2025-11-17 09:02:28.279 [TRACE] [Worker-14] [host-c] Completed scheduled cleanup.
2025-11-17 09:02:32.837 [INFO] [Worker-14] [host-c] Job SyncWithRemote completed in 2322 ms.
2025-11-17 09:02:32.957 [INFO] [Worker-12] [host-a] Enqueued job ArchiveOldData with id 176926.
2025-11-17 09:02:33.997 [INFO] [Worker-3] [host-a] Database connection timeout. Retrying...
2025-11-17 09:02:38.930 [INFO] [Worker-11] [host-b] Failed to process job 962248: NullReferenceException at Processor.Handle()
2025-11-17 09:02:41.948 [WARN] [Worker-10] [host-b] External API responded with status 201.
2025-11-17 09:02:44.674 [DEBUG] [Worker-8] [host-b] Processing job 162424 of type SendNotifications.
2025-11-17 09:02:48.749 [INFO] [Worker-14] [host-a] Released lock for resource res-queue.
2025-11-17 09:02:49.155 [DEBUG] [Worker-6] [host-a] External API responded with status 400.
2025-11-17 09:02:51.155 [INFO] [Worker-6] [host-a] Acquired lock for resource res-queue.
2025-11-17 09:02:52.633 [INFO] [Worker-5] [host-a] Startup initialized.
2025-11-17 09:02:58.405 [WARN] [Worker-14] [host-c] Disk space warning: 97% used.
2025-11-17 09:03:01.708 [WARN] [Worker-13] [host-c] Job ArchiveOldData completed in 530 ms.
2025-11-17 09:03:03.444 [ERROR] [Worker-16] [host-c] Checkpoint saved at offset 767173.
2025-11-17 09:03:07.104 [WARN] [Worker-11] [host-b] No jobs in queue. Sleeping.
2025-11-17 09:03:08.179 [INFO] [Worker-16] [host-b] Worker paused due to maintenance window.
2025-11-17 09:03:11.550 [INFO] [Worker-14] [host-a] Cache cleared for tenant public.
2025-11-17 09:03:13.594 [WARN] [Worker-2] [host-b] Worker paused due to maintenance window.
2025-11-17 09:03:15.153 [WARN] [Worker-9] [host-a] Failed to process job 822780: UnauthorizedAccessException: access denied
2025-11-17 09:03:15.246 [TRACE] [Worker-9] [host-a] Worker paused due to maintenance window.
2025-11-17 09:03:16.464 [INFO] [Worker-15] [host-c] Acquired lock for resource res-queue.
2025-11-17 09:03:16.708 [WARN] [Worker-14] [host-b] Released lock for resource res-file.
2025-11-17 09:03:18.722 [ERROR] [Worker-13] [host-b] Invalid message format. Skipping. | StackTrace: at Worker.Process() in /src/worker/Processor.cs:line 248
2025-11-17 09:03:19.661 [INFO] [Worker-10] [host-b] Disk space warning: 83% used.
2025-11-17 09:03:23.912 [DEBUG] [Worker-8] [host-b] Processing job 926057 of type ProcessQueue.
2025-11-17 09:03:24.362 [INFO] [Worker-12] [host-a] Startup initialized.
2025-11-17 09:03:25.799 [INFO] [Worker-6] [host-a] Enqueued job ProcessQueue with id 874598.
2025-11-17 09:03:29.359 [INFO] [Worker-15] [host-c] Disk space warning: 60% used.
2025-11-17 09:03:30.616 [DEBUG] [Worker-9] [host-b] Unexpected exception in handler: UnauthorizedAccessException: access denied
2025-11-17 09:03:36.584 [INFO] [Worker-11] [host-a] Starting background task ReportDaily.
2025-11-17 09:03:37.365 [TRACE] [Worker-8] [host-b] Heartbeat received.
2025-11-17 09:03:38.775 [INFO] [Worker-9] [host-a] Compacting storage segment 24.
2025-11-17 09:03:39.111 [INFO] [Worker-11] [host-b] Cache cleared for tenant tenantB.
2025-11-17 09:03:41.900 [ERROR] [Worker-15] [host-b] No jobs in queue. Sleeping.
2025-11-17 09:03:43.381 [DEBUG] [Worker-12] [host-b] Job ProcessQueue completed in 70 ms.
2025-11-17 09:03:44.329 [DEBUG] [Worker-5] [host-a] Cache cleared for tenant tenantC.
2025-11-17 09:03:46.975 [INFO] [Worker-11] [host-b] Dequeueing 108 messages.
2025-11-17 09:03:48.020 [WARN] [Worker-2] [host-c] Shutting down gracefully.
2025-11-17 09:03:48.028 [DEBUG] [Worker-9] [host-a] Enqueued job ArchiveOldData with id 985929.
2025-11-17 09:03:50.629 [INFO] [Worker-11] [host-c] Loaded configuration: maxWorkers=8; retryLimit=4.
2025-11-17 09:03:55.946 [WARN] [Worker-7] [host-a] Checkpoint saved at offset 1242298.
2025-11-17 09:04:01.398 [INFO] [Worker-1] [host-c] Processing job 225166 of type CleanTempFiles.
2025-11-17 09:04:05.297 [INFO] [Worker-11] [host-a] Cache cleared for tenant tenantC.
2025-11-17 09:04:05.985 [DEBUG] [Worker-1] [host-b] External API responded with status 503.
2025-11-17 09:04:06.250 [INFO] [Worker-6] [host-a] Retrying job 836621 (attempt 4).
2025-11-17 09:04:06.351 [INFO] [Worker-5] [host-a] Failed to process job 176985: IOException: failed to write file
2025-11-17 09:04:07.008 [WARN] [Worker-16] [host-b] External API responded with status 200.
2025-11-17 09:04:12.158 [DEBUG] [Worker-6] [host-c] Worker paused due to maintenance window.
2025-11-17 09:04:16.121 [ERROR] [Worker-6] [host-c] Processing job 240757 of type ProcessQueue.
2025-11-17 09:04:19.265 [INFO] [Worker-15] [host-c] Completed scheduled cleanup.
2025-11-17 09:04:22.529 [DEBUG] [Worker-12] [host-a] Database connection timeout. Retrying...
2025-11-17 09:04:23.117 [WARN] [Worker-2] [host-a] Worker paused due to maintenance window.
2025-11-17 09:04:23.564 [INFO] [Worker-13] [host-a] Startup initialized.
2025-11-17 09:04:25.476 [INFO] [Worker-13] [host-c] Startup initialized.
2025-11-17 09:04:27.114 [INFO] [Worker-4] [host-a] Acquired lock for resource res-file.
2025-11-17 09:04:27.354 [INFO] [Worker-6] [host-c] Checkpoint saved at offset 1839161.
2025-11-17 09:04:27.902 [INFO] [Worker-13] [host-c] Dequeueing 38 messages.
2025-11-17 09:04:28.726 [INFO] [Worker-5] [host-a] Startup initialized.
2025-11-17 09:04:29.026 [WARN] [Worker-2] [host-c] Heartbeat received.
2025-11-17 09:04:33.054 [INFO] [Worker-11] [host-a] Released lock for resource res-queue.
2025-11-17 09:04:33.489 [INFO] [Worker-15] [host-a] Job GenerateReport completed in 1635 ms.
2025-11-17 09:04:36.945 [DEBUG] [Worker-12] [host-b] Checkpoint saved at offset 263138.
2025-11-17 09:04:38.625 [DEBUG] [Worker-15] [host-c] Disk space warning: 82% used.
2025-11-17 09:04:39.948 [ERROR] [Worker-14] [host-c] Checkpoint saved at offset 293665.
2025-11-17 09:04:44.853 [ERROR] [Worker-12] [host-c] Invalid message format. Skipping.
2025-11-17 09:04:50.697 [WARN] [Worker-7] [host-b] Enqueued job SyncWithRemote with id 491511.
2025-11-17 09:04:51.823 [ERROR] [Worker-8] [host-b] Acquired lock for resource res-file.
2025-11-17 09:04:53.529 [INFO] [Worker-8] [host-b] No jobs in queue. Sleeping.
2025-11-17 09:04:55.798 [INFO] [Worker-2] [host-a] Disk space warning: 93% used.
2025-11-17 09:04:58.101 [WARN] [Worker-3] [host-b] Processing job 557846 of type SyncWithRemote.
2025-11-17 09:05:02.528 [INFO] [Worker-1] [host-a] Released lock for resource res-db.
2025-11-17 09:05:06.549 [DEBUG] [Worker-3] [host-a] Cache cleared for tenant tenantB.
2025-11-17 09:05:08.927 [DEBUG] [Worker-7] [host-c] Disk space warning: 43% used.
2025-11-17 09:05:09.232 [INFO] [Worker-4] [host-a] Invalid message format. Skipping.
2025-11-17 09:05:15.098 [ERROR] [Worker-13] [host-b] Cache cleared for tenant tenantA. | StackTrace: at Worker.Process() in /src/worker/Processor.cs:line 286
2025-11-17 09:05:16.733 [INFO] [Worker-3] [host-a] Disk space warning: 47% used.
2025-11-17 09:05:17.659 [DEBUG] [Worker-2] [host-c] Invalid message format. Skipping.
2025-11-17 09:05:17.815 [TRACE] [Worker-13] [host-c] Acquired lock for resource res-queue.
2025-11-17 09:05:18.484 [DEBUG] [Worker-5] [host-b] Dequeueing 112 messages.
2025-11-17 09:05:19.406 [ERROR] [Worker-2] [host-c] External API responded with status 201.
2025-11-17 09:05:19.857 [WARN] [Worker-12] [host-c] No jobs in queue. Sleeping.
2025-11-17 09:05:23.927 [INFO] [Worker-15] [host-a] Starting background task ReportDaily.
2025-11-17 09:05:27.347 [WARN] [Worker-7] [host-c] Checkpoint saved at offset 278834.
2025-11-17 09:05:31.105 [INFO] [Worker-13] [host-c] Completed scheduled cleanup.
2025-11-17 09:05:34.529 [INFO] [Worker-5] [host-a] Dequeueing 84 messages.
2025-11-17 09:05:39.642 [WARN] [Worker-11] [host-c] Worker paused due to maintenance window.
2025-11-17 09:05:42.597 [WARN] [Worker-10] [host-a] Cache cleared for tenant tenantA.
2025-11-17 09:05:46.686 [WARN] [Worker-6] [host-b] Invalid message format. Skipping.
2025-11-17 09:05:48.247 [INFO] [Worker-16] [host-c] Starting background task ReportDaily.
2025-11-17 09:05:48.405 [INFO] [Worker-2] [host-a] Loaded configuration: maxWorkers=13; retryLimit=4.
2025-11-17 09:05:48.503 [INFO] [Worker-16] [host-c] Startup initialized.
2025-11-17 09:05:48.769 [ERROR] [Worker-1] [host-a] Processing job 669821 of type ProcessQueue.
2025-11-17 09:05:52.104 [WARN] [Worker-15] [host-c] Worker paused due to maintenance window.
2025-11-17 09:05:53.826 [INFO] [Worker-7] [host-a] Completed scheduled cleanup.
2025-11-17 09:05:58.568 [DEBUG] [Worker-10] [host-a] Checkpoint saved at offset 919196.
2025-11-17 09:05:59.057 [INFO] [Worker-2] [host-b] Heartbeat received.
2025-11-17 09:05:59.866 [DEBUG] [Worker-8] [host-a] Disk space warning: 41% used.
2025-11-17 09:06:00.417 [TRACE] [Worker-3] [host-b] Startup initialized.
2025-11-17 09:06:01.492 [WARN] [Worker-13] [host-a] Disk space warning: 55% used.
2025-11-17 09:06:02.288 [INFO] [Worker-16] [host-a] Acquired lock for resource res-queue.
2025-11-17 09:06:03.245 [INFO] [Worker-16] [host-b] Invalid message format. Skipping.
2025-11-17 09:06:05.866 [INFO] [Worker-3] [host-c] Invalid message format. Skipping.
2025-11-17 09:06:10.996 [INFO] [Worker-1] [host-b] Released lock for resource res-file.
2025-11-17 09:06:15.618 [INFO] [Worker-12] [host-b] Released lock for resource res-file.
2025-11-17 09:06:16.434 [DEBUG] [Worker-3] [host-a] Retrying job 492333 (attempt 4).
2025-11-17 09:06:17.338 [WARN] [Worker-1] [host-c] Processing job 761220 of type SyncWithRemote.
2025-11-17 09:06:20.014 [ERROR] [Worker-14] [host-c] Dequeueing 116 messages.
2025-11-17 09:06:20.479 [DEBUG] [Worker-3] [host-c] Database connection established.
2025-11-17 09:06:20.555 [WARN] [Worker-4] [host-a] Released lock for resource res-file.
2025-11-17 09:06:20.685 [DEBUG] [Worker-16] [host-c] Invalid message format. Skipping.
2025-11-17 09:06:23.914 [INFO] [Worker-11] [host-a] Enqueued job GenerateReport with id 682278.
2025-11-17 09:06:24.444 [WARN] [Worker-6] [host-c] Failed to process job 367168: HttpRequestException: 502 Bad Gateway
2025-11-17 09:06:24.577 [DEBUG] [Worker-1] [host-c] Failed to process job 593779: AggregateException: one or more errors occurred
2025-11-17 09:06:24.847 [TRACE] [Worker-6] [host-b] Retrying job 180765 (attempt 3).
2025-11-17 09:06:26.529 [INFO] [Worker-14] [host-a] Database connection timeout. Retrying...
2025-11-17 09:06:27.728 [INFO] [Worker-2] [host-a] Starting background task ReportDaily.
2025-11-17 09:06:29.350 [INFO] [Worker-16] [host-b] Worker paused due to maintenance window.
2025-11-17 09:06:33.420 [INFO] [Worker-16] [host-a] Checkpoint saved at offset 1650120.
2025-11-17 09:06:36.072 [INFO] [Worker-15] [host-c] Job CleanTempFiles completed in 1441 ms.
2025-11-17 09:06:36.669 [INFO] [Worker-12] [host-b] Disk space warning: 52% used.
2025-11-17 09:06:41.496 [ERROR] [Worker-9] [host-a] Starting background task ReportDaily.
2025-11-17 09:06:43.571 [ERROR] [Worker-8] [host-b] Job ArchiveOldData completed in 486 ms.
2025-11-17 09:06:44.408 [WARN] [Worker-7] [host-a] Retrying job 689739 (attempt 1).
2025-11-17 09:06:45.011 [INFO] [Worker-8] [host-b] Dequeueing 38 messages.
2025-11-17 09:06:47.002 [WARN] [Worker-3] [host-b] Database connection established.
2025-11-17 09:06:47.212 [INFO] [Worker-7] [host-a] Released lock for resource res-file.
2025-11-17 09:06:48.056 [INFO] [Worker-1] [host-a] Startup initialized.
2025-11-17 09:06:50.242 [DEBUG] [Worker-15] [host-b] Job SendNotifications completed in 3533 ms.
2025-11-17 09:06:50.996 [INFO] [Worker-8] [host-a] Unexpected exception in handler: UnauthorizedAccessException: access denied
2025-11-17 09:06:51.021 [INFO] [Worker-10] [host-a] Invalid message format. Skipping.
2025-11-17 09:06:56.730 [WARN] [Worker-14] [host-c] Heartbeat received.
2025-11-17 09:07:02.042 [TRACE] [Worker-12] [host-a] External API responded with status 502.
2025-11-17 09:07:04.638 [INFO] [Worker-7] [host-b] Compacting storage segment 48.
2025-11-17 09:07:05.870 [TRACE] [Worker-5] [host-c] Acquired lock for resource res-queue.
2025-11-17 09:07:06.433 [WARN] [Worker-9] [host-a] Shutting down gracefully.
2025-11-17 09:07:08.035 [INFO] [Worker-3] [host-b] Shutting down gracefully.
2025-11-17 09:07:12.551 [TRACE] [Worker-8] [host-c] Startup initialized.
2025-11-17 09:07:12.774 [INFO] [Worker-6] [host-a] Job SyncWithRemote completed in 2485 ms.
2025-11-17 09:07:17.951 [INFO] [Worker-13] [host-c] Retrying job 412302 (attempt 4).
2025-11-17 09:07:17.963 [INFO] [Worker-5] [host-c] Processing job 862715 of type CleanTempFiles.
2025-11-17 09:07:22.801 [DEBUG] [Worker-14] [host-c] Starting background task RefreshCache.
2025-11-17 09:07:24.662 [INFO] [Worker-10] [host-a] Job ArchiveOldData completed in 1773 ms.
2025-11-17 09:07:26.579 [INFO] [Worker-14] [host-a] Starting background task CompactIndices.
2025-11-17 09:07:29.767 [INFO] [Worker-8] [host-b] Starting background task ReportDaily.
2025-11-17 09:07:30.240 [WARN] [Worker-15] [host-c] Checkpoint saved at offset 680278.
2025-11-17 09:07:33.464 [ERROR] [Worker-7] [host-b] Worker paused due to maintenance window.
2025-11-17 09:07:33.707 [WARN] [Worker-12] [host-c] Starting background task CompactIndices.
2025-11-17 09:07:35.562 [CRITICAL] [Worker-9] [host-c] Acquired lock for resource res-db.
2025-11-17 09:07:37.596 [INFO] [Worker-16] [host-c] Starting background task RefreshCache.
2025-11-17 09:07:43.314 [INFO] [Worker-3] [host-a] Acquired lock for resource res-file.
2025-11-17 09:07:44.240 [DEBUG] [Worker-1] [host-a] Dequeueing 33 messages.
2025-11-17 09:07:44.847 [INFO] [Worker-1] [host-a] Disk space warning: 92% used.
2025-11-17 09:07:45.507 [DEBUG] [Worker-11] [host-c] Failed to process job 931956: SqlException: login failed
2025-11-17 09:07:48.397 [DEBUG] [Worker-2] [host-a] Database connection established.
2025-11-17 09:07:48.776 [WARN] [Worker-4] [host-c] No jobs in queue. Sleeping.
2025-11-17 09:07:51.676 [INFO] [Worker-15] [host-a] Loaded configuration: maxWorkers=2; retryLimit=1.
2025-11-17 09:07:57.467 [INFO] [Worker-7] [host-b] Unexpected exception in handler: IOException: failed to write file
2025-11-17 09:07:58.297 [INFO] [Worker-5] [host-c] Compacting storage segment 29.
2025-11-17 09:07:59.320 [INFO] [Worker-11] [host-c] Job SyncWithRemote completed in 2683 ms.
2025-11-17 09:08:04.610 [INFO] [Worker-15] [host-b] Invalid message format. Skipping.
2025-11-17 09:08:05.317 [TRACE] [Worker-3] [host-a] Database connection timeout. Retrying...
2025-11-17 09:08:06.738 [WARN] [Worker-7] [host-c] Acquired lock for resource res-queue.
2025-11-17 09:08:12.736 [WARN] [Worker-16] [host-a] No jobs in queue. Sleeping.
2025-11-17 09:08:18.030 [WARN] [Worker-6] [host-c] Released lock for resource res-file.
2025-11-17 09:08:19.262 [INFO] [Worker-8] [host-b] Startup initialized.
2025-11-17 09:08:23.560 [DEBUG] [Worker-16] [host-a] Checkpoint saved at offset 1829873.
2025-11-17 09:08:23.657 [INFO] [Worker-11] [host-b] Worker paused due to maintenance window.
2025-11-17 09:08:28.519 [INFO] [Worker-5] [host-a] Completed scheduled cleanup.
2025-11-17 09:08:28.618 [INFO] [Worker-1] [host-b] Loaded configuration: maxWorkers=7; retryLimit=2.
2025-11-17 09:08:33.951 [INFO] [Worker-9] [host-c] Released lock for resource res-file.
2025-11-17 09:08:39.350 [INFO] [Worker-6] [host-c] Disk space warning: 76% used.
2025-11-17 09:08:39.984 [INFO] [Worker-16] [host-a] Compacting storage segment 7.
2025-11-17 09:08:41.452 [INFO] [Worker-8] [host-b] Shutting down gracefully.
2025-11-17 09:08:45.419 [DEBUG] [Worker-9] [host-a] Processing job 541681 of type ProcessQueue.
2025-11-17 09:08:48.724 [DEBUG] [Worker-2] [host-a] Shutting down gracefully.
2025-11-17 09:08:53.370 [INFO] [Worker-14] [host-b] Retrying job 745711 (attempt 3).
2025-11-17 09:08:55.694 [DEBUG] [Worker-10] [host-a] Worker paused due to maintenance window.
2025-11-17 09:08:59.364 [DEBUG] [Worker-4] [host-b] Disk space warning: 69% used.
2025-11-17 09:09:01.105 [INFO] [Worker-16] [host-a] Shutting down gracefully.
2025-11-17 09:09:01.427 [ERROR] [Worker-8] [host-b] Database connection established. | StackTrace: at Worker.Process() in /src/worker/Processor.cs:line 306
2025-11-17 09:09:03.066 [WARN] [Worker-11] [host-b] Completed scheduled cleanup.
2025-11-17 09:09:05.778 [WARN] [Worker-3] [host-c] Startup initialized.
2025-11-17 09:09:07.033 [ERROR] [Worker-16] [host-a] Disk space warning: 64% used.
2025-11-17 09:09:08.955 [INFO] [Worker-7] [host-a] Shutting down gracefully.
2025-11-17 09:09:08.977 [WARN] [Worker-9] [host-c] Database connection timeout. Retrying...
2025-11-17 09:09:10.771 [INFO] [Worker-8] [host-b] Cache cleared for tenant tenantB.
2025-11-17 09:09:12.601 [INFO] [Worker-13] [host-b] No jobs in queue. Sleeping.
2025-11-17 09:09:15.686 [INFO] [Worker-13] [host-c] Unexpected exception in handler: UnauthorizedAccessException: access denied
2025-11-17 09:09:20.875 [INFO] [Worker-9] [host-a] Failed to process job 596253: HttpRequestException: 502 Bad Gateway
2025-11-17 09:09:24.262 [INFO] [Worker-8] [host-a] No jobs in queue. Sleeping.
2025-11-17 09:09:25.900 [ERROR] [Worker-2] [host-a] Failed to process job 442917: UnauthorizedAccessException: access denied
2025-11-17 09:09:28.266 [INFO] [Worker-4] [host-a] Database connection timeout. Retrying...
2025-11-17 09:09:29.175 [TRACE] [Worker-10] [host-a] Compacting storage segment 49.
2025-11-17 09:09:30.291 [INFO] [Worker-12] [host-b] Disk space warning: 83% used.
2025-11-17 09:09:32.091 [INFO] [Worker-12] [host-c] Database connection timeout. Retrying...
2025-11-17 09:09:32.849 [WARN] [Worker-11] [host-a] External API responded with status 401.
2025-11-17 09:09:36.310 [INFO] [Worker-9] [host-b] Starting background task RefreshCache.
2025-11-17 09:09:40.887 [ERROR] [Worker-16] [host-b] No jobs in queue. Sleeping. | StackTrace: at Worker.Process() in /src/worker/Processor.cs:line 391
2025-11-17 09:09:41.296 [WARN] [Worker-6] [host-b] Heartbeat received.
2025-11-17 09:09:43.764 [DEBUG] [Worker-3] [host-c] Database connection established.
2025-11-17 09:09:44.179 [DEBUG] [Worker-13] [host-b] Cache cleared for tenant public.
2025-11-17 09:09:49.140 [INFO] [Worker-10] [host-a] Database connection established.
2025-11-17 09:09:50.299 [DEBUG] [Worker-14] [host-a] Compacting storage segment 39.
2025-11-17 09:09:51.343 [INFO] [Worker-13] [host-b] Acquired lock for resource res-db.
2025-11-17 09:09:55.880 [INFO] [Worker-8] [host-c] Checkpoint saved at offset 976386.
2025-11-17 09:09:57.848 [WARN] [Worker-7] [host-a] Database connection established.
2025-11-17 09:09:58.153 [TRACE] [Worker-16] [host-a] Startup initialized.
2025-11-17 09:09:59.131 [INFO] [Worker-2] [host-a] Cache cleared for tenant tenantA.
2025-11-17 09:10:01.184 [INFO] [Worker-11] [host-c] Failed to process job 164932: NullReferenceException at Processor.Handle()
2025-11-17 09:10:04.501 [WARN] [Worker-2] [host-a] Retrying job 678384 (attempt 3).
2025-11-17 09:10:09.849 [INFO] [Worker-11] [host-a] Acquired lock for resource res-queue.
2025-11-17 09:10:10.950 [INFO] [Worker-16] [host-a] Acquired lock for resource res-file.
2025-11-17 09:10:11.722 [WARN] [Worker-3] [host-a] Database connection established.
2025-11-17 09:10:16.069 [INFO] [Worker-16] [host-b] Invalid message format. Skipping.
2025-11-17 09:10:19.442 [ERROR] [Worker-11] [host-a] Unexpected exception in handler: HttpRequestException: 502 Bad Gateway | StackTrace: at Worker.Process() in /src/worker/Processor.cs:line 130
2025-11-17 09:10:19.903 [INFO] [Worker-12] [host-b] Database connection established.
2025-11-17 09:10:22.021 [INFO] [Worker-15] [host-b] Retrying job 460005 (attempt 3).
2025-11-17 09:10:22.378 [ERROR] [Worker-3] [host-a] Loaded configuration: maxWorkers=12; retryLimit=3.
2025-11-17 09:10:22.907 [INFO] [Worker-9] [host-c] Disk space warning: 62% used.
2025-11-17 09:10:23.964 [INFO] [Worker-12] [host-a] Shutting down gracefully.
2025-11-17 09:10:24.874 [WARN] [Worker-2] [host-c] Invalid message format. Skipping.
2025-11-17 09:10:28.535 [INFO] [Worker-4] [host-a] Starting background task ReportDaily.
2025-11-17 09:10:31.525 [INFO] [Worker-7] [host-c] Compacting storage segment 15.
2025-11-17 09:10:34.152 [TRACE] [Worker-6] [host-b] Completed scheduled cleanup.
2025-11-17 09:10:36.758 [INFO] [Worker-1] [host-c] Starting background task ReportDaily.
2025-11-17 09:10:37.480 [INFO] [Worker-6] [host-c] No jobs in queue. Sleeping.
2025-11-17 09:10:38.887 [DEBUG] [Worker-12] [host-b] Retrying job 443679 (attempt 2).
2025-11-17 09:10:42.680 [WARN] [Worker-1] [host-c] Heartbeat received.
2025-11-17 09:10:46.076 [INFO] [Worker-15] [host-a] No jobs in queue. Sleeping.
2025-11-17 09:10:49.216 [DEBUG] [Worker-7] [host-a] Shutting down gracefully.
2025-11-17 09:10:50.144 [INFO] [Worker-2] [host-b] Processing job 356374 of type GenerateReport.
2025-11-17 09:10:53.935 [CRITICAL] [Worker-9] [host-b] Database connection established. | StackTrace: at Worker.Process() in /src/worker/Processor.cs:line 358
2025-11-17 09:10:59.295 [CRITICAL] [Worker-12] [host-c] Acquired lock for resource res-file. | StackTrace: at Worker.Process() in /src/worker/Processor.cs:line 330
2025-11-17 09:10:59.922 [INFO] [Worker-1] [host-c] External API responded with status 403.
2025-11-17 09:11:04.380 [INFO] [Worker-15] [host-a] Processing job 554168 of type ArchiveOldData.
2025-11-17 09:11:04.751 [WARN] [Worker-8] [host-a] Enqueued job SendNotifications with id 657861.
2025-11-17 09:11:05.653 [CRITICAL] [Worker-2] [host-b] Failed to process job 973444: HttpRequestException: 502 Bad Gateway | StackTrace: at Worker.Process() in /src/worker/Processor.cs:line 402
2025-11-17 09:11:10.465 [WARN] [Worker-3] [host-b] Enqueued job ArchiveOldData with id 262809.
2025-11-17 09:11:11.679 [INFO] [Worker-4] [host-a] Startup initialized.
2025-11-17 09:11:16.301 [INFO] [Worker-9] [host-b] Job ProcessQueue completed in 2412 ms.
2025-11-17 09:11:16.608 [TRACE] [Worker-4] [host-a] Startup initialized.
2025-11-17 09:11:22.220 [INFO] [Worker-13] [host-b] Retrying job 656784 (attempt 3).
2025-11-17 09:11:22.336 [WARN] [Worker-16] [host-b] Unexpected exception in handler: IOException: failed to write file
2025-11-17 09:11:22.868 [DEBUG] [Worker-4] [host-a] Dequeueing 16 messages.
2025-11-17 09:11:27.662 [INFO] [Worker-9] [host-b] Checkpoint saved at offset 663968.
2025-11-17 09:11:27.695 [INFO] [Worker-10] [host-a] Enqueued job SyncWithRemote with id 863399.
2025-11-17 09:11:32.318 [INFO] [Worker-8] [host-b] Failed to process job 950290: UnauthorizedAccessException: access denied
2025-11-17 09:11:34.303 [WARN] [Worker-10] [host-a] Shutting down gracefully.
2025-11-17 09:11:39.406 [DEBUG] [Worker-7] [host-b] Dequeueing 72 messages.
2025-11-17 09:11:44.664 [DEBUG] [Worker-13] [host-b] Completed scheduled cleanup.
2025-11-17 09:11:44.688 [DEBUG] [Worker-13] [host-c] Retrying job 199689 (attempt 4).
2025-11-17 09:11:48.188 [INFO] [Worker-13] [host-a] Retrying job 872142 (attempt 2).
2025-11-17 09:11:53.991 [INFO] [Worker-8] [host-c] Checkpoint saved at offset 1513992.
2025-11-17 09:11:54.986 [DEBUG] [Worker-8] [host-c] Completed scheduled cleanup.
2025-11-17 09:11:55.400 [INFO] [Worker-16] [host-b] Retrying job 680039 (attempt 5).
2025-11-17 09:11:59.298 [INFO] [Worker-11] [host-c] Loaded configuration: maxWorkers=9; retryLimit=1.
2025-11-17 09:12:02.923 [ERROR] [Worker-9] [host-c] Invalid message format. Skipping. | StackTrace: at Worker.Process() in /src/worker/Processor.cs:line 313
2025-11-17 09:12:04.333 [TRACE] [Worker-13] [host-c] Disk space warning: 50% used.
2025-11-17 09:12:09.892 [CRITICAL] [Worker-9] [host-a] No jobs in queue. Sleeping. | StackTrace: at Worker.Process() in /src/worker/Processor.cs:line 207
2025-11-17 09:12:11.271 [ERROR] [Worker-9] [host-a] Acquired lock for resource res-queue. | StackTrace: at Worker.Process() in /src/worker/Processor.cs:line 307
2025-11-17 09:12:13.073 [INFO] [Worker-1] [host-b] Compacting storage segment 24.
2025-11-17 09:12:14.809 [INFO] [Worker-11] [host-a] Acquired lock for resource res-db.
2025-11-17 09:12:15.922 [ERROR] [Worker-2] [host-c] Starting background task CompactIndices. | StackTrace: at Worker.Process() in /src/worker/Processor.cs:line 276
2025-11-17 09:12:20.727 [TRACE] [Worker-12] [host-b] Unexpected exception in handler: NullReferenceException at Processor.Handle()
2025-11-17 09:12:25.738 [INFO] [Worker-6] [host-a] Loaded configuration: maxWorkers=14; retryLimit=2.
2025-11-17 09:12:27.410 [ERROR] [Worker-2] [host-c] No jobs in queue. Sleeping. | StackTrace: at Worker.Process() in /src/worker/Processor.cs:line 122
2025-11-17 09:12:33.287 [INFO] [Worker-1] [host-c] Unexpected exception in handler: HttpRequestException: 502 Bad Gateway
2025-11-17 09:12:34.735 [INFO] [Worker-13] [host-a] Database connection timeout. Retrying...
2025-11-17 09:12:35.747 [INFO] [Worker-6] [host-b] Dequeueing 57 messages.
2025-11-17 09:12:36.268 [DEBUG] [Worker-9] [host-c] Loaded configuration: maxWorkers=15; retryLimit=3.
2025-11-17 09:12:37.988 [INFO] [Worker-14] [host-a] Completed scheduled cleanup.
2025-11-17 09:12:38.894 [INFO] [Worker-10] [host-c] Released lock for resource res-file.
2025-11-17 09:12:40.347 [INFO] [Worker-10] [host-c] Loaded configuration: maxWorkers=10; retryLimit=4.
2025-11-17 09:12:43.291 [WARN] [Worker-2] [host-b] External API responded with status 200.
2025-11-17 09:12:44.958 [DEBUG] [Worker-12] [host-a] Enqueued job SyncWithRemote with id 768278.
2025-11-17 09:12:50.042 [INFO] [Worker-12] [host-a] Unexpected exception in handler: UnauthorizedAccessException: access denied
2025-11-17 09:12:50.801 [WARN] [Worker-1] [host-c] Heartbeat received.
2025-11-17 09:12:53.038 [INFO] [Worker-5] [host-b] Retrying job 300573 (attempt 1).
2025-11-17 09:12:53.064 [INFO] [Worker-2] [host-a] Checkpoint saved at offset 379776.
2025-11-17 09:12:56.317 [WARN] [Worker-8] [host-b] Retrying job 512125 (attempt 5).
2025-11-17 09:13:00.314 [INFO] [Worker-15] [host-a] Checkpoint saved at offset 1290372.
2025-11-17 09:13:04.511 [INFO] [Worker-10] [host-c] External API responded with status 202.
2025-11-17 09:13:04.960 [WARN] [Worker-16] [host-a] Acquired lock for resource res-file.
2025-11-17 09:13:07.260 [DEBUG] [Worker-16] [host-c] Job GenerateReport completed in 1690 ms.
2025-11-17 09:13:10.068 [INFO] [Worker-3] [host-a] Disk space warning: 70% used.
2025-11-17 09:13:11.453 [DEBUG] [Worker-11] [host-b] Released lock for resource res-queue.
2025-11-17 09:13:11.845 [DEBUG] [Worker-16] [host-b] Enqueued job GenerateReport with id 400270.
2025-11-17 09:13:13.050 [TRACE] [Worker-12] [host-c] Database connection timeout. Retrying...
2025-11-17 09:13:17.008 [WARN] [Worker-15] [host-a] Startup initialized.
2025-11-17 09:13:17.307 [ERROR] [Worker-13] [host-b] External API responded with status 202. | StackTrace: at Worker.Process() in /src/worker/Processor.cs:line 338
2025-11-17 09:13:19.773 [DEBUG] [Worker-13] [host-a] Released lock for resource res-file.
2025-11-17 09:13:20.723 [INFO] [Worker-4] [host-b] Heartbeat received.
2025-11-17 09:13:23.191 [INFO] [Worker-8] [host-a] Compacting storage segment 13.
2025-11-17 09:13:23.355 [WARN] [Worker-12] [host-b] Database connection established.
2025-11-17 09:13:25.096 [INFO] [Worker-15] [host-a] Worker paused due to maintenance window.
2025-11-17 09:13:25.164 [DEBUG] [Worker-12] [host-b] Dequeueing 78 messages.
2025-11-17 09:13:30.880 [ERROR] [Worker-12] [host-b] Enqueued job ProcessQueue with id 144361.
2025-11-17 09:13:33.185 [DEBUG] [Worker-10] [host-b] Checkpoint saved at offset 837251.
2025-11-17 09:13:33.318 [INFO] [Worker-10] [host-c] Released lock for resource res-file.
2025-11-17 09:13:34.135 [INFO] [Worker-12] [host-a] Acquired lock for resource res-file.
2025-11-17 09:13:36.480 [DEBUG] [Worker-3] [host-b] Job ArchiveOldData completed in 3748 ms.
2025-11-17 09:13:37.623 [DEBUG] [Worker-16] [host-c] Released lock for resource res-queue.
2025-11-17 09:13:40.808 [WARN] [Worker-12] [host-c] Cache cleared for tenant public.
2025-11-17 09:13:43.769 [INFO] [Worker-8] [host-b] Disk space warning: 60% used.
2025-11-17 09:13:49.559 [WARN] [Worker-6] [host-a] Checkpoint saved at offset 497638.
2025-11-17 09:13:51.541 [WARN] [Worker-9] [host-c] Heartbeat received.
2025-11-17 09:13:57.341 [INFO] [Worker-2] [host-a] Disk space warning: 88% used.
2025-11-17 09:13:58.414 [DEBUG] [Worker-13] [host-a] Database connection established.
2025-11-17 09:14:02.511 [INFO] [Worker-1] [host-c] Loaded configuration: maxWorkers=11; retryLimit=5.
2025-11-17 09:14:02.780 [WARN] [Worker-12] [host-c] Processing job 758680 of type SyncWithRemote.
2025-11-17 09:14:06.901 [WARN] [Worker-10] [host-b] Heartbeat received.
2025-11-17 09:14:11.881 [INFO] [Worker-7] [host-b] External API responded with status 201.
2025-11-17 09:14:17.539 [TRACE] [Worker-11] [host-a] Database connection established.
2025-11-17 09:14:17.845 [INFO] [Worker-14] [host-b] Disk space warning: 46% used.
2025-11-17 09:14:18.541 [INFO] [Worker-13] [host-a] Disk space warning: 89% used.
2025-11-17 09:14:22.099 [INFO] [Worker-5] [host-c] Disk space warning: 40% used.
2025-11-17 09:14:22.749 [WARN] [Worker-16] [host-b] Released lock for resource res-file.
2025-11-17 09:14:26.674 [INFO] [Worker-6] [host-b] Dequeueing 119 messages.
2025-11-17 09:14:30.606 [DEBUG] [Worker-15] [host-a] Unexpected exception in handler: TimeoutError: operation timed out
2025-11-17 09:14:34.114 [INFO] [Worker-10] [host-b] Heartbeat received.
2025-11-17 09:14:38.612 [WARN] [Worker-9] [host-a] Failed to process job 656762: NullReferenceException at Processor.Handle()
2025-11-17 09:14:44.472 [INFO] [Worker-3] [host-b] Dequeueing 31 messages.
2025-11-17 09:14:46.374 [INFO] [Worker-9] [host-b] Checkpoint saved at offset 1548291.
2025-11-17 09:14:48.950 [WARN] [Worker-6] [host-b] Checkpoint saved at offset 957103.
2025-11-17 09:14:49.319 [TRACE] [Worker-15] [host-a] Shutting down gracefully.
2025-11-17 09:14:49.712 [ERROR] [Worker-3] [host-b] Database connection established.
2025-11-17 09:14:49.895 [DEBUG] [Worker-14] [host-c] Loaded configuration: maxWorkers=6; retryLimit=3.
2025-11-17 09:14:55.164 [INFO] [Worker-3] [host-c] Compacting storage segment 17.
2025-11-17 09:14:59.961 [INFO] [Worker-8] [host-b] Failed to process job 783632: IOException: failed to write file
2025-11-17 09:15:04.728 [INFO] [Worker-15] [host-c] Database connection established.
2025-11-17 09:15:08.513 [INFO] [Worker-9] [host-b] Heartbeat received.
2025-11-17 09:15:13.909 [WARN] [Worker-10] [host-a] Starting background task ReportDaily.
2025-11-17 09:15:19.095 [DEBUG] [Worker-10] [host-a] Database connection timeout. Retrying...
2025-11-17 09:15:24.097 [ERROR] [Worker-16] [host-c] Checkpoint saved at offset 1024183. | StackTrace: at Worker.Process() in /src/worker/Processor.cs:line 384
2025-11-17 09:15:25.776 [TRACE] [Worker-2] [host-a] Failed to process job 195592: UnauthorizedAccessException: access denied
2025-11-17 09:15:26.085 [DEBUG] [Worker-5] [host-a] Startup initialized.
2025-11-17 09:15:26.916 [DEBUG] [Worker-6] [host-a] Job CleanTempFiles completed in 1588 ms.
2025-11-17 09:15:27.587 [CRITICAL] [Worker-2] [host-b] Starting background task ReportDaily.
2025-11-17 09:15:27.809 [ERROR] [Worker-13] [host-b] No jobs in queue. Sleeping.
2025-11-17 09:15:33.561 [INFO] [Worker-11] [host-b] Dequeueing 68 messages.
2025-11-17 09:15:37.943 [INFO] [Worker-3] [host-b] Unexpected exception in handler: IOException: failed to write file
2025-11-17 09:15:41.440 [ERROR] [Worker-2] [host-c] Loaded configuration: maxWorkers=2; retryLimit=3.
2025-11-17 09:15:43.412 [WARN] [Worker-9] [host-a] Job CleanTempFiles completed in 141 ms.
2025-11-17 09:15:43.666 [DEBUG] [Worker-12] [host-c] Shutting down gracefully.
2025-11-17 09:15:45.161 [INFO] [Worker-15] [host-b] Heartbeat received.
2025-11-17 09:15:45.909 [INFO] [Worker-13] [host-a] Failed to process job 689165: IOException: failed to write file
2025-11-17 09:15:46.725 [INFO] [Worker-13] [host-b] Loaded configuration: maxWorkers=13; retryLimit=3.
2025-11-17 09:15:46.767 [INFO] [Worker-14] [host-a] Database connection established.
2025-11-17 09:15:50.677 [WARN] [Worker-7] [host-b] Shutting down gracefully.
2025-11-17 09:15:51.045 [INFO] [Worker-15] [host-a] Acquired lock for resource res-file.
2025-11-17 09:15:54.812 [INFO] [Worker-7] [host-c] Database connection established.
2025-11-17 09:15:58.008 [INFO] [Worker-12] [host-b] Database connection established.
2025-11-17 09:15:59.310 [DEBUG] [Worker-14] [host-c] Shutting down gracefully.
2025-11-17 09:16:01.282 [ERROR] [Worker-15] [host-b] Job SyncWithRemote completed in 3739 ms.
2025-11-17 09:16:01.455 [INFO] [Worker-7] [host-c] Worker paused due to maintenance window.
2025-11-17 09:16:02.143 [DEBUG] [Worker-12] [host-a] Checkpoint saved at offset 23521.
2025-11-17 09:16:07.410 [CRITICAL] [Worker-2] [host-b] External API responded with status 403.
2025-11-17 09:16:12.072 [INFO] [Worker-11] [host-a] Dequeueing 44 messages.
2025-11-17 09:16:16.105 [TRACE] [Worker-16] [host-a] Checkpoint saved at offset 21201.
2025-11-17 09:16:16.343 [WARN] [Worker-12] [host-c] Database connection established.
2025-11-17 09:16:22.022 [INFO] [Worker-3] [host-b] Loaded configuration: maxWorkers=2; retryLimit=5.
2025-11-17 09:16:24.483 [ERROR] [Worker-8] [host-b] Worker paused due to maintenance window. | StackTrace: at Worker.Process() in /src/worker/Processor.cs:line 272
2025-11-17 09:16:25.768 [WARN] [Worker-15] [host-a] Enqueued job SendNotifications with id 447341.
2025-11-17 09:16:25.969 [INFO] [Worker-13] [host-a] Compacting storage segment 44.
2025-11-17 09:16:27.533 [DEBUG] [Worker-9] [host-b] Starting background task CompactIndices.
2025-11-17 09:16:27.779 [ERROR] [Worker-14] [host-a] Unexpected exception in handler: HttpRequestException: 502 Bad Gateway | StackTrace: at Worker.Process() in /src/worker/Processor.cs:line 349
2025-11-17 09:16:29.673 [WARN] [Worker-6] [host-a] Completed scheduled cleanup.
2025-11-17 09:16:30.591 [ERROR] [Worker-3] [host-a] Job CleanTempFiles completed in 1004 ms.
2025-11-17 09:16:33.123 [WARN] [Worker-14] [host-a] Failed to process job 131677: IOException: failed to write file
2025-11-17 09:16:33.764 [INFO] [Worker-11] [host-a] Checkpoint saved at offset 1170155.
2025-11-17 09:16:34.028 [INFO] [Worker-6] [host-c] Database connection timeout. Retrying...
2025-11-17 09:16:34.647 [WARN] [Worker-14] [host-c] Enqueued job SendNotifications with id 466513.
2025-11-17 09:16:36.950 [ERROR] [Worker-8] [host-c] Heartbeat received.
2025-11-17 09:16:42.914 [INFO] [Worker-3] [host-a] Disk space warning: 85% used.
2025-11-17 09:16:45.685 [INFO] [Worker-5] [host-b] Starting background task ReportDaily.
2025-11-17 09:16:46.272 [DEBUG] [Worker-10] [host-c] Processing job 974643 of type ArchiveOldData.
2025-11-17 09:16:49.002 [WARN] [Worker-15] [host-a] Completed scheduled cleanup.
2025-11-17 09:16:51.588 [ERROR] [Worker-4] [host-a] Completed scheduled cleanup.
2025-11-17 09:16:52.823 [INFO] [Worker-10] [host-b] Processing job 210738 of type ProcessQueue.
2025-11-17 09:16:55.350 [WARN] [Worker-11] [host-b] Database connection timeout. Retrying...
2025-11-17 09:17:01.340 [DEBUG] [Worker-14] [host-a] Checkpoint saved at offset 506607.
2025-11-17 09:17:02.288 [INFO] [Worker-11] [host-c] Completed scheduled cleanup.
2025-11-17 09:17:03.530 [INFO] [Worker-7] [host-b] Heartbeat received.
2025-11-17 09:17:08.493 [INFO] [Worker-12] [host-c] Dequeueing 39 messages.
2025-11-17 09:17:08.924 [ERROR] [Worker-10] [host-b] Compacting storage segment 47. | StackTrace: at Worker.Process() in /src/worker/Processor.cs:line 353
2025-11-17 09:17:14.760 [INFO] [Worker-12] [host-b] Failed to process job 369604: AggregateException: one or more errors occurred
2025-11-17 09:17:17.104 [ERROR] [Worker-1] [host-a] Worker paused due to maintenance window.
2025-11-17 09:17:18.108 [DEBUG] [Worker-6] [host-a] Starting background task CompactIndices.
2025-11-17 09:17:18.413 [INFO] [Worker-2] [host-c] Processing job 481436 of type GenerateReport.
2025-11-17 09:17:19.619 [DEBUG] [Worker-16] [host-c] Shutting down gracefully.
2025-11-17 09:17:20.131 [INFO] [Worker-8] [host-a] Released lock for resource res-db.
2025-11-17 09:17:21.650 [INFO] [Worker-14] [host-b] Disk space warning: 80% used.
2025-11-17 09:17:26.069 [WARN] [Worker-11] [host-c] Invalid message format. Skipping.
2025-11-17 09:17:26.373 [INFO] [Worker-15] [host-a] Checkpoint saved at offset 1643988.
2025-11-17 09:17:27.525 [TRACE] [Worker-14] [host-b] Loaded configuration: maxWorkers=4; retryLimit=1.
2025-11-17 09:17:29.989 [DEBUG] [Worker-12] [host-c] External API responded with status 502.
2025-11-17 09:17:30.069 [INFO] [Worker-11] [host-c] Retrying job 944423 (attempt 3).
2025-11-17 09:17:30.229 [CRITICAL] [Worker-7] [host-c] Completed scheduled cleanup. | StackTrace: at Worker.Process() in /src/worker/Processor.cs:line 313
2025-11-17 09:17:30.996 [INFO] [Worker-16] [host-b] Database connection timeout. Retrying...
2025-11-17 09:17:31.428 [ERROR] [Worker-8] [host-a] Cache cleared for tenant public.
2025-11-17 09:17:31.561 [DEBUG] [Worker-16] [host-a] Invalid message format. Skipping.
2025-11-17 09:17:32.487 [INFO] [Worker-3] [host-b] Acquired lock for resource res-file.
2025-11-17 09:17:32.923 [INFO] [Worker-3] [host-c] Worker paused due to maintenance window.
2025-11-17 09:17:34.590 [CRITICAL] [Worker-12] [host-b] Shutting down gracefully.
2025-11-17 09:17:34.745 [INFO] [Worker-1] [host-b] Acquired lock for resource res-db.
2025-11-17 09:17:35.106 [INFO] [Worker-2] [host-c] Dequeueing 91 messages.
2025-11-17 09:17:40.602 [INFO] [Worker-14] [host-b] External API responded with status 500.
2025-11-17 09:17:41.129 [WARN] [Worker-13] [host-a] Completed scheduled cleanup.
2025-11-17 09:17:41.194 [TRACE] [Worker-16] [host-c] Completed scheduled cleanup.
2025-11-17 09:17:45.832 [INFO] [Worker-14] [host-a] Starting background task CompactIndices.
2025-11-17 09:17:46.168 [INFO] [Worker-2] [host-b] Retrying job 889988 (attempt 3).
2025-11-17 09:17:47.095 [DEBUG] [Worker-1] [host-a] Job SyncWithRemote completed in 3799 ms.
2025-11-17 09:17:47.236 [WARN] [Worker-9] [host-c] Shutting down gracefully.
2025-11-17 09:17:51.895 [DEBUG] [Worker-10] [host-c] Unexpected exception in handler: UnauthorizedAccessException: access denied
2025-11-17 09:17:54.391 [INFO] [Worker-13] [host-a] Loaded configuration: maxWorkers=10; retryLimit=2.
2025-11-17 09:17:58.901 [INFO] [Worker-7] [host-b] Loaded configuration: maxWorkers=6; retryLimit=4.
2025-11-17 09:17:59.616 [TRACE] [Worker-4] [host-a] Job CleanTempFiles completed in 3235 ms.
2025-11-17 09:18:03.466 [INFO] [Worker-10] [host-c] Acquired lock for resource res-db.
2025-11-17 09:18:06.897 [WARN] [Worker-4] [host-b] Failed to process job 717310: TimeoutError: operation timed out
2025-11-17 09:18:12.184 [CRITICAL] [Worker-6] [host-c] Enqueued job ArchiveOldData with id 299369.
2025-11-17 09:18:16.566 [INFO] [Worker-11] [host-b] Failed to process job 159434: AggregateException: one or more errors occurred
2025-11-17 09:18:18.645 [CRITICAL] [Worker-7] [host-c] No jobs in queue. Sleeping.
2025-11-17 09:18:18.742 [WARN] [Worker-11] [host-c] Shutting down gracefully.
2025-11-17 09:18:18.804 [DEBUG] [Worker-7] [host-c] No jobs in queue. Sleeping.
2025-11-17 09:18:19.770 [DEBUG] [Worker-1] [host-b] Job SyncWithRemote completed in 1080 ms.
2025-11-17 09:18:23.742 [INFO] [Worker-7] [host-a] Worker paused due to maintenance window.
2025-11-17 09:18:24.277 [INFO] [Worker-11] [host-a] Enqueued job SyncWithRemote with id 817470.
2025-11-17 09:18:28.711 [DEBUG] [Worker-4] [host-b] Loaded configuration: maxWorkers=15; retryLimit=4.
2025-11-17 09:18:29.550 [INFO] [Worker-2] [host-c] External API responded with status 404.
2025-11-17 09:18:34.510 [INFO] [Worker-14] [host-a] Disk space warning: 71% used.
2025-11-17 09:18:36.205 [INFO] [Worker-6] [host-a] Job ProcessQueue completed in 3343 ms.
2025-11-17 09:18:40.249 [ERROR] [Worker-15] [host-a] Compacting storage segment 35. | StackTrace: at Worker.Process() in /src/worker/Processor.cs:line 233
2025-11-17 09:18:45.916 [ERROR] [Worker-3] [host-c] Invalid message format. Skipping. | StackTrace: at Worker.Process() in /src/worker/Processor.cs:line 125
2025-11-17 09:18:45.918 [INFO] [Worker-9] [host-a] Starting background task ReportDaily.
2025-11-17 09:18:51.398 [INFO] [Worker-5] [host-a] Completed scheduled cleanup.
2025-11-17 09:18:54.012 [INFO] [Worker-5] [host-b] Database connection established.
2025-11-17 09:18:54.180 [INFO] [Worker-3] [host-b] Completed scheduled cleanup.
2025-11-17 09:18:58.149 [INFO] [Worker-10] [host-a] Disk space warning: 48% used.
2025-11-17 09:18:59.174 [INFO] [Worker-15] [host-b] Acquired lock for resource res-db.
2025-11-17 09:19:01.957 [WARN] [Worker-6] [host-c] Processing job 579904 of type SyncWithRemote.
2025-11-17 09:19:05.542 [INFO] [Worker-4] [host-c] Database connection timeout. Retrying...
2025-11-17 09:19:06.847 [INFO] [Worker-1] [host-a] Completed scheduled cleanup.
2025-11-17 09:19:09.022 [DEBUG] [Worker-10] [host-b] Unexpected exception in handler: IOException: failed to write file
2025-11-17 09:19:09.085 [WARN] [Worker-6] [host-b] Retrying job 543122 (attempt 2).
2025-11-17 09:19:09.576 [ERROR] [Worker-6] [host-a] Job GenerateReport completed in 151 ms.
2025-11-17 09:19:09.652 [INFO] [Worker-2] [host-b] Job ProcessQueue completed in 4328 ms.
2025-11-17 09:19:12.528 [DEBUG] [Worker-11] [host-b] Processing job 460035 of type SyncWithRemote.
2025-11-17 09:19:16.291 [INFO] [Worker-7] [host-c] Loaded configuration: maxWorkers=8; retryLimit=1.
2025-11-17 09:19:16.465 [INFO] [Worker-6] [host-a] Dequeueing 100 messages.
2025-11-17 09:19:17.440 [INFO] [Worker-4] [host-a] Startup initialized.
2025-11-17 09:19:18.146 [INFO] [Worker-13] [host-c] Checkpoint saved at offset 267827.
2025-11-17 09:19:20.745 [INFO] [Worker-12] [host-b] Loaded configuration: maxWorkers=3; retryLimit=3.
2025-11-17 09:19:22.422 [INFO] [Worker-11] [host-a] Unexpected exception in handler: NullReferenceException at Processor.Handle()
2025-11-17 09:19:27.542 [INFO] [Worker-4] [host-b] Unexpected exception in handler: AggregateException: one or more errors occurred
2025-11-17 09:19:27.915 [WARN] [Worker-9] [host-b] Enqueued job ArchiveOldData with id 561795.
2025-11-17 09:19:29.500 [CRITICAL] [Worker-6] [host-a] Disk space warning: 64% used. | StackTrace: at Worker.Process() in /src/worker/Processor.cs:line 158
2025-11-17 09:19:32.661 [INFO] [Worker-14] [host-c] Released lock for resource res-queue.
2025-11-17 09:19:34.489 [WARN] [Worker-11] [host-b] Invalid message format. Skipping.
2025-11-17 09:19:40.217 [WARN] [Worker-2] [host-c] External API responded with status 500.
2025-11-17 09:19:44.644 [INFO] [Worker-3] [host-b] No jobs in queue. Sleeping.
2025-11-17 09:19:46.686 [WARN] [Worker-5] [host-a] Failed to process job 771550: UnauthorizedAccessException: access denied
2025-11-17 09:19:49.876 [DEBUG] [Worker-4] [host-a] Checkpoint saved at offset 751256.
2025-11-17 09:19:51.934 [WARN] [Worker-5] [host-c] Retrying job 405890 (attempt 2).
2025-11-17 09:19:54.062 [INFO] [Worker-7] [host-c] Completed scheduled cleanup.
2025-11-17 09:19:57.023 [ERROR] [Worker-3] [host-a] Cache cleared for tenant tenantA. | StackTrace: at Worker.Process() in /src/worker/Processor.cs:line 191
2025-11-17 09:19:59.158 [WARN] [Worker-12] [host-c] Database connection established.
2025-11-17 09:20:03.893 [DEBUG] [Worker-15] [host-b] No jobs in queue. Sleeping.
2025-11-17 09:20:05.874 [ERROR] [Worker-3] [host-a] Database connection established. | StackTrace: at Worker.Process() in /src/worker/Processor.cs:line 177
2025-11-17 09:20:11.168 [DEBUG] [Worker-10] [host-c] Processing job 394371 of type CleanTempFiles.
2025-11-17 09:20:12.696 [INFO] [Worker-13] [host-b] Unexpected exception in handler: AggregateException: one or more errors occurred
2025-11-17 09:20:14.609 [INFO] [Worker-13] [host-a] Heartbeat received.
2025-11-17 09:20:19.828 [INFO] [Worker-4] [host-a] Loaded configuration: maxWorkers=7; retryLimit=3.
2025-11-17 09:20:20.682 [INFO] [Worker-5] [host-c] Startup initialized.
2025-11-17 09:20:21.342 [ERROR] [Worker-4] [host-a] No jobs in queue. Sleeping.
2025-11-17 09:20:24.449 [INFO] [Worker-16] [host-c] No jobs in queue. Sleeping.
2025-11-17 09:20:25.479 [INFO] [Worker-2] [host-b] External API responded with status 202.
2025-11-17 09:20:28.539 [WARN] [Worker-16] [host-c] External API responded with status 404.
2025-11-17 09:20:29.469 [INFO] [Worker-12] [host-a] Completed scheduled cleanup.
2025-11-17 09:20:35.467 [INFO] [Worker-10] [host-a] Compacting storage segment 40.
2025-11-17 09:20:35.555 [DEBUG] [Worker-2] [host-c] Enqueued job GenerateReport with id 374196.
2025-11-17 09:20:39.696 [INFO] [Worker-5] [host-c] Released lock for resource res-queue.
2025-11-17 09:20:44.921 [CRITICAL] [Worker-4] [host-c] Failed to process job 440754: NullReferenceException at Processor.Handle()
2025-11-17 09:20:45.777 [INFO] [Worker-3] [host-c] Starting background task ReportDaily.
2025-11-17 09:20:50.816 [INFO] [Worker-3] [host-c] Job SyncWithRemote completed in 2649 ms.
2025-11-17 09:20:50.976 [WARN] [Worker-4] [host-a] Startup initialized.
2025-11-17 09:20:51.024 [WARN] [Worker-10] [host-c] Acquired lock for resource res-queue.
2025-11-17 09:20:52.980 [ERROR] [Worker-6] [host-b] Enqueued job ProcessQueue with id 965193.
2025-11-17 09:20:58.553 [ERROR] [Worker-8] [host-c] Failed to process job 162202: TimeoutError: operation timed out
2025-11-17 09:21:01.660 [INFO] [Worker-11] [host-c] Checkpoint saved at offset 276164.
2025-11-17 09:21:02.352 [INFO] [Worker-1] [host-b] Processing job 833320 of type SyncWithRemote.
2025-11-17 09:21:07.073 [DEBUG] [Worker-9] [host-b] Released lock for resource res-file.
2025-11-17 09:21:12.499 [TRACE] [Worker-13] [host-b] Processing job 229385 of type SyncWithRemote.
2025-11-17 09:21:13.479 [INFO] [Worker-4] [host-c] Worker paused due to maintenance window.
2025-11-17 09:21:13.973 [INFO] [Worker-5] [host-b] Checkpoint saved at offset 529526.
2025-11-17 09:21:14.952 [INFO] [Worker-15] [host-c] Enqueued job CleanTempFiles with id 630354.
2025-11-17 09:21:19.426 [INFO] [Worker-9] [host-b] Job SendNotifications completed in 3137 ms.
2025-11-17 09:21:23.879 [ERROR] [Worker-9] [host-b] Failed to process job 186032: TimeoutError: operation timed out
2025-11-17 09:21:24.858 [INFO] [Worker-7] [host-a] Processing job 719195 of type SyncWithRemote.
2025-11-17 09:21:25.028 [INFO] [Worker-16] [host-c] Disk space warning: 70% used.
2025-11-17 09:21:25.323 [WARN] [Worker-14] [host-a] Heartbeat received.
2025-11-17 09:21:25.462 [INFO] [Worker-8] [host-c] Database connection timeout. Retrying...
2025-11-17 09:21:26.099 [WARN] [Worker-13] [host-c] Shutting down gracefully.
2025-11-17 09:21:27.949 [DEBUG] [Worker-6] [host-c] Startup initialized.
2025-11-17 09:21:28.058 [INFO] [Worker-8] [host-a] Startup initialized.
2025-11-17 09:21:28.662 [INFO] [Worker-3] [host-c] External API responded with status 502.
2025-11-17 09:21:30.196 [ERROR] [Worker-12] [host-a] Database connection established.
2025-11-17 09:21:32.143 [TRACE] [Worker-13] [host-c] Released lock for resource res-db.
2025-11-17 09:21:33.562 [INFO] [Worker-12] [host-b] Acquired lock for resource res-queue.
2025-11-17 09:21:38.238 [DEBUG] [Worker-3] [host-b] Disk space warning: 98% used.
2025-11-17 09:21:40.969 [INFO] [Worker-14] [host-b] Processing job 482342 of type SendNotifications.
2025-11-17 09:21:42.256 [INFO] [Worker-15] [host-c] Job SyncWithRemote completed in 806 ms.
2025-11-17 09:21:47.745 [WARN] [Worker-4] [host-c] Job GenerateReport completed in 3900 ms.
2025-11-17 09:21:52.199 [INFO] [Worker-10] [host-b] Worker paused due to maintenance window.
2025-11-17 09:21:53.979 [WARN] [Worker-9] [host-a] Disk space warning: 95% used.
2025-11-17 09:21:55.804 [INFO] [Worker-9] [host-c] Worker paused due to maintenance window.
2025-11-17 09:21:59.532 [DEBUG] [Worker-4] [host-b] Unexpected exception in handler: HttpRequestException: 502 Bad Gateway
2025-11-17 09:21:59.898 [ERROR] [Worker-2] [host-c] Released lock for resource res-file.
2025-11-17 09:22:02.654 [INFO] [Worker-12] [host-c] Released lock for resource res-db.
2025-11-17 09:22:03.157 [INFO] [Worker-14] [host-c] Unexpected exception in handler: SqlException: login failed
2025-11-17 09:22:05.106 [WARN] [Worker-14] [host-a] Cache cleared for tenant tenantB.
2025-11-17 09:22:05.583 [INFO] [Worker-4] [host-a] Cache cleared for tenant tenantB.
2025-11-17 09:22:07.118 [CRITICAL] [Worker-13] [host-b] Disk space warning: 92% used. | StackTrace: at Worker.Process() in /src/worker/Processor.cs:line 374
2025-11-17 09:22:07.597 [DEBUG] [Worker-14] [host-b] No jobs in queue. Sleeping.
2025-11-17 09:22:07.924 [INFO] [Worker-5] [host-b] Shutting down gracefully.
2025-11-17 09:22:09.850 [CRITICAL] [Worker-16] [host-c] Disk space warning: 74% used. | StackTrace: at Worker.Process() in /src/worker/Processor.cs:line 122
2025-11-17 09:22:12.429 [INFO] [Worker-3] [host-c] Unexpected exception in handler: NullReferenceException at Processor.Handle()
2025-11-17 09:22:16.636 [WARN] [Worker-9] [host-a] Cache cleared for tenant tenantC.
2025-11-17 09:22:19.338 [DEBUG] [Worker-12] [host-a] No jobs in queue. Sleeping.
2025-11-17 09:22:23.473 [INFO] [Worker-14] [host-c] Heartbeat received.
2025-11-17 09:22:28.654 [INFO] [Worker-13] [host-c] Job SyncWithRemote completed in 1866 ms.
2025-11-17 09:22:32.385 [INFO] [Worker-4] [host-c] Loaded configuration: maxWorkers=6; retryLimit=2.
2025-11-17 09:22:34.581 [WARN] [Worker-5] [host-a] Released lock for resource res-db.
2025-11-17 09:22:36.603 [INFO] [Worker-4] [host-c] Database connection established.
2025-11-17 09:22:37.982 [WARN] [Worker-5] [host-c] Invalid message format. Skipping.
2025-11-17 09:22:43.175 [INFO] [Worker-7] [host-b] Worker paused due to maintenance window.
2025-11-17 09:22:43.299 [INFO] [Worker-16] [host-c] Starting background task CompactIndices.
2025-11-17 09:22:45.655 [DEBUG] [Worker-3] [host-b] Invalid message format. Skipping.
2025-11-17 09:22:49.847 [ERROR] [Worker-16] [host-c] Worker paused due to maintenance window. | StackTrace: at Worker.Process() in /src/worker/Processor.cs:line 366
2025-11-17 09:22:50.185 [INFO] [Worker-12] [host-c] Checkpoint saved at offset 368605.
2025-11-17 09:22:54.183 [DEBUG] [Worker-2] [host-c] Dequeueing 9 messages.
2025-11-17 09:22:59.045 [INFO] [Worker-10] [host-a] Acquired lock for resource res-db.
2025-11-17 09:23:00.402 [WARN] [Worker-5] [host-c] Loaded configuration: maxWorkers=9; retryLimit=2.
2025-11-17 09:23:04.804 [INFO] [Worker-6] [host-a] Completed scheduled cleanup.
2025-11-17 09:23:05.597 [INFO] [Worker-14] [host-c] Released lock for resource res-file.
2025-11-17 09:23:11.187 [INFO] [Worker-13] [host-c] Failed to process job 265331: TimeoutError: operation timed out
2025-11-17 09:23:13.182 [INFO] [Worker-16] [host-a] Enqueued job GenerateReport with id 190813.
2025-11-17 09:23:14.069 [INFO] [Worker-9] [host-a] Database connection timeout. Retrying...
2025-11-17 09:23:14.352 [DEBUG] [Worker-11] [host-a] Invalid message format. Skipping.
2025-11-17 09:23:15.278 [INFO] [Worker-2] [host-a] Database connection established.
2025-11-17 09:23:15.553 [INFO] [Worker-3] [host-b] External API responded with status 503.
2025-11-17 09:23:21.324 [DEBUG] [Worker-1] [host-a] Enqueued job ProcessQueue with id 720587.
2025-11-17 09:23:26.842 [WARN] [Worker-16] [host-c] Unexpected exception in handler: UnauthorizedAccessException: access denied
2025-11-17 09:23:30.647 [INFO] [Worker-10] [host-b] Compacting storage segment 27.
2025-11-17 09:23:31.706 [INFO] [Worker-14] [host-b] Released lock for resource res-queue.
2025-11-17 09:23:33.608 [INFO] [Worker-1] [host-c] Checkpoint saved at offset 1049324.
2025-11-17 09:23:35.449 [TRACE] [Worker-8] [host-a] Database connection established.
2025-11-17 09:23:36.316 [TRACE] [Worker-13] [host-b] Processing job 848817 of type ArchiveOldData.
2025-11-17 09:23:38.621 [ERROR] [Worker-6] [host-a] Heartbeat received.
2025-11-17 09:23:39.751 [INFO] [Worker-13] [host-c] No jobs in queue. Sleeping.
2025-11-17 09:23:42.922 [INFO] [Worker-14] [host-c] Database connection established.
2025-11-17 09:23:43.818 [TRACE] [Worker-15] [host-c] Failed to process job 152128: SqlException: login failed
2025-11-17 09:23:44.582 [ERROR] [Worker-12] [host-c] External API responded with status 201.
2025-11-17 09:23:45.879 [INFO] [Worker-11] [host-a] Startup initialized.
2025-11-17 09:23:47.637 [INFO] [Worker-7] [host-b] Heartbeat received.
2025-11-17 09:23:48.372 [INFO] [Worker-3] [host-a] Released lock for resource res-file.
2025-11-17 09:23:49.291 [WARN] [Worker-11] [host-a] External API responded with status 502.
2025-11-17 09:23:51.006 [INFO] [Worker-6] [host-c] Failed to process job 346914: UnauthorizedAccessException: access denied
2025-11-17 09:23:52.260 [DEBUG] [Worker-9] [host-a] Dequeueing 85 messages.
2025-11-17 09:23:53.088 [INFO] [Worker-6] [host-c] Processing job 697361 of type GenerateReport.
2025-11-17 09:23:57.412 [INFO] [Worker-13] [host-a] Heartbeat received.
2025-11-17 09:24:00.079 [INFO] [Worker-11] [host-a] Unexpected exception in handler: AggregateException: one or more errors occurred
2025-11-17 09:24:03.969 [ERROR] [Worker-3] [host-c] Checkpoint saved at offset 1846397.
2025-11-17 09:24:04.620 [WARN] [Worker-1] [host-b] Acquired lock for resource res-db.
2025-11-17 09:24:05.093 [ERROR] [Worker-9] [host-b] No jobs in queue. Sleeping.
2025-11-17 09:24:10.865 [INFO] [Worker-9] [host-a] Enqueued job CleanTempFiles with id 832033.
2025-11-17 09:24:16.180 [DEBUG] [Worker-5] [host-a] Invalid message format. Skipping.
2025-11-17 09:24:19.207 [WARN] [Worker-3] [host-c] Cache cleared for tenant public.
2025-11-17 09:24:20.671 [DEBUG] [Worker-13] [host-b] Enqueued job SyncWithRemote with id 501987.
2025-11-17 09:24:20.990 [INFO] [Worker-7] [host-a] Processing job 682874 of type GenerateReport.
2025-11-17 09:24:23.110 [DEBUG] [Worker-11] [host-a] Loaded configuration: maxWorkers=16; retryLimit=3.
2025-11-17 09:24:23.998 [TRACE] [Worker-2] [host-c] Disk space warning: 88% used.
2025-11-17 09:24:25.031 [WARN] [Worker-12] [host-c] Worker paused due to maintenance window.
2025-11-17 09:24:29.995 [DEBUG] [Worker-15] [host-b] External API responded with status 502.
2025-11-17 09:24:31.728 [INFO] [Worker-7] [host-a] Dequeueing 1 messages.
2025-11-17 09:24:32.376 [WARN] [Worker-12] [host-a] Released lock for resource res-queue.
2025-11-17 09:24:32.899 [DEBUG] [Worker-14] [host-c] Retrying job 483008 (attempt 3).
2025-11-17 09:24:38.572 [INFO] [Worker-3] [host-c] Completed scheduled cleanup.
2025-11-17 09:24:39.140 [CRITICAL] [Worker-6] [host-b] Job SendNotifications completed in 1943 ms. | StackTrace: at Worker.Process() in /src/worker/Processor.cs:line 187
2025-11-17 09:24:42.889 [DEBUG] [Worker-7] [host-a] Compacting storage segment 48.
2025-11-17 09:24:43.281 [DEBUG] [Worker-1] [host-a] Dequeueing 99 messages.
2025-11-17 09:24:43.389 [DEBUG] [Worker-2] [host-c] Dequeueing 68 messages.
2025-11-17 09:24:44.392 [DEBUG] [Worker-2] [host-a] Loaded configuration: maxWorkers=15; retryLimit=1.
2025-11-17 09:24:48.109 [CRITICAL] [Worker-9] [host-b] External API responded with status 502.
2025-11-17 09:24:52.736 [ERROR] [Worker-11] [host-b] Worker paused due to maintenance window. | StackTrace: at Worker.Process() in /src/worker/Processor.cs:line 205
2025-11-17 09:24:57.040 [INFO] [Worker-11] [host-c] Job ProcessQueue completed in 3264 ms.
2025-11-17 09:24:58.321 [INFO] [Worker-1] [host-b] Worker paused due to maintenance window.
2025-11-17 09:25:03.646 [INFO] [Worker-2] [host-a] External API responded with status 502.
2025-11-17 09:25:04.613 [INFO] [Worker-13] [host-c] Released lock for resource res-file.
2025-11-17 09:25:05.024 [INFO] [Worker-9] [host-a] Invalid message format. Skipping.
2025-11-17 09:25:07.989 [ERROR] [Worker-14] [host-c] Failed to process job 204048: IOException: failed to write file
2025-11-17 09:25:10.206 [WARN] [Worker-9] [host-c] Acquired lock for resource res-db.
2025-11-17 09:25:11.048 [INFO] [Worker-9] [host-b] Cache cleared for tenant tenantB.
2025-11-17 09:25:15.691 [INFO] [Worker-9] [host-c] Retrying job 149659 (attempt 5).
2025-11-17 09:25:17.594 [CRITICAL] [Worker-6] [host-b] Invalid message format. Skipping.
2025-11-17 09:25:18.735 [DEBUG] [Worker-9] [host-b] Completed scheduled cleanup.
2025-11-17 09:25:19.142 [INFO] [Worker-6] [host-a] Disk space warning: 42% used.
2025-11-17 09:25:19.474 [INFO] [Worker-10] [host-c] Invalid message format. Skipping.
2025-11-17 09:25:19.513 [DEBUG] [Worker-6] [host-a] Completed scheduled cleanup.
2025-11-17 09:25:19.520 [WARN] [Worker-16] [host-b] Shutting down gracefully.
2025-11-17 09:25:25.395 [INFO] [Worker-7] [host-c] Dequeueing 24 messages.
2025-11-17 09:25:28.959 [INFO] [Worker-4] [host-b] External API responded with status 200.
2025-11-17 09:25:34.295 [INFO] [Worker-12] [host-c] Enqueued job CleanTempFiles with id 967766.
2025-11-17 09:25:40.170 [CRITICAL] [Worker-7] [host-c] External API responded with status 502. | StackTrace: at Worker.Process() in /src/worker/Processor.cs:line 146
2025-11-17 09:25:40.702 [ERROR] [Worker-7] [host-c] Worker paused due to maintenance window.
2025-11-17 09:25:42.662 [DEBUG] [Worker-7] [host-a] Invalid message format. Skipping.
2025-11-17 09:25:44.604 [ERROR] [Worker-9] [host-a] Dequeueing 101 messages.
2025-11-17 09:25:45.042 [WARN] [Worker-15] [host-b] Checkpoint saved at offset 558475.
2025-11-17 09:25:46.915 [WARN] [Worker-4] [host-a] Disk space warning: 68% used.
2025-11-17 09:25:48.512 [INFO] [Worker-2] [host-b] Released lock for resource res-queue.
2025-11-17 09:25:54.391 [INFO] [Worker-8] [host-a] Cache cleared for tenant tenantB.
2025-11-17 09:25:57.469 [INFO] [Worker-1] [host-a] Checkpoint saved at offset 29145.
2025-11-17 09:26:00.732 [INFO] [Worker-12] [host-b] Processing job 817265 of type ProcessQueue.
2025-11-17 09:26:02.287 [TRACE] [Worker-8] [host-c] Invalid message format. Skipping.
2025-11-17 09:26:04.215 [WARN] [Worker-13] [host-c] External API responded with status 200.
2025-11-17 09:26:07.773 [DEBUG] [Worker-13] [host-b] Retrying job 820922 (attempt 2).
2025-11-17 09:26:13.596 [DEBUG] [Worker-15] [host-b] Disk space warning: 83% used.
2025-11-17 09:26:18.128 [INFO] [Worker-4] [host-c] Unexpected exception in handler: UnauthorizedAccessException: access denied
2025-11-17 09:26:18.175 [INFO] [Worker-3] [host-a] Failed to process job 538648: AggregateException: one or more errors occurred
2025-11-17 09:26:22.114 [DEBUG] [Worker-16] [host-a] No jobs in queue. Sleeping.
2025-11-17 09:26:22.138 [WARN] [Worker-4] [host-a] Enqueued job CleanTempFiles with id 606257.
2025-11-17 09:26:23.653 [INFO] [Worker-11] [host-b] Compacting storage segment 26.
2025-11-17 09:26:24.110 [WARN] [Worker-10] [host-b] Database connection timeout. Retrying...
2025-11-17 09:26:29.860 [WARN] [Worker-13] [host-b] Completed scheduled cleanup.
2025-11-17 09:26:31.751 [INFO] [Worker-7] [host-c] Database connection established.
2025-11-17 09:26:33.233 [DEBUG] [Worker-12] [host-b] Completed scheduled cleanup.
2025-11-17 09:26:35.327 [INFO] [Worker-10] [host-a] Completed scheduled cleanup.
2025-11-17 09:26:35.457 [DEBUG] [Worker-13] [host-b] Acquired lock for resource res-queue.
2025-11-17 09:26:37.240 [INFO] [Worker-6] [host-a] Completed scheduled cleanup.
2025-11-17 09:26:43.115 [TRACE] [Worker-3] [host-b] Retrying job 598705 (attempt 3).
2025-11-17 09:26:46.575 [DEBUG] [Worker-13] [host-c] Acquired lock for resource res-db.
2025-11-17 09:26:48.247 [TRACE] [Worker-15] [host-a] Completed scheduled cleanup.
2025-11-17 09:26:49.199 [WARN] [Worker-6] [host-c] Compacting storage segment 21.
2025-11-17 09:26:54.874 [TRACE] [Worker-13] [host-c] Job ProcessQueue completed in 1245 ms.
2025-11-17 09:26:59.882 [INFO] [Worker-7] [host-a] Disk space warning: 47% used.
2025-11-17 09:27:00.198 [WARN] [Worker-13] [host-b] Processing job 912155 of type CleanTempFiles.
2025-11-17 09:27:06.011 [WARN] [Worker-16] [host-a] Enqueued job SendNotifications with id 601647.
2025-11-17 09:27:06.645 [ERROR] [Worker-13] [host-c] Checkpoint saved at offset 592444.
2025-11-17 09:27:12.607 [INFO] [Worker-9] [host-c] Startup initialized.
2025-11-17 09:27:13.425 [INFO] [Worker-14] [host-c] No jobs in queue. Sleeping.
2025-11-17 09:27:14.811 [INFO] [Worker-1] [host-c] Completed scheduled cleanup.
2025-11-17 09:27:20.138 [INFO] [Worker-3] [host-c] Shutting down gracefully.
2025-11-17 09:27:20.854 [INFO] [Worker-4] [host-a] Starting background task ReportDaily.
2025-11-17 09:27:21.632 [INFO] [Worker-4] [host-b] Compacting storage segment 3.
2025-11-17 09:27:26.651 [INFO] [Worker-9] [host-a] Invalid message format. Skipping.
2025-11-17 09:27:27.972 [WARN] [Worker-9] [host-c] External API responded with status 403.
2025-11-17 09:27:29.222 [TRACE] [Worker-4] [host-a] No jobs in queue. Sleeping.
2025-11-17 09:27:32.264 [INFO] [Worker-13] [host-c] Heartbeat received.
2025-11-17 09:27:32.876 [WARN] [Worker-4] [host-b] Database connection established.
2025-11-17 09:27:33.150 [DEBUG] [Worker-3] [host-c] Dequeueing 13 messages.
2025-11-17 09:27:34.286 [INFO] [Worker-5] [host-a] Loaded configuration: maxWorkers=8; retryLimit=5.
2025-11-17 09:27:34.985 [INFO] [Worker-4] [host-b] Database connection established.
2025-11-17 09:27:39.658 [DEBUG] [Worker-4] [host-a] Checkpoint saved at offset 1877055.
2025-11-17 09:27:42.985 [ERROR] [Worker-2] [host-b] Checkpoint saved at offset 135025.
2025-11-17 09:27:45.404 [WARN] [Worker-4] [host-a] Unexpected exception in handler: SqlException: login failed
2025-11-17 09:27:46.172 [ERROR] [Worker-10] [host-b] Released lock for resource res-db.
2025-11-17 09:27:47.720 [WARN] [Worker-1] [host-b] Processing job 431286 of type CleanTempFiles.
2025-11-17 09:27:48.092 [WARN] [Worker-13] [host-a] Retrying job 345103 (attempt 1).
2025-11-17 09:27:51.675 [INFO] [Worker-4] [host-b] Unexpected exception in handler: SqlException: login failed
2025-11-17 09:27:54.451 [ERROR] [Worker-2] [host-b] Database connection timeout. Retrying...
2025-11-17 09:27:55.411 [ERROR] [Worker-1] [host-a] Invalid message format. Skipping.
2025-11-17 09:27:59.070 [INFO] [Worker-11] [host-a] Acquired lock for resource res-file.
2025-11-17 09:28:02.536 [WARN] [Worker-4] [host-c] Database connection timeout. Retrying...
2025-11-17 09:28:03.202 [INFO] [Worker-6] [host-a] Shutting down gracefully.
2025-11-17 09:28:03.949 [INFO] [Worker-7] [host-b] Checkpoint saved at offset 1949517.
2025-11-17 09:28:04.572 [INFO] [Worker-15] [host-a] Shutting down gracefully.
2025-11-17 09:28:10.018 [INFO] [Worker-15] [host-a] Disk space warning: 92% used.
2025-11-17 09:28:15.688 [INFO] [Worker-11] [host-a] Job GenerateReport completed in 686 ms.
2025-11-17 09:28:16.379 [WARN] [Worker-1] [host-b] Job ProcessQueue completed in 659 ms.
2025-11-17 09:28:21.603 [WARN] [Worker-12] [host-b] Worker paused due to maintenance window.
2025-11-17 09:28:26.334 [INFO] [Worker-16] [host-a] Database connection timeout. Retrying...
2025-11-17 09:28:30.908 [CRITICAL] [Worker-16] [host-b] Released lock for resource res-db.
2025-11-17 09:28:31.929 [TRACE] [Worker-4] [host-b] Disk space warning: 90% used.
2025-11-17 09:28:37.357 [INFO] [Worker-2] [host-c] Retrying job 785734 (attempt 4).
2025-11-17 09:28:38.619 [CRITICAL] [Worker-3] [host-c] Unexpected exception in handler: NullReferenceException at Processor.Handle()
2025-11-17 09:28:40.401 [INFO] [Worker-12] [host-a] Enqueued job ArchiveOldData with id 715690.
2025-11-17 09:28:40.415 [INFO] [Worker-13] [host-b] No jobs in queue. Sleeping.
2025-11-17 09:28:40.852 [INFO] [Worker-8] [host-b] Unexpected exception in handler: SqlException: login failed
2025-11-17 09:28:45.061 [TRACE] [Worker-11] [host-b] Failed to process job 485410: TimeoutError: operation timed out
2025-11-17 09:28:49.417 [ERROR] [Worker-5] [host-a] Checkpoint saved at offset 1444790.
2025-11-17 09:28:53.666 [INFO] [Worker-1] [host-b] Loaded configuration: maxWorkers=5; retryLimit=5.
2025-11-17 09:28:56.428 [INFO] [Worker-4] [host-c] Enqueued job ArchiveOldData with id 330460.
2025-11-17 09:28:58.065 [INFO] [Worker-13] [host-a] Released lock for resource res-file.
2025-11-17 09:28:59.113 [WARN] [Worker-12] [host-a] Starting background task ReportDaily.
2025-11-17 09:29:01.250 [INFO] [Worker-16] [host-a] Invalid message format. Skipping.
2025-11-17 09:29:02.812 [INFO] [Worker-10] [host-a] No jobs in queue. Sleeping.
2025-11-17 09:29:03.162 [INFO] [Worker-8] [host-b] Acquired lock for resource res-queue.
2025-11-17 09:29:06.582 [INFO] [Worker-12] [host-b] Acquired lock for resource res-queue.
2025-11-17 09:29:09.880 [INFO] [Worker-10] [host-a] Compacting storage segment 43.
2025-11-17 09:29:10.564 [ERROR] [Worker-16] [host-b] Starting background task RefreshCache. | StackTrace: at Worker.Process() in /src/worker/Processor.cs:line 380
2025-11-17 09:29:11.787 [TRACE] [Worker-5] [host-c] Failed to process job 839280: HttpRequestException: 502 Bad Gateway
2025-11-17 09:29:14.793 [ERROR] [Worker-6] [host-a] Failed to process job 362515: SqlException: login failed
2025-11-17 09:29:15.400 [WARN] [Worker-13] [host-c] Compacting storage segment 29.
2025-11-17 09:29:16.773 [INFO] [Worker-5] [host-a] No jobs in queue. Sleeping.
2025-11-17 09:29:20.233 [INFO] [Worker-9] [host-c] Processing job 556872 of type ArchiveOldData.
2025-11-17 09:29:25.442 [WARN] [Worker-12] [host-b] Failed to process job 874176: IOException: failed to write file
2025-11-17 09:29:25.485 [INFO] [Worker-6] [host-a] Disk space warning: 48% used.
2025-11-17 09:29:25.656 [WARN] [Worker-6] [host-c] Completed scheduled cleanup.
2025-11-17 09:29:26.659 [ERROR] [Worker-6] [host-a] Worker paused due to maintenance window.
2025-11-17 09:29:29.242 [INFO] [Worker-6] [host-b] Cache cleared for tenant tenantB.
2025-11-17 09:29:29.841 [ERROR] [Worker-2] [host-b] Invalid message format. Skipping. | StackTrace: at Worker.Process() in /src/worker/Processor.cs:line 188
2025-11-17 09:29:34.976 [WARN] [Worker-7] [host-c] External API responded with status 503.
2025-11-17 09:29:36.489 [INFO] [Worker-1] [host-a] Worker paused due to maintenance window.
2025-11-17 09:29:38.464 [WARN] [Worker-6] [host-c] Failed to process job 943647: HttpRequestException: 502 Bad Gateway
2025-11-17 09:29:39.208 [INFO] [Worker-16] [host-a] Unexpected exception in handler: AggregateException: one or more errors occurred
2025-11-17 09:29:39.752 [INFO] [Worker-3] [host-c] Database connection timeout. Retrying...
2025-11-17 09:29:44.132 [INFO] [Worker-2] [host-b] Database connection timeout. Retrying...
2025-11-17 09:29:46.011 [ERROR] [Worker-2] [host-a] Database connection timeout. Retrying...
2025-11-17 09:29:48.711 [CRITICAL] [Worker-16] [host-c] Job SyncWithRemote completed in 2815 ms.
2025-11-17 09:29:49.289 [WARN] [Worker-3] [host-b] Failed to process job 786253: IOException: failed to write file
2025-11-17 09:29:54.942 [WARN] [Worker-6] [host-c] Job SyncWithRemote completed in 4371 ms.
2025-11-17 09:29:56.967 [ERROR] [Worker-3] [host-a] Retrying job 154052 (attempt 4).
2025-11-17 09:30:00.102 [WARN] [Worker-16] [host-b] External API responded with status 404.
2025-11-17 09:30:00.530 [INFO] [Worker-16] [host-b] External API responded with status 202.
2025-11-17 09:30:01.799 [INFO] [Worker-4] [host-c] Enqueued job SendNotifications with id 367029.
2025-11-17 09:30:04.810 [TRACE] [Worker-5] [host-a] Acquired lock for resource res-queue.
2025-11-17 09:30:05.430 [DEBUG] [Worker-7] [host-b] Unexpected exception in handler: SqlException: login failed
2025-11-17 09:30:05.689 [WARN] [Worker-9] [host-c] Acquired lock for resource res-file.
2025-11-17 09:30:06.904 [DEBUG] [Worker-3] [host-a] Worker paused due to maintenance window.
2025-11-17 09:30:07.193 [DEBUG] [Worker-16] [host-b] Heartbeat received.
2025-11-17 09:30:07.276 [INFO] [Worker-2] [host-a] Compacting storage segment 27.
2025-11-17 09:30:07.442 [INFO] [Worker-2] [host-a] Disk space warning: 82% used.
2025-11-17 09:30:08.804 [WARN] [Worker-4] [host-b] External API responded with status 202.
2025-11-17 09:30:10.175 [DEBUG] [Worker-7] [host-c] Invalid message format. Skipping.
2025-11-17 09:30:10.591 [ERROR] [Worker-13] [host-b] Loaded configuration: maxWorkers=2; retryLimit=5.
2025-11-17 09:30:11.606 [INFO] [Worker-1] [host-c] Unexpected exception in handler: IOException: failed to write file
2025-11-17 09:30:16.547 [ERROR] [Worker-7] [host-a] Checkpoint saved at offset 1328838.
2025-11-17 09:30:17.800 [WARN] [Worker-12] [host-a] Cache cleared for tenant tenantB.
2025-11-17 09:30:23.645 [WARN] [Worker-15] [host-a] Released lock for resource res-file.
2025-11-17 09:30:23.901 [INFO] [Worker-5] [host-a] Disk space warning: 92% used.
2025-11-17 09:30:25.538 [ERROR] [Worker-13] [host-c] Failed to process job 258737: NullReferenceException at Processor.Handle() | StackTrace: at Worker.Process() in /src/worker/Processor.cs:line 217
2025-11-17 09:30:25.708 [WARN] [Worker-2] [host-b] No jobs in queue. Sleeping.
2025-11-17 09:30:27.727 [INFO] [Worker-10] [host-a] Dequeueing 91 messages.
2025-11-17 09:30:31.031 [DEBUG] [Worker-16] [host-a] External API responded with status 500.
2025-11-17 09:30:31.927 [INFO] [Worker-4] [host-b] Job SyncWithRemote completed in 1746 ms.
2025-11-17 09:30:34.785 [INFO] [Worker-4] [host-b] Disk space warning: 61% used.
2025-11-17 09:30:34.860 [TRACE] [Worker-2] [host-a] Retrying job 663913 (attempt 3).
2025-11-17 09:30:40.405 [ERROR] [Worker-9] [host-a] Compacting storage segment 1.
2025-11-17 09:30:41.595 [INFO] [Worker-10] [host-b] Worker paused due to maintenance window.
2025-11-17 09:30:43.578 [TRACE] [Worker-2] [host-c] Disk space warning: 81% used.
2025-11-17 09:30:49.547 [INFO] [Worker-16] [host-c] Database connection timeout. Retrying...
2025-11-17 09:30:49.832 [ERROR] [Worker-5] [host-b] Enqueued job ProcessQueue with id 715969. | StackTrace: at Worker.Process() in /src/worker/Processor.cs:line 415
2025-11-17 09:30:51.388 [INFO] [Worker-13] [host-b] Database connection established.
2025-11-17 09:30:53.351 [INFO] [Worker-15] [host-a] Database connection timeout. Retrying...
2025-11-17 09:30:58.614 [DEBUG] [Worker-16] [host-b] Job GenerateReport completed in 3434 ms.
2025-11-17 09:30:59.122 [ERROR] [Worker-14] [host-a] Released lock for resource res-queue. | StackTrace: at Worker.Process() in /src/worker/Processor.cs:line 354
2025-11-17 09:31:00.903 [INFO] [Worker-13] [host-a] Startup initialized.
2025-11-17 09:31:01.653 [ERROR] [Worker-9] [host-a] Completed scheduled cleanup. | StackTrace: at Worker.Process() in /src/worker/Processor.cs:line 385
2025-11-17 09:31:04.938 [INFO] [Worker-2] [host-b] Database connection timeout. Retrying...
2025-11-17 09:31:06.065 [INFO] [Worker-2] [host-c] Cache cleared for tenant public.
2025-11-17 09:31:11.381 [INFO] [Worker-5] [host-c] Disk space warning: 79% used.
2025-11-17 09:31:15.890 [INFO] [Worker-16] [host-c] Enqueued job SendNotifications with id 377061.
2025-11-17 09:31:17.076 [INFO] [Worker-12] [host-c] Unexpected exception in handler: UnauthorizedAccessException: access denied
2025-11-17 09:31:17.627 [CRITICAL] [Worker-8] [host-a] Invalid message format. Skipping.
2025-11-17 09:31:20.222 [DEBUG] [Worker-5] [host-c] Starting background task ReportDaily.
2025-11-17 09:31:21.331 [DEBUG] [Worker-6] [host-b] Acquired lock for resource res-file.
2025-11-17 09:31:22.448 [CRITICAL] [Worker-7] [host-a] Completed scheduled cleanup. | StackTrace: at Worker.Process() in /src/worker/Processor.cs:line 353
2025-11-17 09:31:22.552 [INFO] [Worker-3] [host-b] Processing job 882259 of type SendNotifications.
2025-11-17 09:31:23.008 [DEBUG] [Worker-12] [host-c] Unexpected exception in handler: AggregateException: one or more errors occurred
2025-11-17 09:31:24.005 [WARN] [Worker-5] [host-b] Dequeueing 60 messages.
2025-11-17 09:31:24.074 [DEBUG] [Worker-7] [host-b] Database connection established.
2025-11-17 09:31:25.760 [ERROR] [Worker-10] [host-a] Retrying job 964869 (attempt 2).
2025-11-17 09:31:29.082 [DEBUG] [Worker-11] [host-c] Worker paused due to maintenance window.
2025-11-17 09:31:30.273 [TRACE] [Worker-11] [host-b] Heartbeat received.
2025-11-17 09:31:35.452 [DEBUG] [Worker-7] [host-a] Cache cleared for tenant tenantC.
2025-11-17 09:31:40.322 [INFO] [Worker-13] [host-a] External API responded with status 503.
2025-11-17 09:31:40.536 [WARN] [Worker-2] [host-a] Loaded configuration: maxWorkers=15; retryLimit=4.
2025-11-17 09:31:42.023 [INFO] [Worker-6] [host-b] Database connection timeout. Retrying...
2025-11-17 09:31:43.751 [WARN] [Worker-16] [host-a] Unexpected exception in handler: UnauthorizedAccessException: access denied
2025-11-17 09:31:44.366 [CRITICAL] [Worker-15] [host-c] Enqueued job ArchiveOldData with id 707149. | StackTrace: at Worker.Process() in /src/worker/Processor.cs:line 188
2025-11-17 09:31:45.293 [CRITICAL] [Worker-5] [host-b] Worker paused due to maintenance window.
2025-11-17 09:31:47.920 [ERROR] [Worker-3] [host-c] Startup initialized. | StackTrace: at Worker.Process() in /src/worker/Processor.cs:line 279
2025-11-17 09:31:49.958 [INFO] [Worker-4] [host-b] No jobs in queue. Sleeping.
2025-11-17 09:31:52.498 [CRITICAL] [Worker-8] [host-a] Database connection established. | StackTrace: at Worker.Process() in /src/worker/Processor.cs:line 337
2025-11-17 09:31:55.875 [ERROR] [Worker-14] [host-c] Loaded configuration: maxWorkers=12; retryLimit=1.
2025-11-17 09:31:55.965 [INFO] [Worker-2] [host-c] Enqueued job SendNotifications with id 725824.
2025-11-17 09:32:01.149 [ERROR] [Worker-4] [host-b] Acquired lock for resource res-file. | StackTrace: at Worker.Process() in /src/worker/Processor.cs:line 322
2025-11-17 09:32:04.078 [INFO] [Worker-14] [host-c] Processing job 230352 of type GenerateReport.
2025-11-17 09:32:04.117 [INFO] [Worker-2] [host-c] Acquired lock for resource res-db.
2025-11-17 09:32:08.142 [CRITICAL] [Worker-6] [host-b] Unexpected exception in handler: IOException: failed to write file
2025-11-17 09:32:11.543 [DEBUG] [Worker-4] [host-c] Heartbeat received.
2025-11-17 09:32:11.816 [WARN] [Worker-13] [host-c] Database connection established.
2025-11-17 09:32:12.036 [INFO] [Worker-11] [host-b] Completed scheduled cleanup.
2025-11-17 09:32:14.723 [INFO] [Worker-3] [host-c] Enqueued job SyncWithRemote with id 418489.
2025-11-17 09:32:16.120 [INFO] [Worker-7] [host-a] Failed to process job 469314: SqlException: login failed
2025-11-17 09:32:18.691 [TRACE] [Worker-12] [host-c] Startup initialized.
2025-11-17 09:32:19.170 [DEBUG] [Worker-3] [host-a] Heartbeat received.
2025-11-17 09:32:19.999 [INFO] [Worker-15] [host-a] Enqueued job SendNotifications with id 155878.
2025-11-17 09:32:20.453 [INFO] [Worker-15] [host-a] Retrying job 558954 (attempt 3).
2025-11-17 09:32:23.957 [CRITICAL] [Worker-16] [host-c] Cache cleared for tenant tenantC.
2025-11-17 09:32:25.192 [INFO] [Worker-9] [host-c] Dequeueing 75 messages.
2025-11-17 09:32:25.627 [DEBUG] [Worker-6] [host-b] Startup initialized.
2025-11-17 09:32:30.340 [INFO] [Worker-8] [host-a] Processing job 226384 of type ArchiveOldData.
2025-11-17 09:32:31.640 [INFO] [Worker-13] [host-a] External API responded with status 400.
2025-11-17 09:32:34.413 [WARN] [Worker-15] [host-c] Retrying job 459854 (attempt 5).
2025-11-17 09:32:40.053 [INFO] [Worker-3] [host-b] Startup initialized.
2025-11-17 09:32:45.306 [TRACE] [Worker-10] [host-c] Checkpoint saved at offset 1629047.
2025-11-17 09:32:48.368 [INFO] [Worker-8] [host-a] Job SendNotifications completed in 566 ms.
2025-11-17 09:32:49.345 [INFO] [Worker-11] [host-a] Startup initialized.
2025-11-17 09:32:55.326 [INFO] [Worker-9] [host-b] Database connection timeout. Retrying...
2025-11-17 09:32:56.243 [INFO] [Worker-13] [host-a] Retrying job 353965 (attempt 3).
2025-11-17 09:32:58.971 [INFO] [Worker-8] [host-a] Database connection established.
2025-11-17 09:32:59.393 [INFO] [Worker-11] [host-a] Disk space warning: 42% used.
2025-11-17 09:33:03.203 [INFO] [Worker-7] [host-c] Processing job 855106 of type SyncWithRemote.
2025-11-17 09:33:05.106 [TRACE] [Worker-10] [host-a] Dequeueing 100 messages.
2025-11-17 09:33:06.653 [CRITICAL] [Worker-12] [host-a] Released lock for resource res-queue.
2025-11-17 09:33:09.933 [DEBUG] [Worker-6] [host-c] Dequeueing 87 messages.
2025-11-17 09:33:12.681 [DEBUG] [Worker-13] [host-b] Checkpoint saved at offset 1322344.
2025-11-17 09:33:13.706 [INFO] [Worker-13] [host-b] Checkpoint saved at offset 1882371.
2025-11-17 09:33:14.024 [INFO] [Worker-16] [host-c] Invalid message format. Skipping.
2025-11-17 09:33:17.997 [WARN] [Worker-2] [host-b] Checkpoint saved at offset 454417.
2025-11-17 09:33:18.505 [ERROR] [Worker-12] [host-a] Invalid message format. Skipping.
2025-11-17 09:33:18.895 [INFO] [Worker-4] [host-c] Compacting storage segment 34.
2025-11-17 09:33:19.745 [INFO] [Worker-15] [host-a] Failed to process job 735497: AggregateException: one or more errors occurred
2025-11-17 09:33:20.466 [INFO] [Worker-14] [host-a] Compacting storage segment 14.
2025-11-17 09:33:22.108 [INFO] [Worker-11] [host-a] Database connection timeout. Retrying...
2025-11-17 09:33:23.551 [DEBUG] [Worker-3] [host-c] Enqueued job SendNotifications with id 639394.
2025-11-17 09:33:23.875 [TRACE] [Worker-16] [host-c] Completed scheduled cleanup.
2025-11-17 09:33:25.858 [INFO] [Worker-14] [host-a] Dequeueing 81 messages.
2025-11-17 09:33:29.977 [WARN] [Worker-8] [host-b] Failed to process job 236842: UnauthorizedAccessException: access denied
2025-11-17 09:33:30.159 [DEBUG] [Worker-12] [host-c] Enqueued job ArchiveOldData with id 450107.
2025-11-17 09:33:31.682 [INFO] [Worker-13] [host-a] Invalid message format. Skipping.
2025-11-17 09:33:34.132 [WARN] [Worker-4] [host-c] Database connection established.
2025-11-17 09:33:34.457 [INFO] [Worker-8] [host-a] Loaded configuration: maxWorkers=12; retryLimit=4.
2025-11-17 09:33:34.533 [INFO] [Worker-4] [host-b] Job GenerateReport completed in 1609 ms.
2025-11-17 09:33:35.289 [ERROR] [Worker-8] [host-b] Worker paused due to maintenance window. | StackTrace: at Worker.Process() in /src/worker/Processor.cs:line 271
2025-11-17 09:33:36.263 [CRITICAL] [Worker-16] [host-a] Heartbeat received.
2025-11-17 09:33:39.378 [INFO] [Worker-3] [host-b] Checkpoint saved at offset 649692.
2025-11-17 09:33:43.746 [INFO] [Worker-6] [host-a] Processing job 804871 of type SyncWithRemote.
2025-11-17 09:33:43.939 [DEBUG] [Worker-4] [host-a] Dequeueing 91 messages.
2025-11-17 09:33:45.367 [WARN] [Worker-7] [host-a] Processing job 747800 of type ArchiveOldData.
2025-11-17 09:33:47.988 [DEBUG] [Worker-3] [host-a] Database connection established.
2025-11-17 09:33:50.371 [WARN] [Worker-4] [host-c] Heartbeat received.
2025-11-17 09:33:50.525 [WARN] [Worker-11] [host-c] Worker paused due to maintenance window.
2025-11-17 09:33:54.030 [INFO] [Worker-2] [host-c] No jobs in queue. Sleeping.
2025-11-17 09:33:54.919 [INFO] [Worker-8] [host-b] Starting background task CompactIndices.
2025-11-17 09:33:59.602 [CRITICAL] [Worker-2] [host-b] External API responded with status 202.
2025-11-17 09:34:05.424 [INFO] [Worker-8] [host-b] Checkpoint saved at offset 1842518.
2025-11-17 09:34:06.360 [INFO] [Worker-10] [host-c] Processing job 539480 of type ProcessQueue.
2025-11-17 09:34:11.903 [INFO] [Worker-11] [host-c] Failed to process job 108466: UnauthorizedAccessException: access denied
2025-11-17 09:34:14.963 [INFO] [Worker-9] [host-a] Database connection timeout. Retrying...
2025-11-17 09:34:15.806 [INFO] [Worker-6] [host-c] Failed to process job 414884: SqlException: login failed
2025-11-17 09:34:16.731 [WARN] [Worker-2] [host-c] Database connection established.
2025-11-17 09:34:19.400 [INFO] [Worker-4] [host-c] Failed to process job 703193: SqlException: login failed
2025-11-17 09:34:20.723 [INFO] [Worker-6] [host-c] Failed to process job 358637: AggregateException: one or more errors occurred
2025-11-17 09:34:21.717 [WARN] [Worker-12] [host-a] Cache cleared for tenant tenantB.
2025-11-17 09:34:22.134 [INFO] [Worker-2] [host-a] Unexpected exception in handler: SqlException: login failed
2025-11-17 09:34:26.019 [INFO] [Worker-8] [host-a] No jobs in queue. Sleeping.
2025-11-17 09:34:26.403 [INFO] [Worker-2] [host-a] Retrying job 689283 (attempt 1).
2025-11-17 09:34:31.826 [INFO] [Worker-1] [host-b] Enqueued job CleanTempFiles with id 467658.
2025-11-17 09:34:31.862 [WARN] [Worker-9] [host-b] Cache cleared for tenant public.
2025-11-17 09:34:32.448 [INFO] [Worker-6] [host-a] Shutting down gracefully.
2025-11-17 09:34:35.291 [INFO] [Worker-12] [host-b] Job SyncWithRemote completed in 2290 ms.
2025-11-17 09:34:40.387 [INFO] [Worker-11] [host-a] Checkpoint saved at offset 1800771.
2025-11-17 09:34:45.586 [INFO] [Worker-16] [host-b] No jobs in queue. Sleeping.
2025-11-17 09:34:47.073 [ERROR] [Worker-6] [host-c] Processing job 885996 of type SyncWithRemote. | StackTrace: at Worker.Process() in /src/worker/Processor.cs:line 404
2025-11-17 09:34:48.957 [DEBUG] [Worker-6] [host-c] Heartbeat received.
2025-11-17 09:34:49.579 [INFO] [Worker-5] [host-b] Cache cleared for tenant tenantB.
2025-11-17 09:34:52.260 [WARN] [Worker-3] [host-c] Retrying job 592363 (attempt 1).
2025-11-17 09:34:52.727 [WARN] [Worker-12] [host-a] Compacting storage segment 44.
2025-11-17 09:34:58.318 [DEBUG] [Worker-7] [host-a] Database connection established.
2025-11-17 09:34:59.590 [DEBUG] [Worker-4] [host-b] Checkpoint saved at offset 1331855.
2025-11-17 09:35:00.247 [INFO] [Worker-12] [host-a] Job SendNotifications completed in 953 ms.
2025-11-17 09:35:00.780 [INFO] [Worker-8] [host-b] Invalid message format. Skipping.
2025-11-17 09:35:03.333 [INFO] [Worker-4] [host-c] Database connection established.
2025-11-17 09:35:08.334 [INFO] [Worker-8] [host-a] Retrying job 865982 (attempt 4).
2025-11-17 09:35:09.153 [WARN] [Worker-2] [host-b] Cache cleared for tenant tenantC.
2025-11-17 09:35:09.862 [INFO] [Worker-6] [host-c] Compacting storage segment 28.
2025-11-17 09:35:14.271 [INFO] [Worker-15] [host-c] Dequeueing 97 messages.
2025-11-17 09:35:16.692 [DEBUG] [Worker-1] [host-b] Loaded configuration: maxWorkers=14; retryLimit=4.
2025-11-17 09:35:19.900 [INFO] [Worker-14] [host-a] Dequeueing 35 messages.
2025-11-17 09:35:22.526 [INFO] [Worker-5] [host-c] Unexpected exception in handler: HttpRequestException: 502 Bad Gateway
2025-11-17 09:35:24.253 [WARN] [Worker-6] [host-b] Disk space warning: 78% used.
2025-11-17 09:35:24.873 [DEBUG] [Worker-4] [host-b] Startup initialized.
2025-11-17 09:35:26.424 [ERROR] [Worker-8] [host-c] Startup initialized. | StackTrace: at Worker.Process() in /src/worker/Processor.cs:line 360
2025-11-17 09:35:29.635 [ERROR] [Worker-10] [host-a] Enqueued job GenerateReport with id 309692. | StackTrace: at Worker.Process() in /src/worker/Processor.cs:line 169
2025-11-17 09:35:30.206 [DEBUG] [Worker-13] [host-b] Startup initialized.
2025-11-17 09:35:30.358 [INFO] [Worker-4] [host-a] Heartbeat received.
2025-11-17 09:35:35.744 [INFO] [Worker-12] [host-b] Completed scheduled cleanup.
2025-11-17 09:35:39.260 [WARN] [Worker-9] [host-a] Job SendNotifications completed in 2676 ms.
2025-11-17 09:35:44.354 [DEBUG] [Worker-3] [host-b] Retrying job 790409 (attempt 2).
2025-11-17 09:35:45.391 [INFO] [Worker-2] [host-c] Startup initialized.
2025-11-17 09:35:45.406 [INFO] [Worker-8] [host-a] No jobs in queue. Sleeping.
2025-11-17 09:35:47.856 [DEBUG] [Worker-15] [host-b] Shutting down gracefully.
2025-11-17 09:35:50.114 [INFO] [Worker-11] [host-b] Unexpected exception in handler: HttpRequestException: 502 Bad Gateway
2025-11-17 09:35:53.017 [INFO] [Worker-9] [host-a] Processing job 522498 of type SendNotifications.
2025-11-17 09:35:55.573 [DEBUG] [Worker-12] [host-c] Unexpected exception in handler: NullReferenceException at Processor.Handle()
2025-11-17 09:35:58.241 [TRACE] [Worker-5] [host-c] Acquired lock for resource res-file.
2025-11-17 09:35:59.059 [TRACE] [Worker-16] [host-c] Loaded configuration: maxWorkers=11; retryLimit=4.
2025-11-17 09:35:59.972 [INFO] [Worker-8] [host-b] Database connection timeout. Retrying...
2025-11-17 09:36:02.041 [INFO] [Worker-16] [host-b] Compacting storage segment 19.
2025-11-17 09:36:06.393 [DEBUG] [Worker-14] [host-c] Database connection established.
2025-11-17 09:36:06.460 [ERROR] [Worker-5] [host-a] Completed scheduled cleanup. | StackTrace: at Worker.Process() in /src/worker/Processor.cs:line 236
2025-11-17 09:36:09.849 [INFO] [Worker-5] [host-a] Acquired lock for resource res-queue.
2025-11-17 09:36:11.724 [INFO] [Worker-14] [host-a] Acquired lock for resource res-db.
2025-11-17 09:36:13.980 [INFO] [Worker-4] [host-c] Shutting down gracefully.
2025-11-17 09:36:15.499 [INFO] [Worker-14] [host-c] Compacting storage segment 42.
2025-11-17 09:36:20.487 [INFO] [Worker-5] [host-a] Invalid message format. Skipping.
2025-11-17 09:36:22.429 [INFO] [Worker-8] [host-a] Retrying job 461093 (attempt 1).
2025-11-17 09:36:22.941 [WARN] [Worker-3] [host-b] Startup initialized.
2025-11-17 09:36:28.256 [WARN] [Worker-8] [host-c] Compacting storage segment 49.
2025-11-17 09:36:28.921 [TRACE] [Worker-16] [host-c] Completed scheduled cleanup.
2025-11-17 09:36:33.733 [INFO] [Worker-2] [host-a] Worker paused due to maintenance window.
2025-11-17 09:36:34.451 [DEBUG] [Worker-4] [host-c] Compacting storage segment 36.
2025-11-17 09:36:40.358 [INFO] [Worker-14] [host-b] Invalid message format. Skipping.
2025-11-17 09:36:43.503 [DEBUG] [Worker-3] [host-a] External API responded with status 201.
2025-11-17 09:36:48.512 [INFO] [Worker-2] [host-b] Compacting storage segment 5.
2025-11-17 09:36:49.292 [INFO] [Worker-8] [host-b] No jobs in queue. Sleeping.
2025-11-17 09:36:52.668 [INFO] [Worker-7] [host-c] Compacting storage segment 10.
2025-11-17 09:36:53.839 [INFO] [Worker-9] [host-b] Cache cleared for tenant tenantC.
2025-11-17 09:36:56.045 [CRITICAL] [Worker-6] [host-c] Enqueued job ProcessQueue with id 721385.
2025-11-17 09:37:00.928 [INFO] [Worker-14] [host-c] Cache cleared for tenant tenantA.
2025-11-17 09:37:02.248 [INFO] [Worker-9] [host-a] Unexpected exception in handler: NullReferenceException at Processor.Handle()
2025-11-17 09:37:05.286 [WARN] [Worker-13] [host-c] Loaded configuration: maxWorkers=15; retryLimit=1.
2025-11-17 09:37:10.147 [DEBUG] [Worker-10] [host-b] Retrying job 385044 (attempt 3).
2025-11-17 09:37:13.634 [INFO] [Worker-15] [host-a] Database connection timeout. Retrying...
2025-11-17 09:37:19.404 [INFO] [Worker-8] [host-a] Invalid message format. Skipping.
2025-11-17 09:37:19.700 [TRACE] [Worker-2] [host-b] Unexpected exception in handler: UnauthorizedAccessException: access denied
2025-11-17 09:37:20.905 [INFO] [Worker-12] [host-a] Released lock for resource res-file.
2025-11-17 09:37:21.192 [ERROR] [Worker-11] [host-b] Database connection timeout. Retrying... | StackTrace: at Worker.Process() in /src/worker/Processor.cs:line 375
2025-11-17 09:37:22.352 [ERROR] [Worker-13] [host-b] Retrying job 320170 (attempt 3).
2025-11-17 09:37:22.940 [WARN] [Worker-1] [host-b] Retrying job 702515 (attempt 3).
2025-11-17 09:37:24.920 [INFO] [Worker-1] [host-a] Completed scheduled cleanup.
2025-11-17 09:37:25.771 [INFO] [Worker-11] [host-c] Dequeueing 67 messages.
2025-11-17 09:37:28.820 [DEBUG] [Worker-11] [host-a] Invalid message format. Skipping.
2025-11-17 09:37:31.165 [INFO] [Worker-16] [host-b] Starting background task ReportDaily.
2025-11-17 09:37:31.779 [INFO] [Worker-12] [host-c] Database connection established.
2025-11-17 09:37:37.727 [ERROR] [Worker-12] [host-c] Database connection established. | StackTrace: at Worker.Process() in /src/worker/Processor.cs:line 297
2025-11-17 09:37:38.135 [INFO] [Worker-8] [host-c] Retrying job 942446 (attempt 2).
2025-11-17 09:37:42.740 [INFO] [Worker-9] [host-b] Loaded configuration: maxWorkers=11; retryLimit=5.
2025-11-17 09:37:43.919 [WARN] [Worker-9] [host-c] Processing job 662396 of type GenerateReport.
2025-11-17 09:37:44.253 [DEBUG] [Worker-1] [host-a] Completed scheduled cleanup.
2025-11-17 09:37:44.302 [INFO] [Worker-14] [host-c] Invalid message format. Skipping.
2025-11-17 09:37:44.447 [INFO] [Worker-9] [host-a] Checkpoint saved at offset 1740490.
2025-11-17 09:37:44.683 [WARN] [Worker-2] [host-b] Worker paused due to maintenance window.
2025-11-17 09:37:46.966 [INFO] [Worker-8] [host-a] Cache cleared for tenant public.
2025-11-17 09:37:48.673 [DEBUG] [Worker-15] [host-b] Compacting storage segment 14.
2025-11-17 09:37:49.819 [WARN] [Worker-15] [host-a] Worker paused due to maintenance window.
2025-11-17 09:37:51.471 [INFO] [Worker-9] [host-a] Job ProcessQueue completed in 3403 ms.
2025-11-17 09:37:52.185 [DEBUG] [Worker-16] [host-c] Job SyncWithRemote completed in 3951 ms.
2025-11-17 09:37:55.340 [INFO] [Worker-1] [host-a] No jobs in queue. Sleeping.
2025-11-17 09:38:00.636 [WARN] [Worker-15] [host-a] Cache cleared for tenant public.
2025-11-17 09:38:03.894 [INFO] [Worker-8] [host-b] Shutting down gracefully.
2025-11-17 09:38:09.277 [INFO] [Worker-13] [host-c] Checkpoint saved at offset 1945906.
2025-11-17 09:38:15.246 [INFO] [Worker-11] [host-a] Acquired lock for resource res-file.
2025-11-17 09:38:19.180 [DEBUG] [Worker-1] [host-a] Completed scheduled cleanup.
2025-11-17 09:38:19.311 [INFO] [Worker-5] [host-c] Shutting down gracefully.
2025-11-17 09:38:24.814 [WARN] [Worker-13] [host-b] Completed scheduled cleanup.
2025-11-17 09:38:25.010 [CRITICAL] [Worker-16] [host-c] Worker paused due to maintenance window. | StackTrace: at Worker.Process() in /src/worker/Processor.cs:line 194
2025-11-17 09:38:28.612 [WARN] [Worker-2] [host-c] Cache cleared for tenant tenantB.
2025-11-17 09:38:28.946 [WARN] [Worker-8] [host-a] Compacting storage segment 49.
2025-11-17 09:38:31.675 [INFO] [Worker-12] [host-b] No jobs in queue. Sleeping.
2025-11-17 09:38:36.014 [WARN] [Worker-16] [host-b] Released lock for resource res-queue.
2025-11-17 09:38:36.835 [INFO] [Worker-3] [host-a] External API responded with status 503.
2025-11-17 09:38:37.599 [INFO] [Worker-12] [host-a] Cache cleared for tenant tenantB.
2025-11-17 09:38:41.598 [TRACE] [Worker-1] [host-b] Database connection established.
2025-11-17 09:38:42.198 [TRACE] [Worker-6] [host-b] Failed to process job 146388: TimeoutError: operation timed out
2025-11-17 09:38:44.305 [INFO] [Worker-1] [host-a] Startup initialized.
2025-11-17 09:38:44.576 [DEBUG] [Worker-2] [host-c] Checkpoint saved at offset 997340.
2025-11-17 09:38:46.471 [INFO] [Worker-4] [host-c] Acquired lock for resource res-file.
2025-11-17 09:38:46.734 [INFO] [Worker-1] [host-a] Job SyncWithRemote completed in 859 ms.
2025-11-17 09:38:47.536 [INFO] [Worker-8] [host-a] Shutting down gracefully.
2025-11-17 09:38:48.708 [INFO] [Worker-5] [host-a] Cache cleared for tenant tenantA.
2025-11-17 09:38:49.738 [ERROR] [Worker-6] [host-b] Completed scheduled cleanup.
2025-11-17 09:38:54.380 [DEBUG] [Worker-3] [host-b] Heartbeat received.
2025-11-17 09:38:56.135 [INFO] [Worker-13] [host-b] No jobs in queue. Sleeping.
2025-11-17 09:38:57.345 [WARN] [Worker-9] [host-a] Processing job 239242 of type SendNotifications.
2025-11-17 09:38:58.502 [INFO] [Worker-7] [host-a] Unexpected exception in handler: SqlException: login failed
2025-11-17 09:39:00.613 [WARN] [Worker-3] [host-a] Released lock for resource res-queue.
2025-11-17 09:39:04.590 [DEBUG] [Worker-10] [host-a] Failed to process job 726558: HttpRequestException: 502 Bad Gateway
2025-11-17 09:39:08.810 [DEBUG] [Worker-6] [host-c] Cache cleared for tenant public.
2025-11-17 09:39:10.053 [INFO] [Worker-6] [host-a] Shutting down gracefully.
2025-11-17 09:39:10.709 [INFO] [Worker-14] [host-b] Invalid message format. Skipping.
2025-11-17 09:39:11.193 [WARN] [Worker-12] [host-c] Released lock for resource res-file.
2025-11-17 09:39:15.497 [WARN] [Worker-1] [host-c] Loaded configuration: maxWorkers=13; retryLimit=1.
2025-11-17 09:39:19.340 [WARN] [Worker-6] [host-c] Acquired lock for resource res-file.
2025-11-17 09:39:19.964 [ERROR] [Worker-2] [host-b] Startup initialized. | StackTrace: at Worker.Process() in /src/worker/Processor.cs:line 244
2025-11-17 09:39:25.779 [WARN] [Worker-8] [host-b] Dequeueing 108 messages.
2025-11-17 09:39:25.858 [INFO] [Worker-11] [host-b] Startup initialized.
2025-11-17 09:39:26.687 [WARN] [Worker-14] [host-c] Disk space warning: 72% used.
2025-11-17 09:39:27.397 [CRITICAL] [Worker-3] [host-a] Worker paused due to maintenance window.
2025-11-17 09:39:27.772 [TRACE] [Worker-7] [host-b] Retrying job 434537 (attempt 2).
2025-11-17 09:39:32.541 [DEBUG] [Worker-2] [host-b] Completed scheduled cleanup.
2025-11-17 09:39:38.101 [CRITICAL] [Worker-12] [host-b] Processing job 885187 of type SyncWithRemote.
2025-11-17 09:39:38.337 [ERROR] [Worker-7] [host-a] Shutting down gracefully. | StackTrace: at Worker.Process() in /src/worker/Processor.cs:line 156
2025-11-17 09:39:43.749 [INFO] [Worker-3] [host-b] Loaded configuration: maxWorkers=3; retryLimit=5.
2025-11-17 09:39:46.783 [CRITICAL] [Worker-6] [host-a] Failed to process job 550284: AggregateException: one or more errors occurred
2025-11-17 09:39:46.954 [CRITICAL] [Worker-7] [host-b] Invalid message format. Skipping.
2025-11-17 09:39:48.392 [INFO] [Worker-1] [host-a] Worker paused due to maintenance window.
2025-11-17 09:39:48.783 [INFO] [Worker-7] [host-b] Database connection timeout. Retrying...
2025-11-17 09:39:50.686 [DEBUG] [Worker-12] [host-b] Compacting storage segment 4.
2025-11-17 09:39:51.389 [INFO] [Worker-7] [host-b] Heartbeat received.
2025-11-17 09:39:54.995 [DEBUG] [Worker-15] [host-b] Disk space warning: 70% used.
2025-11-17 09:39:55.956 [WARN] [Worker-3] [host-a] Shutting down gracefully.
2025-11-17 09:39:57.046 [WARN] [Worker-5] [host-a] Compacting storage segment 49.
2025-11-17 09:40:02.037 [INFO] [Worker-4] [host-a] Retrying job 733760 (attempt 5).
2025-11-17 09:40:06.435 [DEBUG] [Worker-11] [host-a] Enqueued job SyncWithRemote with id 268859.
2025-11-17 09:40:08.088 [INFO] [Worker-9] [host-c] No jobs in queue. Sleeping.
2025-11-17 09:40:10.098 [INFO] [Worker-9] [host-c] Starting background task RefreshCache.
2025-11-17 09:40:14.185 [WARN] [Worker-15] [host-b] Dequeueing 59 messages.
2025-11-17 09:40:18.156 [DEBUG] [Worker-13] [host-a] Dequeueing 85 messages.
2025-11-17 09:40:18.921 [INFO] [Worker-2] [host-a] Shutting down gracefully.
2025-11-17 09:40:21.860 [ERROR] [Worker-15] [host-a] Unexpected exception in handler: AggregateException: one or more errors occurred | StackTrace: at Worker.Process() in /src/worker/Processor.cs:line 211
2025-11-17 09:40:27.567 [INFO] [Worker-11] [host-a] Database connection established.
2025-11-17 09:40:28.477 [ERROR] [Worker-10] [host-a] Enqueued job ProcessQueue with id 298449.
2025-11-17 09:40:32.990 [WARN] [Worker-9] [host-b] Checkpoint saved at offset 566136.
2025-11-17 09:40:37.534 [CRITICAL] [Worker-10] [host-c] Failed to process job 139204: UnauthorizedAccessException: access denied
2025-11-17 09:40:40.180 [INFO] [Worker-12] [host-b] Database connection timeout. Retrying...
2025-11-17 09:40:43.654 [DEBUG] [Worker-4] [host-b] Invalid message format. Skipping.
2025-11-17 09:40:43.975 [CRITICAL] [Worker-11] [host-b] Checkpoint saved at offset 1126853.
2025-11-17 09:40:45.311 [DEBUG] [Worker-15] [host-a] Dequeueing 90 messages.
2025-11-17 09:40:46.184 [ERROR] [Worker-8] [host-a] Heartbeat received.
2025-11-17 09:40:46.722 [INFO] [Worker-14] [host-b] Heartbeat received.
2025-11-17 09:40:48.845 [INFO] [Worker-9] [host-b] Loaded configuration: maxWorkers=3; retryLimit=3.
2025-11-17 09:40:49.815 [INFO] [Worker-7] [host-a] Acquired lock for resource res-queue.
2025-11-17 09:40:49.903 [DEBUG] [Worker-6] [host-c] Unexpected exception in handler: HttpRequestException: 502 Bad Gateway
2025-11-17 09:40:54.796 [WARN] [Worker-15] [host-b] Starting background task CompactIndices.
2025-11-17 09:40:56.088 [INFO] [Worker-8] [host-b] Enqueued job ProcessQueue with id 793539.
2025-11-17 09:40:56.419 [INFO] [Worker-2] [host-b] Worker paused due to maintenance window.
2025-11-17 09:40:59.668 [INFO] [Worker-4] [host-b] Starting background task ReportDaily.
2025-11-17 09:41:01.149 [ERROR] [Worker-15] [host-b] Worker paused due to maintenance window.
2025-11-17 09:41:01.910 [INFO] [Worker-8] [host-b] Heartbeat received.
2025-11-17 09:41:04.056 [INFO] [Worker-8] [host-b] Shutting down gracefully.
2025-11-17 09:41:04.976 [INFO] [Worker-16] [host-b] Checkpoint saved at offset 666609.
2025-11-17 09:41:07.498 [INFO] [Worker-2] [host-c] Acquired lock for resource res-queue.
2025-11-17 09:41:09.205 [INFO] [Worker-5] [host-c] Worker paused due to maintenance window.
2025-11-17 09:41:09.499 [INFO] [Worker-14] [host-b] Job GenerateReport completed in 3002 ms.
2025-11-17 09:41:11.131 [INFO] [Worker-16] [host-a] Startup initialized.
2025-11-17 09:41:15.224 [WARN] [Worker-11] [host-b] Compacting storage segment 16.
2025-11-17 09:41:17.411 [INFO] [Worker-9] [host-c] Failed to process job 432086: AggregateException: one or more errors occurred
2025-11-17 09:41:18.669 [INFO] [Worker-7] [host-b] Completed scheduled cleanup.
2025-11-17 09:41:23.802 [ERROR] [Worker-14] [host-c] Loaded configuration: maxWorkers=16; retryLimit=4.
2025-11-17 09:41:24.198 [INFO] [Worker-15] [host-a] Released lock for resource res-queue.
2025-11-17 09:41:30.045 [INFO] [Worker-15] [host-b] Checkpoint saved at offset 152477.
2025-11-17 09:41:31.211 [INFO] [Worker-16] [host-b] Compacting storage segment 10.
2025-11-17 09:41:32.156 [ERROR] [Worker-15] [host-b] Cache cleared for tenant tenantC. | StackTrace: at Worker.Process() in /src/worker/Processor.cs:line 334
2025-11-17 09:41:33.874 [CRITICAL] [Worker-4] [host-a] Disk space warning: 47% used.
2025-11-17 09:41:37.465 [INFO] [Worker-2] [host-b] Enqueued job ProcessQueue with id 671189.
2025-11-17 09:41:41.152 [DEBUG] [Worker-9] [host-c] Shutting down gracefully.
2025-11-17 09:41:44.365 [INFO] [Worker-1] [host-a] Disk space warning: 70% used.
2025-11-17 09:41:45.988 [INFO] [Worker-6] [host-a] Checkpoint saved at offset 1500433.
2025-11-17 09:41:51.501 [WARN] [Worker-10] [host-a] Heartbeat received.
2025-11-17 09:41:56.696 [INFO] [Worker-14] [host-c] External API responded with status 502.
2025-11-17 09:42:02.365 [INFO] [Worker-14] [host-b] Enqueued job CleanTempFiles with id 791905.
2025-11-17 09:42:03.195 [DEBUG] [Worker-7] [host-b] Shutting down gracefully.
2025-11-17 09:42:04.557 [INFO] [Worker-11] [host-a] Shutting down gracefully.
2025-11-17 09:42:04.772 [DEBUG] [Worker-5] [host-c] Completed scheduled cleanup.
2025-11-17 09:42:06.151 [ERROR] [Worker-10] [host-c] Invalid message format. Skipping.
2025-11-17 09:42:07.465 [INFO] [Worker-4] [host-c] Loaded configuration: maxWorkers=15; retryLimit=4.
2025-11-17 09:42:08.115 [TRACE] [Worker-10] [host-a] Database connection timeout. Retrying...
2025-11-17 09:42:09.011 [INFO] [Worker-8] [host-b] Checkpoint saved at offset 142304.
2025-11-17 09:42:11.965 [INFO] [Worker-16] [host-b] Loaded configuration: maxWorkers=13; retryLimit=5.
2025-11-17 09:42:12.636 [INFO] [Worker-12] [host-b] Shutting down gracefully.
2025-11-17 09:42:17.256 [WARN] [Worker-8] [host-b] Startup initialized.
2025-11-17 09:42:17.950 [WARN] [Worker-3] [host-a] Retrying job 811911 (attempt 1).
2025-11-17 09:42:22.532 [INFO] [Worker-12] [host-a] Retrying job 410703 (attempt 3).
2025-11-17 09:42:22.725 [INFO] [Worker-9] [host-b] Unexpected exception in handler: TimeoutError: operation timed out
2025-11-17 09:42:25.875 [CRITICAL] [Worker-9] [host-c] Retrying job 760676 (attempt 2). | StackTrace: at Worker.Process() in /src/worker/Processor.cs:line 277
2025-11-17 09:42:31.775 [WARN] [Worker-15] [host-c] Startup initialized.
2025-11-17 09:42:32.804 [TRACE] [Worker-5] [host-c] External API responded with status 400.
2025-11-17 09:42:33.334 [INFO] [Worker-7] [host-b] Completed scheduled cleanup.
2025-11-17 09:42:37.505 [DEBUG] [Worker-6] [host-a] Enqueued job SyncWithRemote with id 175521.
2025-11-17 09:42:38.018 [DEBUG] [Worker-16] [host-c] Shutting down gracefully.
2025-11-17 09:42:43.393 [INFO] [Worker-13] [host-b] Starting background task RefreshCache.
2025-11-17 09:42:43.520 [DEBUG] [Worker-6] [host-b] Compacting storage segment 1.
2025-11-17 09:42:47.871 [INFO] [Worker-5] [host-c] Cache cleared for tenant tenantC.
2025-11-17 09:42:50.204 [WARN] [Worker-11] [host-c] No jobs in queue. Sleeping.
2025-11-17 09:42:50.646 [WARN] [Worker-3] [host-c] External API responded with status 200.
2025-11-17 09:42:53.313 [TRACE] [Worker-7] [host-b] Job ArchiveOldData completed in 1796 ms.
2025-11-17 09:42:58.231 [INFO] [Worker-9] [host-c] Released lock for resource res-file.
2025-11-17 09:42:59.679 [CRITICAL] [Worker-3] [host-c] Dequeueing 101 messages.
2025-11-17 09:43:01.520 [TRACE] [Worker-12] [host-a] Processing job 466795 of type CleanTempFiles.
2025-11-17 09:43:01.604 [DEBUG] [Worker-2] [host-a] Disk space warning: 50% used.
2025-11-17 09:43:02.993 [INFO] [Worker-16] [host-b] Failed to process job 803378: IOException: failed to write file
2025-11-17 09:43:03.586 [INFO] [Worker-9] [host-b] Retrying job 273813 (attempt 4).
2025-11-17 09:43:05.608 [DEBUG] [Worker-16] [host-a] External API responded with status 503.
2025-11-17 09:43:07.214 [DEBUG] [Worker-7] [host-b] Cache cleared for tenant tenantB.
2025-11-17 09:43:07.416 [DEBUG] [Worker-7] [host-b] Completed scheduled cleanup.
2025-11-17 09:43:13.280 [INFO] [Worker-14] [host-c] Loaded configuration: maxWorkers=15; retryLimit=5.
2025-11-17 09:43:14.048 [WARN] [Worker-1] [host-b] Cache cleared for tenant tenantB.
2025-11-17 09:43:19.180 [INFO] [Worker-3] [host-c] Disk space warning: 90% used.
2025-11-17 09:43:22.208 [INFO] [Worker-13] [host-b] Enqueued job ArchiveOldData with id 196605.
2025-11-17 09:43:23.182 [INFO] [Worker-7] [host-a] Cache cleared for tenant tenantB.
2025-11-17 09:43:23.327 [CRITICAL] [Worker-3] [host-a] Compacting storage segment 24. | StackTrace: at Worker.Process() in /src/worker/Processor.cs:line 357
2025-11-17 09:43:24.908 [INFO] [Worker-8] [host-a] Starting background task RefreshCache.
2025-11-17 09:43:26.303 [TRACE] [Worker-8] [host-a] Processing job 440385 of type SyncWithRemote.
2025-11-17 09:43:29.579 [CRITICAL] [Worker-13] [host-b] No jobs in queue. Sleeping.
2025-11-17 09:43:30.133 [DEBUG] [Worker-5] [host-c] Dequeueing 117 messages.
2025-11-17 09:43:34.508 [DEBUG] [Worker-8] [host-a] Database connection established.
2025-11-17 09:43:39.084 [WARN] [Worker-4] [host-b] Startup initialized.
2025-11-17 09:43:43.615 [INFO] [Worker-12] [host-a] Loaded configuration: maxWorkers=13; retryLimit=2.
2025-11-17 09:43:46.277 [WARN] [Worker-11] [host-b] Retrying job 188781 (attempt 2).
2025-11-17 09:43:46.414 [CRITICAL] [Worker-7] [host-c] Retrying job 345301 (attempt 4). | StackTrace: at Worker.Process() in /src/worker/Processor.cs:line 303
2025-11-17 09:43:49.971 [INFO] [Worker-2] [host-a] Worker paused due to maintenance window.
2025-11-17 09:43:55.395 [DEBUG] [Worker-14] [host-c] Dequeueing 52 messages.
2025-11-17 09:43:56.212 [INFO] [Worker-11] [host-c] Disk space warning: 43% used.
2025-11-17 09:44:01.392 [ERROR] [Worker-6] [host-c] Completed scheduled cleanup. | StackTrace: at Worker.Process() in /src/worker/Processor.cs:line 126
2025-11-17 09:44:07.261 [INFO] [Worker-11] [host-b] Checkpoint saved at offset 1337559.
2025-11-17 09:44:08.405 [ERROR] [Worker-4] [host-a] Failed to process job 459511: UnauthorizedAccessException: access denied
2025-11-17 09:44:11.042 [INFO] [Worker-12] [host-b] Checkpoint saved at offset 1182146.
2025-11-17 09:44:11.092 [INFO] [Worker-10] [host-c] Worker paused due to maintenance window.
2025-11-17 09:44:13.836 [INFO] [Worker-12] [host-b] Completed scheduled cleanup.
2025-11-17 09:44:15.832 [INFO] [Worker-3] [host-a] External API responded with status 201.
2025-11-17 09:44:17.470 [INFO] [Worker-1] [host-a] Acquired lock for resource res-queue.
2025-11-17 09:44:22.759 [INFO] [Worker-10] [host-b] Dequeueing 116 messages.
2025-11-17 09:44:26.232 [INFO] [Worker-9] [host-b] Heartbeat received.
2025-11-17 09:44:30.259 [INFO] [Worker-3] [host-a] Processing job 214339 of type GenerateReport.
2025-11-17 09:44:31.186 [INFO] [Worker-10] [host-c] Enqueued job SyncWithRemote with id 784164.
2025-11-17 09:44:35.498 [INFO] [Worker-12] [host-c] External API responded with status 400.
2025-11-17 09:44:36.548 [INFO] [Worker-14] [host-c] Checkpoint saved at offset 1437649.
2025-11-17 09:44:42.364 [DEBUG] [Worker-15] [host-c] Retrying job 193544 (attempt 4).
2025-11-17 09:44:44.240 [INFO] [Worker-6] [host-c] Worker paused due to maintenance window.
2025-11-17 09:44:45.521 [WARN] [Worker-11] [host-c] Acquired lock for resource res-queue.
2025-11-17 09:44:50.876 [INFO] [Worker-7] [host-c] No jobs in queue. Sleeping.
2025-11-17 09:44:51.198 [INFO] [Worker-14] [host-b] Released lock for resource res-db.
2025-11-17 09:44:51.209 [INFO] [Worker-7] [host-c] Compacting storage segment 9.
2025-11-17 09:44:54.506 [INFO] [Worker-5] [host-c] Enqueued job GenerateReport with id 908333.
2025-11-17 09:44:55.105 [INFO] [Worker-2] [host-b] Compacting storage segment 22.
2025-11-17 09:44:56.745 [WARN] [Worker-1] [host-c] External API responded with status 401.
2025-11-17 09:45:00.479 [ERROR] [Worker-8] [host-c] Processing job 807766 of type ArchiveOldData.
2025-11-17 09:45:04.654 [INFO] [Worker-4] [host-a] No jobs in queue. Sleeping.
2025-11-17 09:45:05.358 [INFO] [Worker-15] [host-a] Database connection timeout. Retrying...
2025-11-17 09:45:10.842 [INFO] [Worker-11] [host-a] Invalid message format. Skipping.
2025-11-17 09:45:12.362 [TRACE] [Worker-16] [host-a] Loaded configuration: maxWorkers=6; retryLimit=5.
2025-11-17 09:45:13.222 [INFO] [Worker-3] [host-a] Loaded configuration: maxWorkers=5; retryLimit=4.
2025-11-17 09:45:14.949 [WARN] [Worker-1] [host-b] Checkpoint saved at offset 407155.
2025-11-17 09:45:20.487 [CRITICAL] [Worker-8] [host-a] Starting background task CompactIndices. | StackTrace: at Worker.Process() in /src/worker/Processor.cs:line 142
2025-11-17 09:45:21.837 [INFO] [Worker-15] [host-c] External API responded with status 500.
2025-11-17 09:45:24.152 [ERROR] [Worker-13] [host-c] Worker paused due to maintenance window. | StackTrace: at Worker.Process() in /src/worker/Processor.cs:line 220
2025-11-17 09:45:24.164 [INFO] [Worker-10] [host-c] Enqueued job ProcessQueue with id 451631.
2025-11-17 09:45:25.132 [ERROR] [Worker-13] [host-c] Dequeueing 35 messages.
2025-11-17 09:45:27.102 [TRACE] [Worker-7] [host-a] Heartbeat received.
2025-11-17 09:45:27.451 [ERROR] [Worker-7] [host-c] Database connection established.
2025-11-17 09:45:31.799 [INFO] [Worker-7] [host-a] Dequeueing 64 messages.
2025-11-17 09:45:37.757 [INFO] [Worker-15] [host-a] Cache cleared for tenant public.
2025-11-17 09:45:38.898 [TRACE] [Worker-1] [host-b] Starting background task ReportDaily.
2025-11-17 09:45:43.891 [INFO] [Worker-15] [host-c] Retrying job 184239 (attempt 3).
2025-11-17 09:45:45.150 [WARN] [Worker-5] [host-c] No jobs in queue. Sleeping.
2025-11-17 09:45:45.530 [WARN] [Worker-4] [host-c] Startup initialized.
2025-11-17 09:45:47.112 [INFO] [Worker-9] [host-b] Acquired lock for resource res-file.
2025-11-17 09:45:52.839 [INFO] [Worker-11] [host-c] Cache cleared for tenant public.
2025-11-17 09:45:52.856 [INFO] [Worker-16] [host-b] Disk space warning: 81% used.
2025-11-17 09:45:53.617 [ERROR] [Worker-6] [host-a] Startup initialized.
2025-11-17 09:45:55.084 [INFO] [Worker-8] [host-c] Worker paused due to maintenance window.
2025-11-17 09:46:00.699 [INFO] [Worker-8] [host-a] Job CleanTempFiles completed in 596 ms.
2025-11-17 09:46:02.382 [ERROR] [Worker-6] [host-c] Released lock for resource res-queue.
2025-11-17 09:46:07.626 [INFO] [Worker-12] [host-b] Failed to process job 127488: NullReferenceException at Processor.Handle()
2025-11-17 09:46:09.216 [TRACE] [Worker-2] [host-a] Failed to process job 174653: UnauthorizedAccessException: access denied
2025-11-17 09:46:12.498 [ERROR] [Worker-10] [host-c] Dequeueing 28 messages.
2025-11-17 09:46:13.968 [DEBUG] [Worker-7] [host-a] Retrying job 355851 (attempt 5).
2025-11-17 09:46:14.442 [DEBUG] [Worker-9] [host-b] Database connection timeout. Retrying...
2025-11-17 09:46:15.624 [ERROR] [Worker-2] [host-b] Retrying job 338295 (attempt 1).
2025-11-17 09:46:19.181 [INFO] [Worker-11] [host-c] Completed scheduled cleanup.
2025-11-17 09:46:19.854 [DEBUG] [Worker-15] [host-c] Starting background task CompactIndices.
2025-11-17 09:46:20.422 [TRACE] [Worker-8] [host-c] Checkpoint saved at offset 253423.
2025-11-17 09:46:25.976 [TRACE] [Worker-7] [host-c] Acquired lock for resource res-file.
2025-11-17 09:46:31.488 [INFO] [Worker-14] [host-b] External API responded with status 200.
2025-11-17 09:46:35.075 [INFO] [Worker-9] [host-a] Dequeueing 15 messages.
2025-11-17 09:46:36.492 [INFO] [Worker-4] [host-b] Loaded configuration: maxWorkers=6; retryLimit=2.
2025-11-17 09:46:37.233 [DEBUG] [Worker-9] [host-c] Compacting storage segment 32.
2025-11-17 09:46:40.677 [INFO] [Worker-3] [host-b] Worker paused due to maintenance window.
2025-11-17 09:46:43.690 [INFO] [Worker-6] [host-a] Worker paused due to maintenance window.
2025-11-17 09:46:44.387 [INFO] [Worker-7] [host-b] Processing job 889020 of type CleanTempFiles.
2025-11-17 09:46:44.465 [WARN] [Worker-11] [host-c] Compacting storage segment 34.
2025-11-17 09:46:45.504 [INFO] [Worker-7] [host-b] Acquired lock for resource res-file.
2025-11-17 09:46:45.990 [INFO] [Worker-13] [host-a] Database connection timeout. Retrying...
2025-11-17 09:46:46.426 [ERROR] [Worker-8] [host-a] Enqueued job SendNotifications with id 908961.
2025-11-17 09:46:50.590 [DEBUG] [Worker-1] [host-c] Loaded configuration: maxWorkers=2; retryLimit=3.
2025-11-17 09:46:55.998 [INFO] [Worker-4] [host-a] Starting background task RefreshCache.
2025-11-17 09:46:56.952 [INFO] [Worker-10] [host-a] Processing job 554496 of type SyncWithRemote.
2025-11-17 09:46:58.096 [INFO] [Worker-4] [host-b] Worker paused due to maintenance window.
2025-11-17 09:47:00.714 [WARN] [Worker-1] [host-c] Cache cleared for tenant public.
2025-11-17 09:47:03.941 [DEBUG] [Worker-4] [host-b] Retrying job 146002 (attempt 1).
2025-11-17 09:47:04.177 [WARN] [Worker-13] [host-a] Enqueued job SyncWithRemote with id 299127.
2025-11-17 09:47:06.190 [ERROR] [Worker-8] [host-b] External API responded with status 403.
2025-11-17 09:47:10.380 [WARN] [Worker-13] [host-b] Loaded configuration: maxWorkers=14; retryLimit=4.
2025-11-17 09:47:15.436 [ERROR] [Worker-5] [host-c] Cache cleared for tenant tenantA. | StackTrace: at Worker.Process() in /src/worker/Processor.cs:line 264
2025-11-17 09:47:17.233 [INFO] [Worker-15] [host-c] Retrying job 477683 (attempt 1).
2025-11-17 09:47:18.645 [WARN] [Worker-13] [host-b] Invalid message format. Skipping.
2025-11-17 09:47:19.161 [DEBUG] [Worker-16] [host-b] Processing job 894492 of type GenerateReport.
2025-11-17 09:47:19.198 [DEBUG] [Worker-13] [host-c] Failed to process job 726970: TimeoutError: operation timed out
2025-11-17 09:47:20.540 [ERROR] [Worker-13] [host-a] Released lock for resource res-file.
2025-11-17 09:47:21.624 [INFO] [Worker-11] [host-a] Starting background task CompactIndices.
2025-11-17 09:47:25.573 [INFO] [Worker-11] [host-a] Failed to process job 566242: SqlException: login failed
2025-11-17 09:47:28.674 [INFO] [Worker-7] [host-a] Startup initialized.
2025-11-17 09:47:31.500 [ERROR] [Worker-16] [host-a] No jobs in queue. Sleeping. | StackTrace: at Worker.Process() in /src/worker/Processor.cs:line 210
2025-11-17 09:47:32.333 [INFO] [Worker-5] [host-c] Acquired lock for resource res-db.
2025-11-17 09:47:35.702 [INFO] [Worker-6] [host-b] Database connection established.
2025-11-17 09:47:35.714 [DEBUG] [Worker-1] [host-b] Dequeueing 89 messages.
2025-11-17 09:47:39.427 [TRACE] [Worker-11] [host-c] Shutting down gracefully.
2025-11-17 09:47:39.741 [WARN] [Worker-14] [host-c] Database connection established.
2025-11-17 09:47:42.374 [INFO] [Worker-14] [host-a] Disk space warning: 89% used.
2025-11-17 09:47:45.466 [WARN] [Worker-8] [host-c] Job GenerateReport completed in 4353 ms.
2025-11-17 09:47:46.103 [INFO] [Worker-5] [host-c] Job SyncWithRemote completed in 136 ms.
2025-11-17 09:47:47.519 [CRITICAL] [Worker-1] [host-a] Processing job 727307 of type CleanTempFiles.
2025-11-17 09:47:51.483 [INFO] [Worker-11] [host-a] No jobs in queue. Sleeping.
2025-11-17 09:47:53.652 [INFO] [Worker-1] [host-a] Loaded configuration: maxWorkers=7; retryLimit=1.
2025-11-17 09:47:55.204 [WARN] [Worker-10] [host-b] Job ProcessQueue completed in 2767 ms.
2025-11-17 09:48:00.191 [DEBUG] [Worker-1] [host-b] Cache cleared for tenant public.
2025-11-17 09:48:02.953 [INFO] [Worker-14] [host-b] External API responded with status 200.
2025-11-17 09:48:04.900 [INFO] [Worker-1] [host-c] Retrying job 505964 (attempt 5).
2025-11-17 09:48:10.729 [DEBUG] [Worker-15] [host-a] Heartbeat received.
2025-11-17 09:48:11.638 [WARN] [Worker-15] [host-a] Released lock for resource res-queue.
2025-11-17 09:48:14.995 [ERROR] [Worker-4] [host-b] Processing job 636625 of type ProcessQueue. | StackTrace: at Worker.Process() in /src/worker/Processor.cs:line 244
2025-11-17 09:48:19.861 [INFO] [Worker-4] [host-b] Cache cleared for tenant tenantC.
2025-11-17 09:48:20.828 [INFO] [Worker-13] [host-c] Released lock for resource res-db.
2025-11-17 09:48:23.748 [INFO] [Worker-8] [host-c] Checkpoint saved at offset 1268727.
2025-11-17 09:48:24.414 [INFO] [Worker-2] [host-c] Startup initialized.
2025-11-17 09:48:25.319 [INFO] [Worker-10] [host-a] Cache cleared for tenant tenantC.
2025-11-17 09:48:25.777 [TRACE] [Worker-2] [host-b] Released lock for resource res-queue.
2025-11-17 09:48:27.252 [DEBUG] [Worker-13] [host-b] Invalid message format. Skipping.
2025-11-17 09:48:27.664 [DEBUG] [Worker-15] [host-a] No jobs in queue. Sleeping.
2025-11-17 09:48:28.965 [INFO] [Worker-3] [host-c] Enqueued job SyncWithRemote with id 456884.
2025-11-17 09:48:29.495 [DEBUG] [Worker-4] [host-c] Enqueued job SyncWithRemote with id 499562.
2025-11-17 09:48:32.447 [INFO] [Worker-11] [host-a] Database connection timeout. Retrying...
2025-11-17 09:48:33.699 [DEBUG] [Worker-8] [host-c] Dequeueing 106 messages.
2025-11-17 09:48:38.602 [WARN] [Worker-16] [host-a] Retrying job 622364 (attempt 3).
2025-11-17 09:48:38.796 [INFO] [Worker-9] [host-c] Starting background task RefreshCache.
2025-11-17 09:48:38.925 [INFO] [Worker-6] [host-b] Invalid message format. Skipping.
2025-11-17 09:48:39.027 [INFO] [Worker-12] [host-a] Failed to process job 380891: IOException: failed to write file
2025-11-17 09:48:39.575 [CRITICAL] [Worker-16] [host-c] Worker paused due to maintenance window.
2025-11-17 09:48:44.194 [WARN] [Worker-10] [host-b] Database connection established.
2025-11-17 09:48:44.654 [CRITICAL] [Worker-9] [host-c] Database connection timeout. Retrying...
2025-11-17 09:48:44.938 [WARN] [Worker-13] [host-a] Disk space warning: 85% used.
2025-11-17 09:48:47.118 [ERROR] [Worker-11] [host-c] Database connection timeout. Retrying...
2025-11-17 09:48:47.265 [DEBUG] [Worker-9] [host-a] Startup initialized.
2025-11-17 09:48:47.317 [INFO] [Worker-14] [host-b] Compacting storage segment 37.
2025-11-17 09:48:49.654 [DEBUG] [Worker-15] [host-b] Cache cleared for tenant public.
2025-11-17 09:48:53.501 [ERROR] [Worker-5] [host-a] No jobs in queue. Sleeping.
2025-11-17 09:48:53.558 [INFO] [Worker-5] [host-a] Database connection established.
2025-11-17 09:48:56.143 [WARN] [Worker-5] [host-a] Cache cleared for tenant tenantB.
2025-11-17 09:48:59.956 [INFO] [Worker-6] [host-b] Loaded configuration: maxWorkers=9; retryLimit=4.
2025-11-17 09:49:00.838 [ERROR] [Worker-10] [host-a] Acquired lock for resource res-db.
2025-11-17 09:49:02.353 [DEBUG] [Worker-7] [host-a] Checkpoint saved at offset 641492.
2025-11-17 09:49:02.756 [INFO] [Worker-8] [host-c] Heartbeat received.
2025-11-17 09:49:08.598 [INFO] [Worker-11] [host-a] Enqueued job SyncWithRemote with id 188290.
2025-11-17 09:49:10.521 [CRITICAL] [Worker-9] [host-a] Job SendNotifications completed in 1431 ms.
2025-11-17 09:49:11.876 [DEBUG] [Worker-2] [host-b] Worker paused due to maintenance window.
2025-11-17 09:49:12.089 [CRITICAL] [Worker-1] [host-a] Checkpoint saved at offset 1841169.
2025-11-17 09:49:13.095 [DEBUG] [Worker-2] [host-c] Processing job 721533 of type SyncWithRemote.
2025-11-17 09:49:16.429 [INFO] [Worker-12] [host-b] No jobs in queue. Sleeping.
2025-11-17 09:49:19.648 [INFO] [Worker-3] [host-c] Shutting down gracefully.
2025-11-17 09:49:24.491 [WARN] [Worker-13] [host-b] Compacting storage segment 23.
2025-11-17 09:49:24.587 [INFO] [Worker-10] [host-c] Checkpoint saved at offset 1007061.
2025-11-17 09:49:26.834 [CRITICAL] [Worker-8] [host-b] Starting background task RefreshCache. | StackTrace: at Worker.Process() in /src/worker/Processor.cs:line 315
2025-11-17 09:49:28.280 [INFO] [Worker-13] [host-c] Released lock for resource res-file.
2025-11-17 09:49:34.256 [WARN] [Worker-6] [host-a] Startup initialized.
2025-11-17 09:49:38.520 [INFO] [Worker-6] [host-c] Failed to process job 674165: SqlException: login failed
2025-11-17 09:49:39.115 [INFO] [Worker-11] [host-c] Dequeueing 33 messages.
2025-11-17 09:49:40.867 [INFO] [Worker-15] [host-a] Completed scheduled cleanup.
2025-11-17 09:49:43.976 [DEBUG] [Worker-9] [host-b] Enqueued job SyncWithRemote with id 181753.
2025-11-17 09:49:48.987 [CRITICAL] [Worker-4] [host-a] Shutting down gracefully.
2025-11-17 09:49:50.678 [DEBUG] [Worker-6] [host-b] Dequeueing 46 messages.
2025-11-17 09:49:52.053 [ERROR] [Worker-5] [host-a] Loaded configuration: maxWorkers=3; retryLimit=4.
2025-11-17 09:49:53.023 [INFO] [Worker-9] [host-b] Dequeueing 94 messages.
2025-11-17 09:49:53.466 [INFO] [Worker-15] [host-c] Database connection timeout. Retrying...
2025-11-17 09:49:54.878 [TRACE] [Worker-14] [host-b] Startup initialized.
2025-11-17 09:49:56.060 [INFO] [Worker-10] [host-a] Compacting storage segment 36.
2025-11-17 09:49:57.069 [ERROR] [Worker-11] [host-a] Startup initialized.
2025-11-17 09:49:58.667 [ERROR] [Worker-15] [host-a] Processing job 455297 of type CleanTempFiles.
2025-11-17 09:49:59.892 [DEBUG] [Worker-8] [host-c] Shutting down gracefully.
2025-11-17 09:50:05.545 [INFO] [Worker-11] [host-a] Dequeueing 56 messages.
2025-11-17 09:50:06.428 [WARN] [Worker-13] [host-b] Acquired lock for resource res-queue.
2025-11-17 09:50:07.975 [WARN] [Worker-11] [host-b] Released lock for resource res-file.
2025-11-17 09:50:13.734 [ERROR] [Worker-12] [host-b] Database connection established.
2025-11-17 09:50:14.692 [INFO] [Worker-14] [host-a] Completed scheduled cleanup.
2025-11-17 09:50:15.119 [CRITICAL] [Worker-7] [host-a] Startup initialized.
2025-11-17 09:50:16.750 [WARN] [Worker-4] [host-c] Compacting storage segment 23.
2025-11-17 09:50:16.803 [ERROR] [Worker-12] [host-a] Completed scheduled cleanup.
2025-11-17 09:50:18.763 [WARN] [Worker-13] [host-a] Worker paused due to maintenance window.
2025-11-17 09:50:19.667 [DEBUG] [Worker-16] [host-b] Disk space warning: 66% used.
2025-11-17 09:50:20.053 [DEBUG] [Worker-11] [host-b] Unexpected exception in handler: UnauthorizedAccessException: access denied
2025-11-17 09:50:23.785 [DEBUG] [Worker-9] [host-b] Database connection timeout. Retrying...
2025-11-17 09:50:24.786 [INFO] [Worker-13] [host-b] Job ProcessQueue completed in 3425 ms.
2025-11-17 09:50:27.371 [DEBUG] [Worker-11] [host-b] Cache cleared for tenant tenantA.
2025-11-17 09:50:30.864 [INFO] [Worker-14] [host-a] Startup initialized.
2025-11-17 09:50:32.909 [DEBUG] [Worker-2] [host-c] Completed scheduled cleanup.
2025-11-17 09:50:32.909 [WARN] [Worker-9] [host-b] Checkpoint saved at offset 384375.
2025-11-17 09:50:33.684 [INFO] [Worker-3] [host-b] Worker paused due to maintenance window.
2025-11-17 09:50:38.057 [INFO] [Worker-10] [host-a] Worker paused due to maintenance window.
2025-11-17 09:50:38.163 [DEBUG] [Worker-2] [host-b] Failed to process job 642939: TimeoutError: operation timed out
2025-11-17 09:50:38.486 [INFO] [Worker-6] [host-b] Compacting storage segment 15.
2025-11-17 09:50:40.220 [INFO] [Worker-6] [host-c] Retrying job 864078 (attempt 1).
2025-11-17 09:50:44.804 [INFO] [Worker-15] [host-b] Shutting down gracefully.
2025-11-17 09:50:48.997 [DEBUG] [Worker-8] [host-a] Compacting storage segment 1.
2025-11-17 09:50:50.169 [DEBUG] [Worker-2] [host-a] Heartbeat received.
2025-11-17 09:50:52.044 [INFO] [Worker-11] [host-c] Compacting storage segment 30.
2025-11-17 09:50:53.372 [INFO] [Worker-6] [host-b] Startup initialized.
2025-11-17 09:50:56.897 [INFO] [Worker-1] [host-b] Compacting storage segment 36.
2025-11-17 09:50:56.914 [ERROR] [Worker-12] [host-c] Starting background task ReportDaily.
2025-11-17 09:50:58.644 [ERROR] [Worker-9] [host-b] Database connection timeout. Retrying... | StackTrace: at Worker.Process() in /src/worker/Processor.cs:line 392
2025-11-17 09:50:58.986 [INFO] [Worker-9] [host-b] Starting background task RefreshCache.
2025-11-17 09:51:03.657 [DEBUG] [Worker-7] [host-b] Checkpoint saved at offset 356229.
2025-11-17 09:51:07.723 [WARN] [Worker-11] [host-a] Checkpoint saved at offset 1824439.
2025-11-17 09:51:10.183 [ERROR] [Worker-10] [host-b] Database connection established.
2025-11-17 09:51:15.723 [INFO] [Worker-16] [host-c] Completed scheduled cleanup.
2025-11-17 09:51:21.160 [INFO] [Worker-10] [host-a] Failed to process job 179419: HttpRequestException: 502 Bad Gateway
2025-11-17 09:51:23.361 [TRACE] [Worker-11] [host-b] Compacting storage segment 6.
2025-11-17 09:51:28.174 [WARN] [Worker-6] [host-c] Heartbeat received.
2025-11-17 09:51:33.697 [TRACE] [Worker-3] [host-b] Failed to process job 114405: IOException: failed to write file
2025-11-17 09:51:34.865 [INFO] [Worker-3] [host-b] Acquired lock for resource res-file.
2025-11-17 09:51:35.617 [WARN] [Worker-13] [host-b] Job SyncWithRemote completed in 19 ms.
2025-11-17 09:51:37.364 [INFO] [Worker-6] [host-a] Database connection established.
2025-11-17 09:51:37.437 [INFO] [Worker-2] [host-c] Invalid message format. Skipping.
2025-11-17 09:51:40.422 [DEBUG] [Worker-2] [host-a] Failed to process job 388159: TimeoutError: operation timed out
2025-11-17 09:51:40.961 [INFO] [Worker-12] [host-a] Disk space warning: 81% used.
2025-11-17 09:51:44.429 [INFO] [Worker-7] [host-b] Completed scheduled cleanup.
2025-11-17 09:51:48.076 [ERROR] [Worker-16] [host-b] Invalid message format. Skipping.
2025-11-17 09:51:51.082 [CRITICAL] [Worker-11] [host-a] Released lock for resource res-file.
2025-11-17 09:51:55.453 [WARN] [Worker-13] [host-b] Disk space warning: 91% used.
2025-11-17 09:52:00.715 [CRITICAL] [Worker-10] [host-a] Heartbeat received.
2025-11-17 09:52:02.185 [WARN] [Worker-2] [host-a] Disk space warning: 57% used.
2025-11-17 09:52:03.015 [INFO] [Worker-8] [host-b] Retrying job 187197 (attempt 4).
2025-11-17 09:52:03.997 [INFO] [Worker-8] [host-a] Shutting down gracefully.
2025-11-17 09:52:04.571 [TRACE] [Worker-3] [host-a] Startup initialized.
2025-11-17 09:52:08.634 [DEBUG] [Worker-5] [host-b] Heartbeat received.
2025-11-17 09:52:11.538 [INFO] [Worker-13] [host-c] Enqueued job GenerateReport with id 403094.
2025-11-17 09:52:12.516 [INFO] [Worker-4] [host-c] Disk space warning: 93% used.
2025-11-17 09:52:17.748 [DEBUG] [Worker-14] [host-c] Processing job 200042 of type CleanTempFiles.
2025-11-17 09:52:18.115 [DEBUG] [Worker-6] [host-a] Released lock for resource res-queue.
2025-11-17 09:52:20.970 [INFO] [Worker-6] [host-a] Retrying job 479758 (attempt 1).
2025-11-17 09:52:21.834 [INFO] [Worker-15] [host-a] Acquired lock for resource res-file.
2025-11-17 09:52:24.889 [DEBUG] [Worker-3] [host-c] Job SyncWithRemote completed in 562 ms.
2025-11-17 09:52:27.338 [DEBUG] [Worker-6] [host-c] Cache cleared for tenant public.
2025-11-17 09:52:27.389 [DEBUG] [Worker-1] [host-c] External API responded with status 200.
2025-11-17 09:52:27.834 [ERROR] [Worker-5] [host-c] Database connection established.
2025-11-17 09:52:29.563 [WARN] [Worker-6] [host-c] Checkpoint saved at offset 306579.
2025-11-17 09:52:32.829 [INFO] [Worker-7] [host-a] Cache cleared for tenant tenantC.
2025-11-17 09:52:37.736 [INFO] [Worker-6] [host-c] Worker paused due to maintenance window.
2025-11-17 09:52:38.087 [WARN] [Worker-5] [host-b] Cache cleared for tenant tenantB.
2025-11-17 09:52:39.799 [INFO] [Worker-12] [host-b] Database connection established.
2025-11-17 09:52:44.685 [TRACE] [Worker-12] [host-b] Shutting down gracefully.
2025-11-17 09:52:48.540 [WARN] [Worker-16] [host-a] Compacting storage segment 11.
2025-11-17 09:52:53.121 [INFO] [Worker-9] [host-b] Invalid message format. Skipping.
2025-11-17 09:52:55.866 [INFO] [Worker-6] [host-a] Checkpoint saved at offset 1691706.
2025-11-17 09:52:57.848 [INFO] [Worker-6] [host-a] Invalid message format. Skipping.
2025-11-17 09:52:58.882 [DEBUG] [Worker-11] [host-c] Unexpected exception in handler: IOException: failed to write file
2025-11-17 09:53:03.620 [INFO] [Worker-2] [host-b] Startup initialized.
2025-11-17 09:53:09.260 [WARN] [Worker-9] [host-c] External API responded with status 503.
2025-11-17 09:53:09.987 [WARN] [Worker-5] [host-c] Heartbeat received.
2025-11-17 09:53:11.377 [INFO] [Worker-14] [host-a] Processing job 291270 of type SyncWithRemote.
2025-11-17 09:53:15.666 [ERROR] [Worker-6] [host-b] Processing job 500861 of type SyncWithRemote.
2025-11-17 09:53:16.105 [DEBUG] [Worker-15] [host-c] Starting background task ReportDaily.
2025-11-17 09:53:21.008 [WARN] [Worker-7] [host-a] Database connection timeout. Retrying...
2025-11-17 09:53:22.900 [DEBUG] [Worker-3] [host-a] Unexpected exception in handler: SqlException: login failed
2025-11-17 09:53:23.830 [WARN] [Worker-5] [host-b] Database connection established.
2025-11-17 09:53:26.335 [INFO] [Worker-8] [host-b] Starting background task RefreshCache.
2025-11-17 09:53:29.658 [TRACE] [Worker-12] [host-b] Disk space warning: 75% used.
2025-11-17 09:53:29.808 [INFO] [Worker-3] [host-b] Disk space warning: 94% used.
2025-11-17 09:53:32.426 [WARN] [Worker-8] [host-c] Acquired lock for resource res-db.
2025-11-17 09:53:37.131 [INFO] [Worker-14] [host-b] Acquired lock for resource res-file.
2025-11-17 09:53:39.764 [INFO] [Worker-14] [host-b] Retrying job 720633 (attempt 3).
2025-11-17 09:53:43.278 [INFO] [Worker-3] [host-c] Loaded configuration: maxWorkers=11; retryLimit=1.
2025-11-17 09:53:43.480 [WARN] [Worker-2] [host-c] External API responded with status 404.
2025-11-17 09:53:44.689 [INFO] [Worker-6] [host-a] Enqueued job SendNotifications with id 984683.
2025-11-17 09:53:49.508 [DEBUG] [Worker-1] [host-a] Job CleanTempFiles completed in 3345 ms.
2025-11-17 09:53:51.206 [ERROR] [Worker-2] [host-c] Starting background task ReportDaily.
2025-11-17 09:53:51.232 [INFO] [Worker-1] [host-c] Completed scheduled cleanup.
2025-11-17 09:53:57.207 [INFO] [Worker-6] [host-b] Checkpoint saved at offset 639619.
2025-11-17 09:54:02.584 [INFO] [Worker-14] [host-b] Processing job 547349 of type SendNotifications.
2025-11-17 09:54:03.532 [DEBUG] [Worker-9] [host-a] Disk space warning: 53% used.
2025-11-17 09:54:08.877 [ERROR] [Worker-11] [host-b] Database connection established.
2025-11-17 09:54:13.776 [INFO] [Worker-3] [host-c] Acquired lock for resource res-db.
2025-11-17 09:54:13.873 [INFO] [Worker-5] [host-b] Startup initialized.
2025-11-17 09:54:17.483 [INFO] [Worker-7] [host-a] Dequeueing 32 messages.
2025-11-17 09:54:17.571 [ERROR] [Worker-9] [host-c] Shutting down gracefully. | StackTrace: at Worker.Process() in /src/worker/Processor.cs:line 278
2025-11-17 09:54:21.624 [INFO] [Worker-8] [host-b] External API responded with status 502.
2025-11-17 09:54:22.798 [TRACE] [Worker-9] [host-b] Shutting down gracefully.
2025-11-17 09:54:28.582 [TRACE] [Worker-5] [host-c] Unexpected exception in handler: HttpRequestException: 502 Bad Gateway
2025-11-17 09:54:28.916 [INFO] [Worker-4] [host-b] Database connection timeout. Retrying...
2025-11-17 09:54:31.599 [DEBUG] [Worker-2] [host-a] Completed scheduled cleanup.
2025-11-17 09:54:32.127 [INFO] [Worker-16] [host-a] Loaded configuration: maxWorkers=10; retryLimit=2.
2025-11-17 09:54:32.547 [INFO] [Worker-16] [host-c] Checkpoint saved at offset 860795.
2025-11-17 09:54:33.430 [WARN] [Worker-12] [host-b] Checkpoint saved at offset 578990.
2025-11-17 09:54:36.726 [INFO] [Worker-1] [host-b] Retrying job 717565 (attempt 2).
2025-11-17 09:54:37.132 [INFO] [Worker-1] [host-c] Failed to process job 427514: IOException: failed to write file
2025-11-17 09:54:37.364 [INFO] [Worker-4] [host-c] Shutting down gracefully.
2025-11-17 09:54:41.683 [INFO] [Worker-10] [host-a] Released lock for resource res-db.
2025-11-17 09:54:46.490 [INFO] [Worker-15] [host-b] Heartbeat received.
2025-11-17 09:54:47.440 [INFO] [Worker-14] [host-a] Database connection established.
2025-11-17 09:54:50.911 [INFO] [Worker-3] [host-a] External API responded with status 201.
2025-11-17 09:54:52.417 [INFO] [Worker-7] [host-c] No jobs in queue. Sleeping.
2025-11-17 09:54:52.591 [DEBUG] [Worker-12] [host-c] Disk space warning: 82% used.
2025-11-17 09:54:57.571 [INFO] [Worker-1] [host-b] Loaded configuration: maxWorkers=11; retryLimit=2.
2025-11-17 09:55:00.093 [DEBUG] [Worker-5] [host-b] Invalid message format. Skipping.
2025-11-17 09:55:04.276 [CRITICAL] [Worker-4] [host-c] Cache cleared for tenant tenantB.
2025-11-17 09:55:06.670 [ERROR] [Worker-14] [host-a] No jobs in queue. Sleeping.
2025-11-17 09:55:07.221 [WARN] [Worker-11] [host-a] Heartbeat received.
2025-11-17 09:55:08.111 [INFO] [Worker-7] [host-a] Job ArchiveOldData completed in 2694 ms.
2025-11-17 09:55:08.753 [ERROR] [Worker-6] [host-c] Checkpoint saved at offset 846645. | StackTrace: at Worker.Process() in /src/worker/Processor.cs:line 237
2025-11-17 09:55:13.385 [INFO] [Worker-10] [host-c] Job ArchiveOldData completed in 988 ms.
2025-11-17 09:55:18.385 [INFO] [Worker-10] [host-c] Retrying job 982385 (attempt 4).
2025-11-17 09:55:19.404 [INFO] [Worker-10] [host-a] Failed to process job 825320: NullReferenceException at Processor.Handle()
2025-11-17 09:55:24.663 [WARN] [Worker-2] [host-b] Enqueued job CleanTempFiles with id 443358.
2025-11-17 09:55:30.633 [WARN] [Worker-14] [host-a] Unexpected exception in handler: TimeoutError: operation timed out
2025-11-17 09:55:35.443 [INFO] [Worker-7] [host-c] Completed scheduled cleanup.
2025-11-17 09:55:38.903 [INFO] [Worker-16] [host-c] Unexpected exception in handler: SqlException: login failed
2025-11-17 09:55:39.877 [DEBUG] [Worker-15] [host-b] Failed to process job 558203: NullReferenceException at Processor.Handle()
2025-11-17 09:55:40.398 [INFO] [Worker-14] [host-a] Retrying job 196428 (attempt 5).
2025-11-17 09:55:43.342 [DEBUG] [Worker-1] [host-a] Completed scheduled cleanup.
2025-11-17 09:55:47.151 [INFO] [Worker-14] [host-c] Retrying job 436103 (attempt 5).
2025-11-17 09:55:48.886 [INFO] [Worker-7] [host-c] Database connection timeout. Retrying...
2025-11-17 09:55:49.059 [DEBUG] [Worker-3] [host-c] Enqueued job CleanTempFiles with id 673784.
2025-11-17 09:55:49.637 [INFO] [Worker-15] [host-a] Starting background task ReportDaily.
2025-11-17 09:55:52.488 [INFO] [Worker-13] [host-a] Processing job 325845 of type SyncWithRemote.
2025-11-17 09:55:55.591 [DEBUG] [Worker-15] [host-c] Released lock for resource res-file.
2025-11-17 09:56:01.056 [ERROR] [Worker-14] [host-a] Cache cleared for tenant tenantB.
2025-11-17 09:56:02.197 [INFO] [Worker-9] [host-b] Retrying job 561919 (attempt 5).
2025-11-17 09:56:04.032 [DEBUG] [Worker-3] [host-c] Cache cleared for tenant tenantB.
2025-11-17 09:56:05.025 [WARN] [Worker-7] [host-a] Released lock for resource res-db.
2025-11-17 09:56:05.565 [INFO] [Worker-3] [host-c] Compacting storage segment 30.
2025-11-17 09:56:06.952 [INFO] [Worker-13] [host-c] Database connection timeout. Retrying...
2025-11-17 09:56:08.774 [ERROR] [Worker-2] [host-a] Heartbeat received.
2025-11-17 09:56:09.563 [WARN] [Worker-6] [host-c] Enqueued job ArchiveOldData with id 247189.
2025-11-17 09:56:11.984 [WARN] [Worker-4] [host-b] Heartbeat received.
2025-11-17 09:56:16.810 [DEBUG] [Worker-6] [host-b] Completed scheduled cleanup.
2025-11-17 09:56:22.415 [INFO] [Worker-9] [host-b] Failed to process job 628891: SqlException: login failed
2025-11-17 09:56:23.125 [TRACE] [Worker-15] [host-c] Disk space warning: 74% used.
2025-11-17 09:56:23.255 [INFO] [Worker-3] [host-a] Job SyncWithRemote completed in 3505 ms.
2025-11-17 09:56:23.787 [DEBUG] [Worker-10] [host-a] Retrying job 554401 (attempt 4).
2025-11-17 09:56:25.576 [DEBUG] [Worker-14] [host-a] Shutting down gracefully.
2025-11-17 09:56:27.641 [WARN] [Worker-13] [host-c] Worker paused due to maintenance window.
2025-11-17 09:56:32.912 [WARN] [Worker-2] [host-a] Processing job 295339 of type GenerateReport.
2025-11-17 09:56:33.280 [DEBUG] [Worker-4] [host-c] Loaded configuration: maxWorkers=8; retryLimit=5.
2025-11-17 09:56:35.991 [TRACE] [Worker-1] [host-a] Heartbeat received.
2025-11-17 09:56:36.864 [INFO] [Worker-5] [host-a] Retrying job 922433 (attempt 3).
2025-11-17 09:56:37.869 [WARN] [Worker-7] [host-c] Database connection established.
2025-11-17 09:56:38.728 [INFO] [Worker-13] [host-c] Compacting storage segment 40.
2025-11-17 09:56:39.817 [TRACE] [Worker-12] [host-c] Cache cleared for tenant tenantA.
2025-11-17 09:56:43.742 [WARN] [Worker-8] [host-b] Disk space warning: 77% used.
2025-11-17 09:56:44.021 [INFO] [Worker-13] [host-a] Loaded configuration: maxWorkers=13; retryLimit=2.
2025-11-17 09:56:46.282 [DEBUG] [Worker-15] [host-a] Disk space warning: 46% used.
2025-11-17 09:56:49.814 [INFO] [Worker-3] [host-c] Dequeueing 71 messages.
2025-11-17 09:56:54.960 [INFO] [Worker-6] [host-a] Compacting storage segment 24.
2025-11-17 09:56:55.893 [INFO] [Worker-1] [host-c] Checkpoint saved at offset 1880997.
2025-11-17 09:56:57.693 [INFO] [Worker-12] [host-a] Database connection established.
2025-11-17 09:56:58.568 [INFO] [Worker-12] [host-c] Retrying job 582904 (attempt 3).
2025-11-17 09:57:02.173 [INFO] [Worker-3] [host-a] Startup initialized.
2025-11-17 09:57:02.786 [DEBUG] [Worker-4] [host-b] Acquired lock for resource res-db.
2025-11-17 09:57:02.861 [INFO] [Worker-1] [host-c] Loaded configuration: maxWorkers=2; retryLimit=3.
2025-11-17 09:57:04.717 [DEBUG] [Worker-2] [host-b] Processing job 826668 of type ArchiveOldData.
2025-11-17 09:57:09.012 [WARN] [Worker-2] [host-a] Retrying job 434604 (attempt 3).
2025-11-17 09:57:10.185 [INFO] [Worker-3] [host-a] Enqueued job ProcessQueue with id 901889.
2025-11-17 09:57:12.071 [INFO] [Worker-7] [host-c] Failed to process job 135833: NullReferenceException at Processor.Handle()
2025-11-17 09:57:15.383 [TRACE] [Worker-8] [host-b] Shutting down gracefully.
2025-11-17 09:57:16.018 [DEBUG] [Worker-9] [host-b] Loaded configuration: maxWorkers=5; retryLimit=5.
2025-11-17 09:57:21.158 [CRITICAL] [Worker-15] [host-b] Shutting down gracefully. | StackTrace: at Worker.Process() in /src/worker/Processor.cs:line 156
2025-11-17 09:57:25.475 [ERROR] [Worker-13] [host-a] Acquired lock for resource res-db.
2025-11-17 09:57:28.728 [INFO] [Worker-10] [host-b] Database connection timeout. Retrying...
2025-11-17 09:57:34.151 [INFO] [Worker-11] [host-b] Job ArchiveOldData completed in 379 ms.
2025-11-17 09:57:34.416 [WARN] [Worker-11] [host-a] Database connection timeout. Retrying...
2025-11-17 09:57:37.102 [DEBUG] [Worker-14] [host-a] Invalid message format. Skipping.
2025-11-17 09:57:37.292 [CRITICAL] [Worker-16] [host-c] Database connection timeout. Retrying...
2025-11-17 09:57:40.684 [INFO] [Worker-9] [host-c] Job CleanTempFiles completed in 4310 ms.
2025-11-17 09:57:41.164 [INFO] [Worker-13] [host-b] Cache cleared for tenant public.
2025-11-17 09:57:43.109 [WARN] [Worker-10] [host-c] Dequeueing 56 messages.
2025-11-17 09:57:43.360 [INFO] [Worker-16] [host-b] Released lock for resource res-file.
2025-11-17 09:57:44.598 [DEBUG] [Worker-1] [host-a] Enqueued job ProcessQueue with id 880355.
2025-11-17 09:57:44.936 [DEBUG] [Worker-7] [host-c] Compacting storage segment 34.
2025-11-17 09:57:49.378 [ERROR] [Worker-2] [host-b] No jobs in queue. Sleeping.
2025-11-17 09:57:50.652 [INFO] [Worker-1] [host-c] Failed to process job 126674: TimeoutError: operation timed out
2025-11-17 09:57:55.794 [INFO] [Worker-5] [host-c] Retrying job 704693 (attempt 2).
2025-11-17 09:57:59.485 [TRACE] [Worker-13] [host-b] Database connection timeout. Retrying...
2025-11-17 09:58:01.134 [WARN] [Worker-9] [host-c] Compacting storage segment 7.
2025-11-17 09:58:05.593 [CRITICAL] [Worker-14] [host-c] Failed to process job 294031: IOException: failed to write file
2025-11-17 09:58:09.782 [ERROR] [Worker-11] [host-a] Retrying job 890739 (attempt 2).
2025-11-17 09:58:10.204 [INFO] [Worker-12] [host-c] No jobs in queue. Sleeping.
2025-11-17 09:58:10.871 [INFO] [Worker-12] [host-a] Retrying job 389788 (attempt 1).
2025-11-17 09:58:11.049 [TRACE] [Worker-1] [host-c] Startup initialized.
2025-11-17 09:58:15.346 [DEBUG] [Worker-3] [host-a] Job CleanTempFiles completed in 1771 ms.
2025-11-17 09:58:19.125 [INFO] [Worker-16] [host-a] Enqueued job ProcessQueue with id 219902.
2025-11-17 09:58:21.094 [DEBUG] [Worker-4] [host-b] Worker paused due to maintenance window.
2025-11-17 09:58:22.569 [TRACE] [Worker-2] [host-c] External API responded with status 403.
2025-11-17 09:58:28.424 [DEBUG] [Worker-1] [host-a] Job SendNotifications completed in 1086 ms.
2025-11-17 09:58:29.418 [INFO] [Worker-2] [host-b] Acquired lock for resource res-db.
2025-11-17 09:58:35.176 [INFO] [Worker-6] [host-a] Completed scheduled cleanup.
2025-11-17 09:58:36.122 [WARN] [Worker-10] [host-b] Released lock for resource res-queue.
2025-11-17 09:58:41.189 [WARN] [Worker-5] [host-c] No jobs in queue. Sleeping.
2025-11-17 09:58:42.098 [INFO] [Worker-14] [host-a] Enqueued job ProcessQueue with id 924093.
2025-11-17 09:58:46.320 [INFO] [Worker-12] [host-c] Worker paused due to maintenance window.
2025-11-17 09:58:49.019 [INFO] [Worker-5] [host-b] Shutting down gracefully.
2025-11-17 09:58:54.725 [INFO] [Worker-11] [host-c] Shutting down gracefully.
2025-11-17 09:58:55.562 [INFO] [Worker-1] [host-a] Disk space warning: 95% used.
2025-11-17 09:58:55.838 [INFO] [Worker-15] [host-a] Shutting down gracefully.
2025-11-17 09:58:58.480 [INFO] [Worker-15] [host-a] Retrying job 659565 (attempt 5).
2025-11-17 09:59:04.062 [CRITICAL] [Worker-10] [host-b] Worker paused due to maintenance window.
2025-11-17 09:59:04.971 [WARN] [Worker-16] [host-b] Dequeueing 45 messages.
2025-11-17 09:59:07.409 [INFO] [Worker-13] [host-c] Retrying job 255333 (attempt 5).
2025-11-17 09:59:07.546 [DEBUG] [Worker-16] [host-a] Compacting storage segment 38.
2025-11-17 09:59:11.348 [ERROR] [Worker-7] [host-c] Dequeueing 6 messages.
2025-11-17 09:59:11.541 [DEBUG] [Worker-3] [host-c] Dequeueing 51 messages.
2025-11-17 09:59:12.350 [WARN] [Worker-7] [host-c] Released lock for resource res-file.
2025-11-17 09:59:13.639 [ERROR] [Worker-16] [host-a] Heartbeat received.
2025-11-17 09:59:16.404 [INFO] [Worker-1] [host-b] Dequeueing 100 messages.
2025-11-17 09:59:18.184 [INFO] [Worker-5] [host-b] External API responded with status 502.
2025-11-17 09:59:18.713 [CRITICAL] [Worker-12] [host-c] Database connection timeout. Retrying...
2025-11-17 09:59:23.638 [INFO] [Worker-12] [host-b] Database connection timeout. Retrying...
2025-11-17 09:59:25.124 [INFO] [Worker-6] [host-c] Acquired lock for resource res-queue.
2025-11-17 09:59:25.410 [DEBUG] [Worker-10] [host-a] External API responded with status 404.
2025-11-17 09:59:29.497 [INFO] [Worker-7] [host-a] Heartbeat received.
2025-11-17 09:59:29.611 [WARN] [Worker-9] [host-a] Disk space warning: 69% used.
2025-11-17 09:59:31.542 [INFO] [Worker-12] [host-c] Startup initialized.
2025-11-17 09:59:31.889 [DEBUG] [Worker-8] [host-a] Completed scheduled cleanup.
2025-11-17 09:59:37.471 [DEBUG] [Worker-2] [host-b] External API responded with status 403.
2025-11-17 09:59:43.450 [INFO] [Worker-3] [host-a] Database connection established.
2025-11-17 09:59:43.817 [ERROR] [Worker-11] [host-a] Worker paused due to maintenance window.
2025-11-17 09:59:44.409 [WARN] [Worker-14] [host-b] Released lock for resource res-db.
2025-11-17 09:59:49.044 [INFO] [Worker-14] [host-c] Dequeueing 19 messages.
2025-11-17 09:59:51.121 [DEBUG] [Worker-6] [host-c] Database connection timeout. Retrying...
2025-11-17 09:59:52.494 [WARN] [Worker-9] [host-c] Acquired lock for resource res-file.
2025-11-17 09:59:56.177 [DEBUG] [Worker-6] [host-b] Startup initialized.
2025-11-17 09:59:56.363 [INFO] [Worker-9] [host-c] Completed scheduled cleanup.
2025-11-17 09:59:57.930 [ERROR] [Worker-16] [host-c] Job ArchiveOldData completed in 953 ms.
2025-11-17 10:00:02.148 [INFO] [Worker-7] [host-b] Unexpected exception in handler: TimeoutError: operation timed out
2025-11-17 10:00:07.556 [INFO] [Worker-8] [host-b] Completed scheduled cleanup.
2025-11-17 10:00:07.574 [ERROR] [Worker-8] [host-c] Loaded configuration: maxWorkers=5; retryLimit=4.
2025-11-17 10:00:09.062 [TRACE] [Worker-15] [host-c] Retrying job 917471 (attempt 5).
2025-11-17 10:00:09.992 [DEBUG] [Worker-1] [host-b] Enqueued job GenerateReport with id 598079.
2025-11-17 10:00:10.895 [INFO] [Worker-2] [host-c] Released lock for resource res-file.
2025-11-17 10:00:12.091 [INFO] [Worker-2] [host-b] Worker paused due to maintenance window.
2025-11-17 10:00:16.587 [TRACE] [Worker-7] [host-c] Cache cleared for tenant tenantC.
2025-11-17 10:00:16.980 [DEBUG] [Worker-7] [host-a] Unexpected exception in handler: SqlException: login failed
2025-11-17 10:00:21.252 [ERROR] [Worker-5] [host-c] Invalid message format. Skipping. | StackTrace: at Worker.Process() in /src/worker/Processor.cs:line 235
2025-11-17 10:00:21.337 [INFO] [Worker-8] [host-c] External API responded with status 404.
2025-11-17 10:00:21.431 [INFO] [Worker-8] [host-b] Job SendNotifications completed in 2820 ms.
2025-11-17 10:00:22.364 [INFO] [Worker-12] [host-a] Retrying job 251928 (attempt 1).
2025-11-17 10:00:27.632 [CRITICAL] [Worker-8] [host-c] Retrying job 409994 (attempt 5).
2025-11-17 10:00:28.653 [INFO] [Worker-10] [host-a] Startup initialized.
2025-11-17 10:00:33.490 [WARN] [Worker-5] [host-c] Startup initialized.
2025-11-17 10:00:34.429 [INFO] [Worker-3] [host-c] Starting background task ReportDaily.
2025-11-17 10:00:35.600 [INFO] [Worker-11] [host-c] Worker paused due to maintenance window.
2025-11-17 10:00:36.457 [INFO] [Worker-16] [host-b] Unexpected exception in handler: TimeoutError: operation timed out
2025-11-17 10:00:42.135 [CRITICAL] [Worker-9] [host-c] Heartbeat received.
2025-11-17 10:00:44.542 [WARN] [Worker-5] [host-c] Enqueued job SyncWithRemote with id 821288.
2025-11-17 10:00:46.452 [INFO] [Worker-10] [host-b] Completed scheduled cleanup.
2025-11-17 10:00:47.100 [INFO] [Worker-9] [host-a] Starting background task CompactIndices.
2025-11-17 10:00:48.335 [INFO] [Worker-1] [host-b] Database connection timeout. Retrying...
2025-11-17 10:00:51.256 [INFO] [Worker-11] [host-c] Worker paused due to maintenance window.
2025-11-17 10:00:52.101 [CRITICAL] [Worker-1] [host-c] Database connection established.
2025-11-17 10:00:53.520 [DEBUG] [Worker-1] [host-b] Acquired lock for resource res-queue.
2025-11-17 10:00:56.799 [INFO] [Worker-9] [host-b] Checkpoint saved at offset 999105.
2025-11-17 10:00:56.964 [WARN] [Worker-15] [host-c] Job ArchiveOldData completed in 4379 ms.
2025-11-17 10:00:58.743 [INFO] [Worker-12] [host-a] Failed to process job 238766: AggregateException: one or more errors occurred
2025-11-17 10:01:00.555 [DEBUG] [Worker-9] [host-b] Shutting down gracefully.
2025-11-17 10:01:00.936 [DEBUG] [Worker-3] [host-c] Disk space warning: 65% used.
2025-11-17 10:01:01.551 [INFO] [Worker-12] [host-b] Shutting down gracefully.
2025-11-17 10:01:04.133 [WARN] [Worker-1] [host-b] Database connection established.
2025-11-17 10:01:04.748 [INFO] [Worker-7] [host-a] Failed to process job 729346: UnauthorizedAccessException: access denied
2025-11-17 10:01:09.240 [DEBUG] [Worker-5] [host-c] Loaded configuration: maxWorkers=5; retryLimit=1.
2025-11-17 10:01:14.625 [WARN] [Worker-1] [host-c] Cache cleared for tenant tenantA.
2025-11-17 10:01:14.890 [INFO] [Worker-12] [host-b] Starting background task CompactIndices.
2025-11-17 10:01:16.348 [INFO] [Worker-8] [host-c] Released lock for resource res-file.
2025-11-17 10:01:16.778 [DEBUG] [Worker-13] [host-c] Job CleanTempFiles completed in 2120 ms.
2025-11-17 10:01:16.947 [ERROR] [Worker-8] [host-b] Completed scheduled cleanup.
2025-11-17 10:01:22.662 [ERROR] [Worker-11] [host-c] Cache cleared for tenant public. | StackTrace: at Worker.Process() in /src/worker/Processor.cs:line 140
2025-11-17 10:01:23.394 [WARN] [Worker-8] [host-a] External API responded with status 200.
2025-11-17 10:01:25.734 [CRITICAL] [Worker-10] [host-a] Cache cleared for tenant tenantA.
2025-11-17 10:01:26.969 [CRITICAL] [Worker-14] [host-a] Database connection established. | StackTrace: at Worker.Process() in /src/worker/Processor.cs:line 332
2025-11-17 10:01:27.927 [INFO] [Worker-5] [host-a] Checkpoint saved at offset 784543.
2025-11-17 10:01:28.334 [ERROR] [Worker-2] [host-b] Database connection established.
2025-11-17 10:01:28.969 [INFO] [Worker-11] [host-b] Disk space warning: 93% used.
2025-11-17 10:01:30.105 [INFO] [Worker-15] [host-c] Database connection timeout. Retrying...
2025-11-17 10:01:31.013 [INFO] [Worker-9] [host-a] Loaded configuration: maxWorkers=3; retryLimit=3.
2025-11-17 10:01:33.049 [WARN] [Worker-5] [host-b] Unexpected exception in handler: TimeoutError: operation timed out
2025-11-17 10:01:38.014 [INFO] [Worker-14] [host-c] Cache cleared for tenant tenantC.
2025-11-17 10:01:38.121 [DEBUG] [Worker-1] [host-c] Worker paused due to maintenance window.
2025-11-17 10:01:39.458 [INFO] [Worker-13] [host-c] Acquired lock for resource res-queue.
2025-11-17 10:01:45.103 [INFO] [Worker-15] [host-a] Processing job 862091 of type ProcessQueue.
2025-11-17 10:01:50.033 [INFO] [Worker-5] [host-a] Database connection established.
2025-11-17 10:01:50.591 [WARN] [Worker-14] [host-a] Worker paused due to maintenance window.
2025-11-17 10:01:54.597 [INFO] [Worker-7] [host-b] Invalid message format. Skipping.
2025-11-17 10:01:55.034 [WARN] [Worker-7] [host-b] Job ProcessQueue completed in 4304 ms.
2025-11-17 10:01:56.501 [INFO] [Worker-16] [host-a] No jobs in queue. Sleeping.
2025-11-17 10:02:02.198 [INFO] [Worker-2] [host-c] Compacting storage segment 11.
2025-11-17 10:02:04.607 [ERROR] [Worker-9] [host-a] Starting background task RefreshCache. | StackTrace: at Worker.Process() in /src/worker/Processor.cs:line 230
2025-11-17 10:02:05.203 [ERROR] [Worker-3] [host-a] Invalid message format. Skipping.
2025-11-17 10:02:10.786 [INFO] [Worker-8] [host-b] Completed scheduled cleanup.
2025-11-17 10:02:11.001 [INFO] [Worker-15] [host-c] Startup initialized.
2025-11-17 10:02:14.054 [INFO] [Worker-8] [host-c] Loaded configuration: maxWorkers=16; retryLimit=5.
2025-11-17 10:02:17.255 [DEBUG] [Worker-10] [host-b] Enqueued job SyncWithRemote with id 910572.
2025-11-17 10:02:22.711 [INFO] [Worker-11] [host-a] Loaded configuration: maxWorkers=2; retryLimit=2.
2025-11-17 10:02:24.422 [INFO] [Worker-3] [host-c] Disk space warning: 98% used.
2025-11-17 10:02:24.695 [ERROR] [Worker-4] [host-b] Heartbeat received.
2025-11-17 10:02:26.194 [WARN] [Worker-10] [host-a] Database connection established.
2025-11-17 10:02:27.660 [INFO] [Worker-15] [host-c] Checkpoint saved at offset 856437.
2025-11-17 10:02:29.908 [ERROR] [Worker-3] [host-a] Enqueued job SendNotifications with id 248768.
2025-11-17 10:02:31.002 [INFO] [Worker-9] [host-b] Compacting storage segment 32.
2025-11-17 10:02:36.158 [CRITICAL] [Worker-3] [host-b] Enqueued job GenerateReport with id 748610.
2025-11-17 10:02:41.638 [DEBUG] [Worker-10] [host-b] Startup initialized.
2025-11-17 10:02:42.477 [INFO] [Worker-8] [host-b] Worker paused due to maintenance window.
2025-11-17 10:02:45.889 [INFO] [Worker-6] [host-b] Cache cleared for tenant public.
2025-11-17 10:02:48.014 [TRACE] [Worker-5] [host-b] Failed to process job 595556: IOException: failed to write file
2025-11-17 10:02:53.939 [INFO] [Worker-4] [host-a] Loaded configuration: maxWorkers=14; retryLimit=5.
2025-11-17 10:02:58.921 [DEBUG] [Worker-1] [host-a] Loaded configuration: maxWorkers=7; retryLimit=2.
2025-11-17 10:03:01.384 [INFO] [Worker-7] [host-b] Worker paused due to maintenance window.
2025-11-17 10:03:02.445 [INFO] [Worker-7] [host-b] External API responded with status 401.
2025-11-17 10:03:06.675 [INFO] [Worker-15] [host-a] Checkpoint saved at offset 1607263.
2025-11-17 10:03:08.350 [DEBUG] [Worker-12] [host-a] No jobs in queue. Sleeping.
2025-11-17 10:03:12.428 [WARN] [Worker-1] [host-b] Starting background task ReportDaily.
2025-11-17 10:03:14.374 [INFO] [Worker-11] [host-a] Retrying job 492015 (attempt 5).
2025-11-17 10:03:16.288 [INFO] [Worker-11] [host-a] Worker paused due to maintenance window.
2025-11-17 10:03:17.611 [INFO] [Worker-16] [host-b] Invalid message format. Skipping.
2025-11-17 10:03:17.872 [ERROR] [Worker-4] [host-b] Loaded configuration: maxWorkers=9; retryLimit=4. | StackTrace: at Worker.Process() in /src/worker/Processor.cs:line 344
2025-11-17 10:03:18.790 [INFO] [Worker-8] [host-b] Checkpoint saved at offset 441210.
2025-11-17 10:03:18.931 [WARN] [Worker-9] [host-b] Database connection timeout. Retrying...
2025-11-17 10:03:19.157 [DEBUG] [Worker-12] [host-c] Loaded configuration: maxWorkers=8; retryLimit=5.
2025-11-17 10:03:24.936 [DEBUG] [Worker-2] [host-c] Cache cleared for tenant tenantC.
2025-11-17 10:03:25.040 [INFO] [Worker-13] [host-a] Released lock for resource res-file.
2025-11-17 10:03:25.058 [INFO] [Worker-11] [host-c] External API responded with status 200.
2025-11-17 10:03:26.298 [INFO] [Worker-4] [host-c] Startup initialized.
2025-11-17 10:03:26.904 [WARN] [Worker-14] [host-c] Checkpoint saved at offset 590005.
2025-11-17 10:03:30.359 [WARN] [Worker-4] [host-a] External API responded with status 502.
2025-11-17 10:03:31.735 [DEBUG] [Worker-13] [host-a] Retrying job 609156 (attempt 1).
2025-11-17 10:03:32.369 [INFO] [Worker-8] [host-c] Worker paused due to maintenance window.
2025-11-17 10:03:33.087 [INFO] [Worker-7] [host-c] Checkpoint saved at offset 814854.
2025-11-17 10:03:35.002 [INFO] [Worker-5] [host-c] Loaded configuration: maxWorkers=14; retryLimit=4.
2025-11-17 10:03:35.978 [INFO] [Worker-5] [host-b] Database connection timeout. Retrying...
2025-11-17 10:03:41.613 [INFO] [Worker-1] [host-b] Starting background task ReportDaily.
2025-11-17 10:03:46.172 [INFO] [Worker-5] [host-c] Job ArchiveOldData completed in 1674 ms.
2025-11-17 10:03:49.742 [INFO] [Worker-2] [host-c] Cache cleared for tenant tenantB.
2025-11-17 10:03:51.307 [ERROR] [Worker-14] [host-b] Disk space warning: 73% used.
2025-11-17 10:03:55.913 [INFO] [Worker-15] [host-b] Dequeueing 96 messages.
2025-11-17 10:03:57.082 [ERROR] [Worker-5] [host-c] No jobs in queue. Sleeping. | StackTrace: at Worker.Process() in /src/worker/Processor.cs:line 270
2025-11-17 10:03:57.247 [WARN] [Worker-9] [host-b] Disk space warning: 58% used.
2025-11-17 10:03:58.343 [TRACE] [Worker-1] [host-b] Heartbeat received.
2025-11-17 10:03:58.614 [CRITICAL] [Worker-4] [host-a] Disk space warning: 86% used.
2025-11-17 10:03:59.540 [DEBUG] [Worker-3] [host-c] Checkpoint saved at offset 994016.
2025-11-17 10:04:00.390 [WARN] [Worker-3] [host-b] Compacting storage segment 15.
2025-11-17 10:04:04.557 [INFO] [Worker-13] [host-a] Failed to process job 305110: TimeoutError: operation timed out
2025-11-17 10:04:06.197 [CRITICAL] [Worker-6] [host-b] Unexpected exception in handler: NullReferenceException at Processor.Handle() | StackTrace: at Worker.Process() in /src/worker/Processor.cs:line 207
2025-11-17 10:04:07.765 [INFO] [Worker-7] [host-a] Starting background task CompactIndices.
2025-11-17 10:04:09.681 [DEBUG] [Worker-8] [host-c] Compacting storage segment 18.
2025-11-17 10:04:10.213 [WARN] [Worker-9] [host-c] Checkpoint saved at offset 271693.
2025-11-17 10:04:11.508 [DEBUG] [Worker-10] [host-c] Shutting down gracefully.
2025-11-17 10:04:16.140 [ERROR] [Worker-5] [host-a] Dequeueing 102 messages.
2025-11-17 10:04:16.397 [INFO] [Worker-7] [host-b] Loaded configuration: maxWorkers=15; retryLimit=5.
2025-11-17 10:04:17.872 [ERROR] [Worker-10] [host-a] No jobs in queue. Sleeping. | StackTrace: at Worker.Process() in /src/worker/Processor.cs:line 358
2025-11-17 10:04:18.984 [INFO] [Worker-13] [host-c] Failed to process job 921968: UnauthorizedAccessException: access denied
2025-11-17 10:04:19.234 [DEBUG] [Worker-2] [host-c] Shutting down gracefully.
2025-11-17 10:04:19.812 [TRACE] [Worker-9] [host-b] Disk space warning: 77% used.
2025-11-17 10:04:20.272 [INFO] [Worker-16] [host-b] Starting background task RefreshCache.
2025-11-17 10:04:21.150 [INFO] [Worker-7] [host-c] Retrying job 554841 (attempt 2).
2025-11-17 10:04:21.273 [INFO] [Worker-16] [host-a] Dequeueing 115 messages.
2025-11-17 10:04:25.439 [WARN] [Worker-12] [host-c] Database connection timeout. Retrying...
2025-11-17 10:04:26.017 [ERROR] [Worker-16] [host-b] No jobs in queue. Sleeping.
2025-11-17 10:04:26.553 [DEBUG] [Worker-10] [host-b] Database connection established.
2025-11-17 10:04:27.000 [INFO] [Worker-7] [host-a] Database connection timeout. Retrying...
2025-11-17 10:04:27.593 [INFO] [Worker-14] [host-a] Failed to process job 793092: SqlException: login failed
2025-11-17 10:04:28.882 [CRITICAL] [Worker-7] [host-a] Retrying job 155241 (attempt 4).
2025-11-17 10:04:30.653 [ERROR] [Worker-10] [host-a] Released lock for resource res-file.
2025-11-17 10:04:31.551 [INFO] [Worker-12] [host-a] Disk space warning: 52% used.
2025-11-17 10:04:33.286 [INFO] [Worker-7] [host-b] Enqueued job GenerateReport with id 537182.
2025-11-17 10:04:39.274 [INFO] [Worker-16] [host-a] Completed scheduled cleanup.
2025-11-17 10:04:44.597 [DEBUG] [Worker-3] [host-c] Unexpected exception in handler: NullReferenceException at Processor.Handle()
2025-11-17 10:04:46.577 [DEBUG] [Worker-16] [host-a] Disk space warning: 47% used.
2025-11-17 10:04:46.874 [INFO] [Worker-16] [host-b] No jobs in queue. Sleeping.
2025-11-17 10:04:46.933 [INFO] [Worker-2] [host-c] Acquired lock for resource res-db.
2025-11-17 10:04:48.192 [DEBUG] [Worker-16] [host-b] Database connection timeout. Retrying...
2025-11-17 10:04:48.384 [INFO] [Worker-2] [host-c] External API responded with status 502.
2025-11-17 10:04:51.385 [CRITICAL] [Worker-1] [host-b] Released lock for resource res-db.
2025-11-17 10:04:56.464 [INFO] [Worker-8] [host-a] Released lock for resource res-file.
2025-11-17 10:04:59.457 [INFO] [Worker-7] [host-a] Worker paused due to maintenance window.
2025-11-17 10:04:59.679 [INFO] [Worker-3] [host-a] Processing job 991422 of type ArchiveOldData.
2025-11-17 10:05:02.063 [INFO] [Worker-16] [host-b] Enqueued job SyncWithRemote with id 438465.
2025-11-17 10:05:05.552 [INFO] [Worker-8] [host-a] Checkpoint saved at offset 445284.
2025-11-17 10:05:05.620 [INFO] [Worker-3] [host-a] Unexpected exception in handler: NullReferenceException at Processor.Handle()
2025-11-17 10:05:08.469 [INFO] [Worker-8] [host-b] Invalid message format. Skipping.
2025-11-17 10:05:10.062 [ERROR] [Worker-3] [host-a] Invalid message format. Skipping.
2025-11-17 10:05:10.400 [INFO] [Worker-16] [host-c] Startup initialized.
2025-11-17 10:05:11.392 [CRITICAL] [Worker-5] [host-b] No jobs in queue. Sleeping.
2025-11-17 10:05:12.090 [ERROR] [Worker-4] [host-a] Retrying job 237506 (attempt 2).
2025-11-17 10:05:13.517 [INFO] [Worker-14] [host-b] Enqueued job CleanTempFiles with id 204165.
2025-11-17 10:05:19.228 [WARN] [Worker-12] [host-c] Completed scheduled cleanup.
2025-11-17 10:05:20.116 [WARN] [Worker-14] [host-b] Cache cleared for tenant tenantA.
2025-11-17 10:05:20.422 [INFO] [Worker-5] [host-a] Enqueued job ProcessQueue with id 294388.
2025-11-17 10:05:21.311 [ERROR] [Worker-4] [host-c] Starting background task RefreshCache.
2025-11-17 10:05:22.986 [WARN] [Worker-5] [host-c] Released lock for resource res-db.
2025-11-17 10:05:24.773 [INFO] [Worker-13] [host-c] Dequeueing 52 messages.
2025-11-17 10:05:25.305 [INFO] [Worker-9] [host-a] Failed to process job 711673: NullReferenceException at Processor.Handle()
2025-11-17 10:05:25.763 [INFO] [Worker-5] [host-b] Worker paused due to maintenance window.
2025-11-17 10:05:26.822 [DEBUG] [Worker-8] [host-c] Loaded configuration: maxWorkers=12; retryLimit=5.
2025-11-17 10:05:27.982 [INFO] [Worker-7] [host-a] Invalid message format. Skipping.
2025-11-17 10:05:33.018 [INFO] [Worker-6] [host-a] Compacting storage segment 36.
2025-11-17 10:05:33.747 [DEBUG] [Worker-14] [host-a] Database connection timeout. Retrying...
2025-11-17 10:05:37.920 [INFO] [Worker-3] [host-a] Checkpoint saved at offset 1715725.
2025-11-17 10:05:43.284 [INFO] [Worker-8] [host-a] Starting background task RefreshCache.
2025-11-17 10:05:47.739 [INFO] [Worker-8] [host-b] Enqueued job GenerateReport with id 952055.
2025-11-17 10:05:50.871 [INFO] [Worker-7] [host-c] Checkpoint saved at offset 986436.
2025-11-17 10:05:51.425 [WARN] [Worker-12] [host-b] Invalid message format. Skipping.
2025-11-17 10:05:57.300 [INFO] [Worker-5] [host-c] Starting background task RefreshCache.
2025-11-17 10:06:02.200 [ERROR] [Worker-8] [host-c] Dequeueing 17 messages.
2025-11-17 10:06:07.815 [INFO] [Worker-9] [host-b] Completed scheduled cleanup.
2025-11-17 10:06:09.785 [DEBUG] [Worker-14] [host-c] Unexpected exception in handler: UnauthorizedAccessException: access denied
2025-11-17 10:06:10.033 [WARN] [Worker-10] [host-c] Invalid message format. Skipping.
2025-11-17 10:06:10.417 [INFO] [Worker-10] [host-b] Database connection timeout. Retrying...
2025-11-17 10:06:12.194 [WARN] [Worker-5] [host-b] Retrying job 464500 (attempt 5).
2025-11-17 10:06:14.648 [INFO] [Worker-9] [host-b] Cache cleared for tenant tenantC.
2025-11-17 10:06:17.476 [INFO] [Worker-9] [host-a] Job CleanTempFiles completed in 1674 ms.
2025-11-17 10:06:18.110 [DEBUG] [Worker-5] [host-a] Acquired lock for resource res-db.
2025-11-17 10:06:20.512 [INFO] [Worker-3] [host-a] Retrying job 551426 (attempt 5).
2025-11-17 10:06:25.599 [DEBUG] [Worker-11] [host-c] Disk space warning: 54% used.
2025-11-17 10:06:25.806 [TRACE] [Worker-1] [host-a] Enqueued job GenerateReport with id 715205.
2025-11-17 10:06:31.778 [WARN] [Worker-9] [host-b] Database connection established.
2025-11-17 10:06:35.170 [DEBUG] [Worker-14] [host-b] Compacting storage segment 24.
2025-11-17 10:06:36.275 [WARN] [Worker-16] [host-a] No jobs in queue. Sleeping.
2025-11-17 10:06:40.408 [INFO] [Worker-10] [host-b] Heartbeat received.
2025-11-17 10:06:45.832 [DEBUG] [Worker-5] [host-c] Compacting storage segment 2.
2025-11-17 10:06:46.676 [INFO] [Worker-4] [host-a] Released lock for resource res-queue.
2025-11-17 10:06:48.674 [INFO] [Worker-1] [host-c] Database connection timeout. Retrying...
2025-11-17 10:06:53.520 [INFO] [Worker-5] [host-b] Retrying job 953641 (attempt 1).
2025-11-17 10:06:54.581 [INFO] [Worker-3] [host-a] External API responded with status 200.
2025-11-17 10:06:56.095 [TRACE] [Worker-12] [host-c] Retrying job 627449 (attempt 3).
2025-11-17 10:07:01.604 [DEBUG] [Worker-4] [host-c] Database connection timeout. Retrying...
2025-11-17 10:07:02.923 [ERROR] [Worker-12] [host-a] Unexpected exception in handler: HttpRequestException: 502 Bad Gateway
2025-11-17 10:07:07.734 [DEBUG] [Worker-14] [host-b] Enqueued job ArchiveOldData with id 106056.
2025-11-17 10:07:13.234 [ERROR] [Worker-4] [host-a] Starting background task CompactIndices.
2025-11-17 10:07:13.577 [INFO] [Worker-9] [host-b] Database connection timeout. Retrying...
2025-11-17 10:07:19.436 [ERROR] [Worker-12] [host-b] Shutting down gracefully. | StackTrace: at Worker.Process() in /src/worker/Processor.cs:line 232
2025-11-17 10:07:19.726 [INFO] [Worker-1] [host-a] No jobs in queue. Sleeping.
2025-11-17 10:07:21.345 [DEBUG] [Worker-8] [host-a] Cache cleared for tenant tenantB.
2025-11-17 10:07:21.741 [INFO] [Worker-4] [host-c] Released lock for resource res-file.
2025-11-17 10:07:21.835 [INFO] [Worker-8] [host-b] Heartbeat received.
2025-11-17 10:07:22.069 [WARN] [Worker-7] [host-c] Invalid message format. Skipping.
2025-11-17 10:07:22.313 [DEBUG] [Worker-13] [host-c] Retrying job 975611 (attempt 5).
2025-11-17 10:07:25.976 [WARN] [Worker-15] [host-c] External API responded with status 404.
2025-11-17 10:07:26.908 [INFO] [Worker-6] [host-c] External API responded with status 401.
2025-11-17 10:07:29.592 [TRACE] [Worker-11] [host-b] Released lock for resource res-file.
2025-11-17 10:07:34.365 [INFO] [Worker-14] [host-c] Released lock for resource res-file.
2025-11-17 10:07:37.051 [WARN] [Worker-12] [host-b] External API responded with status 500.
2025-11-17 10:07:38.952 [INFO] [Worker-6] [host-c] Invalid message format. Skipping.
2025-11-17 10:07:39.621 [INFO] [Worker-7] [host-a] Processing job 623017 of type SyncWithRemote.
2025-11-17 10:07:41.499 [INFO] [Worker-5] [host-c] Starting background task ReportDaily.
2025-11-17 10:07:43.121 [DEBUG] [Worker-2] [host-a] Heartbeat received.
2025-11-17 10:07:44.701 [INFO] [Worker-1] [host-a] Heartbeat received.
2025-11-17 10:07:45.324 [WARN] [Worker-13] [host-b] Worker paused due to maintenance window.
2025-11-17 10:07:47.918 [DEBUG] [Worker-1] [host-c] Starting background task RefreshCache.
2025-11-17 10:07:53.631 [WARN] [Worker-11] [host-b] Processing job 311098 of type GenerateReport.
2025-11-17 10:07:59.079 [INFO] [Worker-13] [host-a] Database connection established.
2025-11-17 10:08:04.485 [DEBUG] [Worker-4] [host-b] Loaded configuration: maxWorkers=15; retryLimit=1.
2025-11-17 10:08:04.764 [TRACE] [Worker-11] [host-a] Startup initialized.
2025-11-17 10:08:09.556 [INFO] [Worker-6] [host-a] Processing job 124443 of type CleanTempFiles.
2025-11-17 10:08:14.309 [WARN] [Worker-16] [host-c] Database connection established.
2025-11-17 10:08:14.867 [INFO] [Worker-14] [host-b] Disk space warning: 87% used.
2025-11-17 10:08:16.447 [DEBUG] [Worker-10] [host-a] Released lock for resource res-db.
2025-11-17 10:08:19.198 [INFO] [Worker-14] [host-a] Failed to process job 660273: HttpRequestException: 502 Bad Gateway
2025-11-17 10:08:21.900 [INFO] [Worker-5] [host-b] Invalid message format. Skipping.
2025-11-17 10:08:24.776 [INFO] [Worker-13] [host-c] Database connection established.
2025-11-17 10:08:30.709 [DEBUG] [Worker-16] [host-b] Processing job 680653 of type ArchiveOldData.
2025-11-17 10:08:32.793 [CRITICAL] [Worker-8] [host-c] Database connection timeout. Retrying...
2025-11-17 10:08:35.628 [WARN] [Worker-13] [host-a] Starting background task CompactIndices.
2025-11-17 10:08:37.320 [TRACE] [Worker-10] [host-c] Database connection established.
2025-11-17 10:08:38.232 [CRITICAL] [Worker-15] [host-b] Invalid message format. Skipping. | StackTrace: at Worker.Process() in /src/worker/Processor.cs:line 334
2025-11-17 10:08:39.161 [INFO] [Worker-3] [host-a] Enqueued job ArchiveOldData with id 648008.
2025-11-17 10:08:45.110 [INFO] [Worker-6] [host-b] Worker paused due to maintenance window.
2025-11-17 10:08:45.735 [INFO] [Worker-5] [host-a] Dequeueing 33 messages.
2025-11-17 10:08:47.689 [INFO] [Worker-15] [host-a] Failed to process job 655913: NullReferenceException at Processor.Handle()
2025-11-17 10:08:50.644 [INFO] [Worker-12] [host-c] Worker paused due to maintenance window.
2025-11-17 10:08:51.461 [WARN] [Worker-11] [host-a] Completed scheduled cleanup.
2025-11-17 10:08:52.852 [WARN] [Worker-9] [host-c] Dequeueing 118 messages.
2025-11-17 10:08:55.136 [CRITICAL] [Worker-11] [host-c] Heartbeat received.
2025-11-17 10:09:01.089 [INFO] [Worker-10] [host-c] Compacting storage segment 27.
2025-11-17 10:09:05.330 [INFO] [Worker-15] [host-a] Cache cleared for tenant public.
2025-11-17 10:09:05.629 [INFO] [Worker-7] [host-c] Retrying job 673568 (attempt 3).
2025-11-17 10:09:07.374 [INFO] [Worker-7] [host-a] Database connection established.
2025-11-17 10:09:08.392 [ERROR] [Worker-3] [host-a] Dequeueing 39 messages. | StackTrace: at Worker.Process() in /src/worker/Processor.cs:line 135
2025-11-17 10:09:08.523 [INFO] [Worker-5] [host-b] Database connection timeout. Retrying...
2025-11-17 10:09:11.467 [INFO] [Worker-9] [host-c] Enqueued job ProcessQueue with id 529199.
2025-11-17 10:09:14.637 [ERROR] [Worker-11] [host-a] Database connection timeout. Retrying...
2025-11-17 10:09:18.975 [DEBUG] [Worker-6] [host-b] Cache cleared for tenant tenantB.
2025-11-17 10:09:19.640 [ERROR] [Worker-4] [host-c] Unexpected exception in handler: NullReferenceException at Processor.Handle()
2025-11-17 10:09:20.460 [WARN] [Worker-12] [host-b] Retrying job 571887 (attempt 3).
2025-11-17 10:09:25.838 [INFO] [Worker-12] [host-a] Shutting down gracefully.
2025-11-17 10:09:27.953 [INFO] [Worker-11] [host-a] Completed scheduled cleanup.
2025-11-17 10:09:29.041 [WARN] [Worker-16] [host-c] Unexpected exception in handler: NullReferenceException at Processor.Handle()
2025-11-17 10:09:29.776 [INFO] [Worker-6] [host-a] Starting background task ReportDaily.
2025-11-17 10:09:34.423 [INFO] [Worker-3] [host-c] Database connection timeout. Retrying...
2025-11-17 10:09:34.428 [INFO] [Worker-14] [host-b] Disk space warning: 89% used.
2025-11-17 10:09:37.282 [INFO] [Worker-11] [host-c] Disk space warning: 81% used.
2025-11-17 10:09:40.177 [INFO] [Worker-16] [host-b] Database connection timeout. Retrying...
2025-11-17 10:09:42.887 [INFO] [Worker-11] [host-c] Heartbeat received.
2025-11-17 10:09:48.797 [ERROR] [Worker-14] [host-a] Checkpoint saved at offset 201545.
2025-11-17 10:09:52.264 [ERROR] [Worker-8] [host-a] Acquired lock for resource res-file.
2025-11-17 10:09:52.527 [TRACE] [Worker-4] [host-a] External API responded with status 503.
2025-11-17 10:09:53.643 [WARN] [Worker-3] [host-a] Completed scheduled cleanup.
2025-11-17 10:09:56.220 [DEBUG] [Worker-4] [host-c] Heartbeat received.
2025-11-17 10:09:56.999 [INFO] [Worker-9] [host-c] Enqueued job SendNotifications with id 502370.
2025-11-17 10:09:58.521 [INFO] [Worker-3] [host-a] Unexpected exception in handler: NullReferenceException at Processor.Handle()
2025-11-17 10:10:04.385 [WARN] [Worker-11] [host-a] Processing job 466134 of type SendNotifications.
2025-11-17 10:10:05.214 [INFO] [Worker-16] [host-b] Loaded configuration: maxWorkers=11; retryLimit=2.
2025-11-17 10:10:07.330 [INFO] [Worker-5] [host-c] Completed scheduled cleanup.
2025-11-17 10:10:12.387 [INFO] [Worker-14] [host-a] Acquired lock for resource res-db.
2025-11-17 10:10:12.640 [INFO] [Worker-1] [host-b] Processing job 672934 of type SendNotifications.
2025-11-17 10:10:12.661 [WARN] [Worker-15] [host-a] Database connection established.
2025-11-17 10:10:13.319 [INFO] [Worker-3] [host-a] Loaded configuration: maxWorkers=14; retryLimit=4.
2025-11-17 10:10:14.728 [DEBUG] [Worker-5] [host-b] Processing job 256318 of type ProcessQueue.
2025-11-17 10:10:15.241 [INFO] [Worker-11] [host-c] Failed to process job 311776: UnauthorizedAccessException: access denied
2025-11-17 10:10:21.226 [ERROR] [Worker-4] [host-c] Invalid message format. Skipping.
2025-11-17 10:10:24.206 [INFO] [Worker-13] [host-b] Retrying job 539180 (attempt 2).
2025-11-17 10:10:27.808 [ERROR] [Worker-11] [host-c] Retrying job 177104 (attempt 4).
2025-11-17 10:10:29.586 [INFO] [Worker-15] [host-b] Checkpoint saved at offset 210558.
2025-11-17 10:10:31.146 [WARN] [Worker-15] [host-b] Job CleanTempFiles completed in 709 ms.
2025-11-17 10:10:35.464 [INFO] [Worker-2] [host-b] Cache cleared for tenant tenantC.
2025-11-17 10:10:37.159 [INFO] [Worker-8] [host-c] Compacting storage segment 46.
2025-11-17 10:10:38.890 [WARN] [Worker-15] [host-a] Unexpected exception in handler: HttpRequestException: 502 Bad Gateway
2025-11-17 10:10:39.789 [INFO] [Worker-8] [host-a] Shutting down gracefully.
2025-11-17 10:10:42.831 [DEBUG] [Worker-6] [host-b] Shutting down gracefully.
2025-11-17 10:10:43.100 [DEBUG] [Worker-5] [host-a] Disk space warning: 88% used.
2025-11-17 10:10:45.840 [DEBUG] [Worker-15] [host-a] Disk space warning: 98% used.
2025-11-17 10:10:49.371 [INFO] [Worker-16] [host-b] Startup initialized.
2025-11-17 10:10:49.761 [INFO] [Worker-7] [host-b] Startup initialized.
2025-11-17 10:10:51.536 [DEBUG] [Worker-3] [host-c] Acquired lock for resource res-file.
2025-11-17 10:10:52.323 [INFO] [Worker-14] [host-c] Invalid message format. Skipping.
2025-11-17 10:10:54.027 [CRITICAL] [Worker-14] [host-c] Worker paused due to maintenance window.
2025-11-17 10:10:56.754 [INFO] [Worker-4] [host-c] No jobs in queue. Sleeping.
2025-11-17 10:10:57.276 [INFO] [Worker-10] [host-c] Database connection timeout. Retrying...
2025-11-17 10:10:58.480 [TRACE] [Worker-13] [host-a] Shutting down gracefully.
2025-11-17 10:11:01.133 [INFO] [Worker-7] [host-b] Invalid message format. Skipping.
2025-11-17 10:11:03.880 [ERROR] [Worker-4] [host-b] Unexpected exception in handler: NullReferenceException at Processor.Handle()
2025-11-17 10:11:05.989 [WARN] [Worker-3] [host-b] Unexpected exception in handler: SqlException: login failed
2025-11-17 10:11:06.856 [WARN] [Worker-2] [host-b] Retrying job 766876 (attempt 1).
2025-11-17 10:11:07.382 [WARN] [Worker-11] [host-b] Enqueued job ArchiveOldData with id 167672.
2025-11-17 10:11:12.989 [WARN] [Worker-9] [host-b] Shutting down gracefully.
2025-11-17 10:11:15.787 [WARN] [Worker-16] [host-b] Database connection timeout. Retrying...
2025-11-17 10:11:17.568 [DEBUG] [Worker-2] [host-b] Released lock for resource res-db.
2025-11-17 10:11:21.719 [INFO] [Worker-11] [host-a] Starting background task ReportDaily.
2025-11-17 10:11:22.333 [INFO] [Worker-2] [host-a] Dequeueing 8 messages.
2025-11-17 10:11:23.554 [INFO] [Worker-2] [host-b] Retrying job 795271 (attempt 1).
2025-11-17 10:11:25.373 [DEBUG] [Worker-2] [host-a] Retrying job 883407 (attempt 3).
2025-11-17 10:11:25.993 [ERROR] [Worker-2] [host-b] Database connection established.
2025-11-17 10:11:28.674 [INFO] [Worker-1] [host-c] Unexpected exception in handler: TimeoutError: operation timed out
2025-11-17 10:11:32.499 [TRACE] [Worker-12] [host-a] Database connection established.
2025-11-17 10:11:37.398 [DEBUG] [Worker-14] [host-c] Completed scheduled cleanup.
2025-11-17 10:11:40.733 [INFO] [Worker-13] [host-c] Invalid message format. Skipping.
2025-11-17 10:11:46.058 [INFO] [Worker-11] [host-c] Starting background task CompactIndices.
2025-11-17 10:11:51.856 [INFO] [Worker-3] [host-a] Loaded configuration: maxWorkers=8; retryLimit=4.
2025-11-17 10:11:54.765 [DEBUG] [Worker-8] [host-a] Completed scheduled cleanup.
2025-11-17 10:12:00.110 [INFO] [Worker-1] [host-c] Job GenerateReport completed in 2822 ms.
2025-11-17 10:12:04.047 [INFO] [Worker-9] [host-a] Completed scheduled cleanup.
2025-11-17 10:12:04.314 [WARN] [Worker-9] [host-a] Compacting storage segment 19.
2025-11-17 10:12:04.582 [WARN] [Worker-10] [host-a] Database connection timeout. Retrying...
2025-11-17 10:12:07.350 [INFO] [Worker-8] [host-a] Released lock for resource res-db.
2025-11-17 10:12:09.282 [WARN] [Worker-1] [host-c] Retrying job 723228 (attempt 1).
2025-11-17 10:12:11.028 [DEBUG] [Worker-9] [host-c] Job ArchiveOldData completed in 710 ms.
2025-11-17 10:12:11.847 [INFO] [Worker-10] [host-b] Job ProcessQueue completed in 804 ms.
2025-11-17 10:12:13.209 [INFO] [Worker-14] [host-c] Acquired lock for resource res-queue.
2025-11-17 10:12:17.401 [WARN] [Worker-12] [host-b] Failed to process job 640643: HttpRequestException: 502 Bad Gateway
2025-11-17 10:12:20.271 [ERROR] [Worker-11] [host-a] Disk space warning: 40% used.
2025-11-17 10:12:20.806 [INFO] [Worker-10] [host-c] Retrying job 841923 (attempt 5).
2025-11-17 10:12:22.435 [INFO] [Worker-6] [host-a] Cache cleared for tenant tenantC.
2025-11-17 10:12:27.225 [WARN] [Worker-9] [host-b] Processing job 230153 of type SendNotifications.
2025-11-17 10:12:29.001 [INFO] [Worker-2] [host-b] Dequeueing 66 messages.
2025-11-17 10:12:32.639 [INFO] [Worker-2] [host-c] Invalid message format. Skipping.
2025-11-17 10:12:32.906 [WARN] [Worker-8] [host-a] Job GenerateReport completed in 2883 ms.
2025-11-17 10:12:33.485 [DEBUG] [Worker-5] [host-c] Disk space warning: 62% used.
2025-11-17 10:12:33.944 [ERROR] [Worker-11] [host-c] Enqueued job ProcessQueue with id 589569.
2025-11-17 10:12:33.956 [INFO] [Worker-9] [host-b] Database connection established.
2025-11-17 10:12:35.904 [INFO] [Worker-16] [host-b] Loaded configuration: maxWorkers=12; retryLimit=4.
2025-11-17 10:12:40.390 [INFO] [Worker-5] [host-a] Failed to process job 691204: UnauthorizedAccessException: access denied
2025-11-17 10:12:40.458 [ERROR] [Worker-12] [host-c] Unexpected exception in handler: AggregateException: one or more errors occurred
2025-11-17 10:12:40.770 [INFO] [Worker-3] [host-a] Unexpected exception in handler: SqlException: login failed
2025-11-17 10:12:45.747 [WARN] [Worker-3] [host-c] Processing job 531876 of type ProcessQueue.
2025-11-17 10:12:51.179 [DEBUG] [Worker-6] [host-b] Failed to process job 743341: NullReferenceException at Processor.Handle()
2025-11-17 10:12:56.120 [INFO] [Worker-13] [host-c] Startup initialized.
2025-11-17 10:13:01.065 [DEBUG] [Worker-2] [host-a] Checkpoint saved at offset 750808.
2025-11-17 10:13:04.438 [WARN] [Worker-10] [host-c] Released lock for resource res-db.
2025-11-17 10:13:09.092 [WARN] [Worker-7] [host-b] Completed scheduled cleanup.
2025-11-17 10:13:11.067 [WARN] [Worker-7] [host-a] Disk space warning: 61% used.
2025-11-17 10:13:11.950 [CRITICAL] [Worker-15] [host-a] Enqueued job ArchiveOldData with id 852250. | StackTrace: at Worker.Process() in /src/worker/Processor.cs:line 185
2025-11-17 10:13:16.446 [TRACE] [Worker-11] [host-b] No jobs in queue. Sleeping.
2025-11-17 10:13:16.532 [DEBUG] [Worker-8] [host-b] Starting background task CompactIndices.
2025-11-17 10:13:18.767 [WARN] [Worker-15] [host-a] Unexpected exception in handler: AggregateException: one or more errors occurred
2025-11-17 10:13:24.317 [WARN] [Worker-15] [host-a] Compacting storage segment 37.
2025-11-17 10:13:28.785 [CRITICAL] [Worker-15] [host-b] Invalid message format. Skipping.
2025-11-17 10:13:30.807 [INFO] [Worker-15] [host-b] Compacting storage segment 22.
2025-11-17 10:13:31.697 [INFO] [Worker-12] [host-c] Database connection established.
2025-11-17 10:13:34.619 [INFO] [Worker-5] [host-a] Database connection timeout. Retrying...
2025-11-17 10:13:37.624 [ERROR] [Worker-7] [host-c] Failed to process job 314483: UnauthorizedAccessException: access denied | StackTrace: at Worker.Process() in /src/worker/Processor.cs:line 315
2025-11-17 10:13:38.196 [WARN] [Worker-3] [host-c] Worker paused due to maintenance window.
2025-11-17 10:13:38.648 [ERROR] [Worker-8] [host-b] Released lock for resource res-db.
2025-11-17 10:13:43.951 [DEBUG] [Worker-11] [host-c] Dequeueing 78 messages.
2025-11-17 10:13:45.270 [WARN] [Worker-15] [host-b] No jobs in queue. Sleeping.
2025-11-17 10:13:45.856 [INFO] [Worker-15] [host-a] Loaded configuration: maxWorkers=4; retryLimit=1.
2025-11-17 10:13:46.440 [INFO] [Worker-15] [host-c] Disk space warning: 46% used.
2025-11-17 10:13:48.785 [INFO] [Worker-8] [host-a] Invalid message format. Skipping.
2025-11-17 10:13:51.186 [DEBUG] [Worker-6] [host-c] Completed scheduled cleanup.
2025-11-17 10:13:52.663 [TRACE] [Worker-4] [host-b] Cache cleared for tenant public.
2025-11-17 10:13:54.430 [INFO] [Worker-11] [host-b] Released lock for resource res-db.
2025-11-17 10:13:56.420 [TRACE] [Worker-11] [host-b] Starting background task RefreshCache.
2025-11-17 10:14:02.223 [CRITICAL] [Worker-1] [host-c] Worker paused due to maintenance window.
2025-11-17 10:14:04.400 [DEBUG] [Worker-5] [host-a] Database connection timeout. Retrying...
2025-11-17 10:14:05.683 [INFO] [Worker-8] [host-c] Acquired lock for resource res-file.
2025-11-17 10:14:07.960 [WARN] [Worker-5] [host-c] Acquired lock for resource res-queue.
2025-11-17 10:14:08.868 [TRACE] [Worker-14] [host-b] Database connection timeout. Retrying...
2025-11-17 10:14:14.349 [INFO] [Worker-12] [host-a] Worker paused due to maintenance window.
2025-11-17 10:14:19.707 [ERROR] [Worker-14] [host-a] Shutting down gracefully.
2025-11-17 10:14:23.454 [DEBUG] [Worker-16] [host-b] External API responded with status 202.
2025-11-17 10:14:26.911 [ERROR] [Worker-11] [host-b] Retrying job 871568 (attempt 5).
2025-11-17 10:14:28.917 [WARN] [Worker-3] [host-a] External API responded with status 200.
2025-11-17 10:14:32.480 [INFO] [Worker-15] [host-c] Acquired lock for resource res-file.
2025-11-17 10:14:36.884 [CRITICAL] [Worker-16] [host-a] Enqueued job CleanTempFiles with id 705654. | StackTrace: at Worker.Process() in /src/worker/Processor.cs:line 390
2025-11-17 10:14:40.265 [TRACE] [Worker-5] [host-a] Database connection established.
2025-11-17 10:14:40.486 [CRITICAL] [Worker-6] [host-a] Unexpected exception in handler: TimeoutError: operation timed out
2025-11-17 10:14:45.306 [ERROR] [Worker-12] [host-a] Cache cleared for tenant tenantC. | StackTrace: at Worker.Process() in /src/worker/Processor.cs:line 331
2025-11-17 10:14:45.703 [INFO] [Worker-9] [host-a] Shutting down gracefully.
2025-11-17 10:14:48.525 [ERROR] [Worker-15] [host-c] Invalid message format. Skipping.
2025-11-17 10:14:53.159 [DEBUG] [Worker-1] [host-a] Startup initialized.
2025-11-17 10:14:54.624 [INFO] [Worker-2] [host-c] Starting background task RefreshCache.
2025-11-17 10:14:58.516 [DEBUG] [Worker-1] [host-a] Completed scheduled cleanup.
2025-11-17 10:15:03.544 [INFO] [Worker-3] [host-c] Disk space warning: 62% used.
2025-11-17 10:15:03.991 [INFO] [Worker-6] [host-a] Heartbeat received.
2025-11-17 10:15:06.788 [TRACE] [Worker-2] [host-c] Acquired lock for resource res-db.
2025-11-17 10:15:11.348 [INFO] [Worker-4] [host-b] Job ArchiveOldData completed in 273 ms.
2025-11-17 10:15:13.591 [DEBUG] [Worker-12] [host-b] External API responded with status 401.
2025-11-17 10:15:19.201 [INFO] [Worker-1] [host-a] Completed scheduled cleanup.
2025-11-17 10:15:21.491 [WARN] [Worker-3] [host-c] Database connection timeout. Retrying...
2025-11-17 10:15:26.920 [INFO] [Worker-16] [host-c] Released lock for resource res-db.
2025-11-17 10:15:28.376 [DEBUG] [Worker-12] [host-a] Completed scheduled cleanup.
2025-11-17 10:15:32.947 [WARN] [Worker-3] [host-b] Starting background task CompactIndices.
2025-11-17 10:15:35.434 [DEBUG] [Worker-15] [host-c] Processing job 783826 of type SyncWithRemote.
2025-11-17 10:15:35.446 [INFO] [Worker-4] [host-b] Job ArchiveOldData completed in 3935 ms.
2025-11-17 10:15:35.974 [DEBUG] [Worker-16] [host-a] Processing job 629708 of type SendNotifications.
2025-11-17 10:15:37.867 [WARN] [Worker-7] [host-c] Unexpected exception in handler: SqlException: login failed
2025-11-17 10:15:39.708 [ERROR] [Worker-14] [host-b] Database connection established.
2025-11-17 10:15:40.320 [INFO] [Worker-2] [host-a] No jobs in queue. Sleeping.
2025-11-17 10:15:41.487 [INFO] [Worker-11] [host-a] Enqueued job CleanTempFiles with id 489143.
2025-11-17 10:15:42.845 [INFO] [Worker-15] [host-c] Worker paused due to maintenance window.
2025-11-17 10:15:43.652 [WARN] [Worker-6] [host-a] Startup initialized.
2025-11-17 10:15:49.197 [INFO] [Worker-12] [host-c] Job SyncWithRemote completed in 3104 ms.
2025-11-17 10:15:49.891 [INFO] [Worker-10] [host-a] External API responded with status 503.
2025-11-17 10:15:55.841 [ERROR] [Worker-15] [host-a] External API responded with status 202. | StackTrace: at Worker.Process() in /src/worker/Processor.cs:line 338
2025-11-17 10:15:57.263 [CRITICAL] [Worker-16] [host-c] Database connection established.
2025-11-17 10:15:57.901 [INFO] [Worker-9] [host-a] Cache cleared for tenant tenantA.
2025-11-17 10:15:58.371 [ERROR] [Worker-13] [host-a] Acquired lock for resource res-file. | StackTrace: at Worker.Process() in /src/worker/Processor.cs:line 201
2025-11-17 10:15:58.996 [INFO] [Worker-13] [host-b] Retrying job 574156 (attempt 5).
2025-11-17 10:16:03.088 [INFO] [Worker-14] [host-a] Job SendNotifications completed in 3212 ms.
2025-11-17 10:16:03.847 [INFO] [Worker-2] [host-c] Cache cleared for tenant tenantA.
2025-11-17 10:16:08.455 [INFO] [Worker-6] [host-c] Loaded configuration: maxWorkers=10; retryLimit=5.
2025-11-17 10:16:13.096 [INFO] [Worker-11] [host-b] Database connection established.
2025-11-17 10:16:13.111 [ERROR] [Worker-11] [host-c] Acquired lock for resource res-file.
2025-11-17 10:16:16.212 [DEBUG] [Worker-15] [host-a] Worker paused due to maintenance window.
2025-11-17 10:16:17.388 [DEBUG] [Worker-14] [host-a] External API responded with status 502.
2025-11-17 10:16:21.766 [WARN] [Worker-5] [host-b] Loaded configuration: maxWorkers=8; retryLimit=2.
2025-11-17 10:16:25.596 [WARN] [Worker-6] [host-a] Starting background task ReportDaily.
2025-11-17 10:16:28.237 [DEBUG] [Worker-14] [host-b] Loaded configuration: maxWorkers=3; retryLimit=1.
2025-11-17 10:16:28.490 [INFO] [Worker-15] [host-a] No jobs in queue. Sleeping.
2025-11-17 10:16:30.404 [CRITICAL] [Worker-7] [host-c] Checkpoint saved at offset 1743601.
2025-11-17 10:16:32.661 [INFO] [Worker-15] [host-b] Worker paused due to maintenance window.
2025-11-17 10:16:33.826 [INFO] [Worker-15] [host-b] External API responded with status 201.
2025-11-17 10:16:37.429 [TRACE] [Worker-12] [host-b] Checkpoint saved at offset 879405.
2025-11-17 10:16:41.461 [INFO] [Worker-13] [host-a] Enqueued job ArchiveOldData with id 693941.
2025-11-17 10:16:42.460 [INFO] [Worker-9] [host-a] Compacting storage segment 33.
2025-11-17 10:16:43.211 [INFO] [Worker-12] [host-b] Dequeueing 49 messages.
2025-11-17 10:16:44.760 [INFO] [Worker-7] [host-c] Enqueued job CleanTempFiles with id 691508.
2025-11-17 10:16:45.329 [INFO] [Worker-16] [host-c] Failed to process job 755443: NullReferenceException at Processor.Handle()
2025-11-17 10:16:45.650 [INFO] [Worker-15] [host-c] No jobs in queue. Sleeping.
2025-11-17 10:16:46.355 [WARN] [Worker-3] [host-a] Startup initialized.
2025-11-17 10:16:48.225 [INFO] [Worker-4] [host-b] Loaded configuration: maxWorkers=6; retryLimit=4.
2025-11-17 10:16:53.237 [DEBUG] [Worker-9] [host-b] Completed scheduled cleanup.
2025-11-17 10:16:55.119 [INFO] [Worker-10] [host-b] Invalid message format. Skipping.
2025-11-17 10:16:55.732 [ERROR] [Worker-7] [host-a] Unexpected exception in handler: IOException: failed to write file
2025-11-17 10:16:56.940 [TRACE] [Worker-1] [host-c] Unexpected exception in handler: TimeoutError: operation timed out
2025-11-17 10:17:00.212 [DEBUG] [Worker-13] [host-c] Processing job 440290 of type CleanTempFiles.
2025-11-17 10:17:03.605 [ERROR] [Worker-16] [host-b] Failed to process job 553989: SqlException: login failed
2025-11-17 10:17:07.249 [TRACE] [Worker-8] [host-a] Invalid message format. Skipping.
2025-11-17 10:17:08.710 [WARN] [Worker-11] [host-c] Job ArchiveOldData completed in 303 ms.
2025-11-17 10:17:14.266 [INFO] [Worker-16] [host-b] Disk space warning: 82% used.
2025-11-17 10:17:17.043 [DEBUG] [Worker-16] [host-b] Database connection timeout. Retrying...
2025-11-17 10:17:19.062 [INFO] [Worker-14] [host-a] Invalid message format. Skipping.
2025-11-17 10:17:20.357 [DEBUG] [Worker-12] [host-c] Cache cleared for tenant tenantA.
2025-11-17 10:17:21.204 [INFO] [Worker-16] [host-a] Compacting storage segment 23.
2025-11-17 10:17:21.468 [WARN] [Worker-9] [host-c] Processing job 917607 of type CleanTempFiles.
2025-11-17 10:17:22.845 [CRITICAL] [Worker-16] [host-b] Starting background task CompactIndices.
2025-11-17 10:17:28.045 [DEBUG] [Worker-4] [host-a] Startup initialized.
2025-11-17 10:17:28.930 [INFO] [Worker-3] [host-c] No jobs in queue. Sleeping.
2025-11-17 10:17:33.099 [INFO] [Worker-1] [host-a] Retrying job 156303 (attempt 1).
2025-11-17 10:17:36.390 [DEBUG] [Worker-1] [host-a] Released lock for resource res-file.
2025-11-17 10:17:38.974 [DEBUG] [Worker-10] [host-c] Processing job 833615 of type ArchiveOldData.
2025-11-17 10:17:39.541 [CRITICAL] [Worker-3] [host-b] Job SendNotifications completed in 1216 ms.
2025-11-17 10:17:44.091 [ERROR] [Worker-11] [host-a] Starting background task ReportDaily.
2025-11-17 10:17:45.872 [INFO] [Worker-2] [host-b] Checkpoint saved at offset 744464.
2025-11-17 10:17:46.119 [DEBUG] [Worker-13] [host-c] Unexpected exception in handler: HttpRequestException: 502 Bad Gateway
2025-11-17 10:17:49.100 [INFO] [Worker-13] [host-b] Startup initialized.
2025-11-17 10:17:50.705 [ERROR] [Worker-5] [host-b] External API responded with status 403.
2025-11-17 10:17:53.514 [ERROR] [Worker-4] [host-b] Shutting down gracefully.
2025-11-17 10:17:54.112 [INFO] [Worker-8] [host-a] Completed scheduled cleanup.
2025-11-17 10:17:58.363 [ERROR] [Worker-7] [host-c] Compacting storage segment 26.
2025-11-17 10:17:59.188 [INFO] [Worker-10] [host-c] Checkpoint saved at offset 1252730.
2025-11-17 10:17:59.470 [DEBUG] [Worker-9] [host-b] Unexpected exception in handler: HttpRequestException: 502 Bad Gateway
2025-11-17 10:18:02.790 [INFO] [Worker-3] [host-a] Starting background task CompactIndices.
2025-11-17 10:18:02.800 [INFO] [Worker-16] [host-b] Compacting storage segment 1.
2025-11-17 10:18:06.556 [WARN] [Worker-8] [host-c] Enqueued job ProcessQueue with id 414531.
2025-11-17 10:18:07.004 [INFO] [Worker-13] [host-a] Processing job 621558 of type GenerateReport.
2025-11-17 10:18:11.447 [INFO] [Worker-6] [host-b] Shutting down gracefully.
2025-11-17 10:18:11.756 [INFO] [Worker-1] [host-b] Shutting down gracefully.
2025-11-17 10:18:12.506 [ERROR] [Worker-13] [host-b] External API responded with status 502.
2025-11-17 10:18:16.121 [INFO] [Worker-13] [host-a] Invalid message format. Skipping.
2025-11-17 10:18:17.617 [INFO] [Worker-2] [host-b] Worker paused due to maintenance window.
2025-11-17 10:18:22.788 [DEBUG] [Worker-6] [host-c] Completed scheduled cleanup.
2025-11-17 10:18:26.791 [ERROR] [Worker-2] [host-b] Database connection established.
2025-11-17 10:18:32.720 [WARN] [Worker-10] [host-b] Failed to process job 807349: IOException: failed to write file
2025-11-17 10:18:34.500 [ERROR] [Worker-8] [host-b] Completed scheduled cleanup.
2025-11-17 10:18:38.232 [DEBUG] [Worker-15] [host-a] Database connection timeout. Retrying...
2025-11-17 10:18:38.416 [DEBUG] [Worker-12] [host-c] Job GenerateReport completed in 4447 ms.
2025-11-17 10:18:39.203 [INFO] [Worker-10] [host-c] Released lock for resource res-db.
2025-11-17 10:18:40.473 [INFO] [Worker-16] [host-b] Startup initialized.
2025-11-17 10:18:45.633 [INFO] [Worker-1] [host-b] Heartbeat received.
2025-11-17 10:18:46.210 [ERROR] [Worker-4] [host-b] Checkpoint saved at offset 1910464.
2025-11-17 10:18:51.810 [DEBUG] [Worker-8] [host-b] Enqueued job GenerateReport with id 260784.
2025-11-17 10:18:55.254 [CRITICAL] [Worker-13] [host-b] Job SendNotifications completed in 1699 ms.
2025-11-17 10:18:56.738 [WARN] [Worker-1] [host-b] Worker paused due to maintenance window.
2025-11-17 10:18:56.745 [INFO] [Worker-7] [host-a] Database connection established.
2025-11-17 10:18:57.862 [INFO] [Worker-13] [host-c] Database connection timeout. Retrying...
2025-11-17 10:19:00.696 [DEBUG] [Worker-3] [host-a] Cache cleared for tenant tenantC.
2025-11-17 10:19:02.638 [INFO] [Worker-1] [host-c] Dequeueing 107 messages.
2025-11-17 10:19:02.791 [WARN] [Worker-12] [host-b] Acquired lock for resource res-db.
2025-11-17 10:19:03.089 [INFO] [Worker-4] [host-a] Failed to process job 623602: TimeoutError: operation timed out
2025-11-17 10:19:04.433 [CRITICAL] [Worker-7] [host-b] Starting background task RefreshCache. | StackTrace: at Worker.Process() in /src/worker/Processor.cs:line 231
2025-11-17 10:19:05.267 [INFO] [Worker-2] [host-b] Failed to process job 428387: UnauthorizedAccessException: access denied
2025-11-17 10:19:10.847 [INFO] [Worker-13] [host-c] External API responded with status 503.
2025-11-17 10:19:15.229 [WARN] [Worker-3] [host-b] Worker paused due to maintenance window.
2025-11-17 10:19:16.099 [WARN] [Worker-6] [host-a] Invalid message format. Skipping.
2025-11-17 10:19:16.807 [WARN] [Worker-7] [host-a] External API responded with status 201.
2025-11-17 10:19:19.075 [TRACE] [Worker-10] [host-b] Starting background task RefreshCache.
2025-11-17 10:19:19.529 [ERROR] [Worker-13] [host-c] External API responded with status 201.
2025-11-17 10:19:22.373 [CRITICAL] [Worker-10] [host-c] Processing job 155587 of type SyncWithRemote.
2025-11-17 10:19:27.615 [WARN] [Worker-12] [host-a] Processing job 538119 of type SendNotifications.
2025-11-17 10:19:32.695 [INFO] [Worker-1] [host-b] Heartbeat received.
2025-11-17 10:19:37.944 [CRITICAL] [Worker-13] [host-b] Dequeueing 101 messages. | StackTrace: at Worker.Process() in /src/worker/Processor.cs:line 342
2025-11-17 10:19:38.104 [INFO] [Worker-13] [host-b] Acquired lock for resource res-queue.
2025-11-17 10:19:39.171 [INFO] [Worker-3] [host-b] Disk space warning: 90% used.
2025-11-17 10:19:39.719 [INFO] [Worker-5] [host-b] Cache cleared for tenant public.
2025-11-17 10:19:42.240 [WARN] [Worker-8] [host-a] Processing job 993330 of type CleanTempFiles.
2025-11-17 10:19:46.856 [INFO] [Worker-5] [host-a] Checkpoint saved at offset 1863725.
2025-11-17 10:19:47.880 [INFO] [Worker-6] [host-a] Enqueued job SyncWithRemote with id 532503.
2025-11-17 10:19:51.801 [DEBUG] [Worker-5] [host-c] Worker paused due to maintenance window.
2025-11-17 10:19:52.100 [INFO] [Worker-15] [host-b] Compacting storage segment 17.
2025-11-17 10:19:54.928 [INFO] [Worker-10] [host-a] Unexpected exception in handler: NullReferenceException at Processor.Handle()
2025-11-17 10:19:56.131 [INFO] [Worker-7] [host-c] Shutting down gracefully.
2025-11-17 10:20:00.678 [WARN] [Worker-14] [host-a] Failed to process job 751291: IOException: failed to write file
2025-11-17 10:20:03.076 [ERROR] [Worker-12] [host-b] Job ProcessQueue completed in 4134 ms.
2025-11-17 10:20:08.385 [WARN] [Worker-2] [host-b] Loaded configuration: maxWorkers=7; retryLimit=1.
2025-11-17 10:20:14.357 [INFO] [Worker-10] [host-a] Failed to process job 299739: NullReferenceException at Processor.Handle()
2025-11-17 10:20:15.298 [INFO] [Worker-3] [host-b] Enqueued job ArchiveOldData with id 445433.
2025-11-17 10:20:16.663 [WARN] [Worker-10] [host-c] External API responded with status 200.
2025-11-17 10:20:17.013 [DEBUG] [Worker-7] [host-a] Loaded configuration: maxWorkers=9; retryLimit=5.
2025-11-17 10:20:22.551 [INFO] [Worker-10] [host-c] Invalid message format. Skipping.
2025-11-17 10:20:23.495 [INFO] [Worker-5] [host-b] Failed to process job 951935: IOException: failed to write file
2025-11-17 10:20:24.700 [WARN] [Worker-1] [host-b] Heartbeat received.
2025-11-17 10:20:24.848 [WARN] [Worker-9] [host-c] Released lock for resource res-file.
2025-11-17 10:20:24.888 [INFO] [Worker-10] [host-b] Database connection timeout. Retrying...
2025-11-17 10:20:26.517 [ERROR] [Worker-10] [host-a] Checkpoint saved at offset 1914306.
2025-11-17 10:20:27.336 [INFO] [Worker-4] [host-c] Failed to process job 398209: TimeoutError: operation timed out
2025-11-17 10:20:28.004 [WARN] [Worker-13] [host-a] Checkpoint saved at offset 1035773.
2025-11-17 10:20:31.401 [INFO] [Worker-5] [host-c] Loaded configuration: maxWorkers=2; retryLimit=1.
2025-11-17 10:20:35.006 [INFO] [Worker-16] [host-a] Enqueued job SendNotifications with id 821485.
2025-11-17 10:20:39.867 [CRITICAL] [Worker-15] [host-c] Checkpoint saved at offset 1265004. | StackTrace: at Worker.Process() in /src/worker/Processor.cs:line 133
2025-11-17 10:20:43.541 [INFO] [Worker-2] [host-c] Unexpected exception in handler: TimeoutError: operation timed out
2025-11-17 10:20:46.656 [INFO] [Worker-8] [host-b] Acquired lock for resource res-file.
2025-11-17 10:20:47.147 [WARN] [Worker-12] [host-c] Unexpected exception in handler: TimeoutError: operation timed out
2025-11-17 10:20:47.259 [WARN] [Worker-16] [host-a] Compacting storage segment 11.
2025-11-17 10:20:47.967 [DEBUG] [Worker-1] [host-b] Worker paused due to maintenance window.
2025-11-17 10:20:53.403 [WARN] [Worker-12] [host-b] Dequeueing 68 messages.
2025-11-17 10:20:54.183 [INFO] [Worker-7] [host-a] Dequeueing 48 messages.
2025-11-17 10:20:55.942 [INFO] [Worker-4] [host-c] Completed scheduled cleanup.
2025-11-17 10:20:56.608 [TRACE] [Worker-9] [host-b] Disk space warning: 52% used.
2025-11-17 10:20:58.667 [WARN] [Worker-15] [host-c] Database connection established.
2025-11-17 10:21:03.208 [TRACE] [Worker-5] [host-a] Database connection established.
2025-11-17 10:21:03.770 [INFO] [Worker-12] [host-b] Retrying job 721796 (attempt 2).
2025-11-17 10:21:07.378 [INFO] [Worker-10] [host-b] Loaded configuration: maxWorkers=12; retryLimit=1.
2025-11-17 10:21:09.279 [WARN] [Worker-15] [host-b] Worker paused due to maintenance window.
2025-11-17 10:21:10.451 [DEBUG] [Worker-1] [host-a] Startup initialized.
2025-11-17 10:21:11.688 [DEBUG] [Worker-6] [host-a] Database connection established.
2025-11-17 10:21:12.490 [INFO] [Worker-2] [host-c] External API responded with status 502.
2025-11-17 10:21:13.957 [WARN] [Worker-9] [host-a] Disk space warning: 51% used.
2025-11-17 10:21:14.855 [INFO] [Worker-5] [host-c] Retrying job 971766 (attempt 2).
2025-11-17 10:21:16.913 [DEBUG] [Worker-7] [host-c] Loaded configuration: maxWorkers=8; retryLimit=2.
2025-11-17 10:21:19.105 [INFO] [Worker-7] [host-b] Acquired lock for resource res-db.
2025-11-17 10:21:24.238 [DEBUG] [Worker-3] [host-c] Acquired lock for resource res-file.
2025-11-17 10:21:24.616 [WARN] [Worker-5] [host-c] Released lock for resource res-queue.
2025-11-17 10:21:30.596 [WARN] [Worker-5] [host-a] Compacting storage segment 7.
2025-11-17 10:21:34.575 [WARN] [Worker-2] [host-b] Completed scheduled cleanup.
2025-11-17 10:21:36.408 [INFO] [Worker-16] [host-b] Checkpoint saved at offset 392683.
2025-11-17 10:21:42.201 [INFO] [Worker-14] [host-b] Processing job 770190 of type SendNotifications.
2025-11-17 10:21:47.356 [TRACE] [Worker-12] [host-a] Compacting storage segment 47.
2025-11-17 10:21:48.849 [WARN] [Worker-7] [host-b] Retrying job 542293 (attempt 4).
2025-11-17 10:21:54.741 [INFO] [Worker-3] [host-a] Database connection established.
2025-11-17 10:21:59.548 [ERROR] [Worker-1] [host-b] Retrying job 194386 (attempt 5).
2025-11-17 10:22:02.486 [DEBUG] [Worker-9] [host-b] No jobs in queue. Sleeping.
2025-11-17 10:22:02.499 [WARN] [Worker-11] [host-b] Job ArchiveOldData completed in 2308 ms.
2025-11-17 10:22:06.501 [INFO] [Worker-10] [host-a] Enqueued job CleanTempFiles with id 868013.
2025-11-17 10:22:07.155 [INFO] [Worker-16] [host-b] Invalid message format. Skipping.
2025-11-17 10:22:08.018 [CRITICAL] [Worker-12] [host-c] Startup initialized. | StackTrace: at Worker.Process() in /src/worker/Processor.cs:line 383
2025-11-17 10:22:09.101 [INFO] [Worker-12] [host-b] Checkpoint saved at offset 534098.
2025-11-17 10:22:10.149 [INFO] [Worker-11] [host-a] Cache cleared for tenant tenantC.
2025-11-17 10:22:11.665 [INFO] [Worker-7] [host-a] Checkpoint saved at offset 87443.
2025-11-17 10:22:12.590 [INFO] [Worker-13] [host-a] Database connection timeout. Retrying...
2025-11-17 10:22:13.401 [ERROR] [Worker-13] [host-b] Startup initialized.
2025-11-17 10:22:15.564 [DEBUG] [Worker-9] [host-b] Dequeueing 19 messages.
2025-11-17 10:22:16.343 [TRACE] [Worker-16] [host-a] Processing job 317951 of type SendNotifications.
2025-11-17 10:22:17.684 [ERROR] [Worker-11] [host-c] Disk space warning: 56% used. | StackTrace: at Worker.Process() in /src/worker/Processor.cs:line 303
2025-11-17 10:22:18.673 [INFO] [Worker-7] [host-c] Processing job 866866 of type GenerateReport.
2025-11-17 10:22:18.800 [DEBUG] [Worker-8] [host-c] Enqueued job CleanTempFiles with id 143136.
2025-11-17 10:22:18.978 [DEBUG] [Worker-11] [host-a] No jobs in queue. Sleeping.
2025-11-17 10:22:19.215 [INFO] [Worker-2] [host-a] Disk space warning: 93% used.
2025-11-17 10:22:22.457 [INFO] [Worker-13] [host-c] Unexpected exception in handler: NullReferenceException at Processor.Handle()
2025-11-17 10:22:22.990 [INFO] [Worker-14] [host-b] No jobs in queue. Sleeping.
2025-11-17 10:22:27.917 [INFO] [Worker-11] [host-c] Database connection established.
2025-11-17 10:22:33.569 [CRITICAL] [Worker-13] [host-b] Enqueued job GenerateReport with id 805229.
2025-11-17 10:22:35.082 [ERROR] [Worker-16] [host-b] Dequeueing 119 messages.
2025-11-17 10:22:40.500 [TRACE] [Worker-8] [host-a] Database connection established.
2025-11-17 10:22:44.783 [INFO] [Worker-1] [host-a] Database connection established.
2025-11-17 10:22:45.412 [INFO] [Worker-8] [host-a] Cache cleared for tenant public.
2025-11-17 10:22:46.955 [ERROR] [Worker-16] [host-c] Compacting storage segment 21. | StackTrace: at Worker.Process() in /src/worker/Processor.cs:line 148
2025-11-17 10:22:52.073 [WARN] [Worker-12] [host-a] Compacting storage segment 49.
2025-11-17 10:22:57.791 [TRACE] [Worker-3] [host-a] Invalid message format. Skipping.
2025-11-17 10:22:57.884 [INFO] [Worker-16] [host-a] Unexpected exception in handler: SqlException: login failed
2025-11-17 10:23:03.704 [INFO] [Worker-3] [host-a] Worker paused due to maintenance window.
2025-11-17 10:23:04.263 [INFO] [Worker-5] [host-c] Starting background task CompactIndices.
2025-11-17 10:23:08.443 [INFO] [Worker-7] [host-c] Job SyncWithRemote completed in 1194 ms.
2025-11-17 10:23:09.212 [ERROR] [Worker-6] [host-a] Worker paused due to maintenance window.
2025-11-17 10:23:11.747 [INFO] [Worker-8] [host-c] Loaded configuration: maxWorkers=12; retryLimit=4.
2025-11-17 10:23:12.273 [INFO] [Worker-6] [host-b] Database connection established.
2025-11-17 10:23:13.341 [TRACE] [Worker-12] [host-b] Database connection timeout. Retrying...
2025-11-17 10:23:17.409 [INFO] [Worker-16] [host-b] Processing job 122257 of type SyncWithRemote.
2025-11-17 10:23:19.125 [TRACE] [Worker-7] [host-a] Invalid message format. Skipping.
2025-11-17 10:23:20.413 [ERROR] [Worker-10] [host-c] Completed scheduled cleanup.
2025-11-17 10:23:20.729 [ERROR] [Worker-13] [host-b] Startup initialized.
2025-11-17 10:23:22.022 [WARN] [Worker-3] [host-c] Retrying job 419652 (attempt 4).
2025-11-17 10:23:27.791 [INFO] [Worker-2] [host-b] Checkpoint saved at offset 754927.
2025-11-17 10:23:27.896 [INFO] [Worker-6] [host-c] Loaded configuration: maxWorkers=3; retryLimit=4.
2025-11-17 10:23:32.758 [CRITICAL] [Worker-9] [host-c] Retrying job 405115 (attempt 3). | StackTrace: at Worker.Process() in /src/worker/Processor.cs:line 225
2025-11-17 10:23:38.371 [ERROR] [Worker-7] [host-a] Database connection established.
2025-11-17 10:23:38.989 [DEBUG] [Worker-6] [host-a] Cache cleared for tenant public.
2025-11-17 10:23:39.145 [INFO] [Worker-4] [host-a] Enqueued job SendNotifications with id 985601.
2025-11-17 10:23:40.551 [INFO] [Worker-7] [host-a] Database connection timeout. Retrying...
2025-11-17 10:23:40.766 [INFO] [Worker-13] [host-b] Acquired lock for resource res-db.
2025-11-17 10:23:42.759 [DEBUG] [Worker-14] [host-c] Cache cleared for tenant public.
2025-11-17 10:23:47.879 [WARN] [Worker-2] [host-c] Startup initialized.
2025-11-17 10:23:51.738 [WARN] [Worker-2] [host-a] Heartbeat received.
2025-11-17 10:23:52.341 [DEBUG] [Worker-11] [host-b] Shutting down gracefully.
2025-11-17 10:23:56.797 [INFO] [Worker-4] [host-a] No jobs in queue. Sleeping.
2025-11-17 10:23:59.855 [DEBUG] [Worker-13] [host-c] Acquired lock for resource res-file.
2025-11-17 10:24:02.919 [WARN] [Worker-12] [host-c] Startup initialized.
2025-11-17 10:24:04.158 [INFO] [Worker-13] [host-c] Checkpoint saved at offset 1523344.
2025-11-17 10:24:04.273 [DEBUG] [Worker-6] [host-a] Compacting storage segment 32.
2025-11-17 10:24:05.671 [DEBUG] [Worker-9] [host-a] Database connection timeout. Retrying...
2025-11-17 10:24:07.175 [INFO] [Worker-16] [host-b] Cache cleared for tenant tenantA.
2025-11-17 10:24:08.101 [INFO] [Worker-3] [host-a] Shutting down gracefully.
2025-11-17 10:24:10.233 [ERROR] [Worker-1] [host-a] Completed scheduled cleanup. | StackTrace: at Worker.Process() in /src/worker/Processor.cs:line 260
2025-11-17 10:24:11.567 [INFO] [Worker-11] [host-b] Compacting storage segment 12.
2025-11-17 10:24:17.335 [INFO] [Worker-15] [host-a] Dequeueing 6 messages.
2025-11-17 10:24:19.924 [DEBUG] [Worker-6] [host-c] Compacting storage segment 35.
2025-11-17 10:24:22.511 [INFO] [Worker-10] [host-a] Database connection established.
2025-11-17 10:24:23.114 [INFO] [Worker-10] [host-b] Compacting storage segment 38.
2025-11-17 10:24:24.612 [INFO] [Worker-9] [host-b] Heartbeat received.
2025-11-17 10:24:25.736 [CRITICAL] [Worker-14] [host-b] Heartbeat received. | StackTrace: at Worker.Process() in /src/worker/Processor.cs:line 313
2025-11-17 10:24:27.732 [INFO] [Worker-10] [host-b] Loaded configuration: maxWorkers=5; retryLimit=5.
2025-11-17 10:24:28.155 [WARN] [Worker-3] [host-a] Loaded configuration: maxWorkers=11; retryLimit=4.
2025-11-17 10:24:31.103 [DEBUG] [Worker-3] [host-b] Unexpected exception in handler: AggregateException: one or more errors occurred
2025-11-17 10:24:32.871 [INFO] [Worker-6] [host-c] Disk space warning: 59% used.
2025-11-17 10:24:38.525 [CRITICAL] [Worker-6] [host-c] Retrying job 211575 (attempt 4).
2025-11-17 10:24:39.181 [TRACE] [Worker-16] [host-a] Processing job 982573 of type GenerateReport.
2025-11-17 10:24:39.716 [INFO] [Worker-10] [host-a] No jobs in queue. Sleeping.
2025-11-17 10:24:39.772 [WARN] [Worker-11] [host-b] Completed scheduled cleanup.
2025-11-17 10:24:44.624 [WARN] [Worker-8] [host-b] Job ArchiveOldData completed in 3319 ms.
2025-11-17 10:24:50.103 [DEBUG] [Worker-10] [host-c] Database connection established.
2025-11-17 10:24:53.643 [INFO] [Worker-4] [host-a] No jobs in queue. Sleeping.
2025-11-17 10:24:53.808 [ERROR] [Worker-16] [host-b] Disk space warning: 68% used.
2025-11-17 10:24:54.583 [DEBUG] [Worker-5] [host-c] Starting background task ReportDaily.
2025-11-17 10:24:55.822 [INFO] [Worker-5] [host-a] Dequeueing 104 messages.
2025-11-17 10:25:00.927 [TRACE] [Worker-16] [host-b] Heartbeat received.
2025-11-17 10:25:05.225 [INFO] [Worker-14] [host-a] Enqueued job CleanTempFiles with id 983605.
2025-11-17 10:25:07.046 [DEBUG] [Worker-15] [host-b] Loaded configuration: maxWorkers=10; retryLimit=3.
2025-11-17 10:25:08.799 [ERROR] [Worker-15] [host-a] Loaded configuration: maxWorkers=14; retryLimit=1.
2025-11-17 10:25:12.792 [INFO] [Worker-14] [host-c] Database connection timeout. Retrying...
2025-11-17 10:25:16.945 [INFO] [Worker-9] [host-b] External API responded with status 503.
2025-11-17 10:25:19.556 [INFO] [Worker-1] [host-a] Processing job 659838 of type SendNotifications.
2025-11-17 10:25:19.696 [INFO] [Worker-16] [host-c] Acquired lock for resource res-queue.
2025-11-17 10:25:19.838 [WARN] [Worker-3] [host-a] Unexpected exception in handler: UnauthorizedAccessException: access denied
2025-11-17 10:25:19.852 [WARN] [Worker-10] [host-b] Cache cleared for tenant tenantA.
2025-11-17 10:25:20.759 [ERROR] [Worker-11] [host-a] Worker paused due to maintenance window.
2025-11-17 10:25:21.086 [INFO] [Worker-13] [host-b] External API responded with status 404.
2025-11-17 10:25:22.451 [INFO] [Worker-13] [host-c] Database connection timeout. Retrying...
2025-11-17 10:25:27.044 [INFO] [Worker-9] [host-c] Retrying job 858169 (attempt 2).
2025-11-17 10:25:27.887 [INFO] [Worker-4] [host-a] Worker paused due to maintenance window.
2025-11-17 10:25:31.757 [DEBUG] [Worker-16] [host-a] Compacting storage segment 30.
2025-11-17 10:25:33.268 [INFO] [Worker-6] [host-b] Invalid message format. Skipping.
2025-11-17 10:25:34.244 [INFO] [Worker-14] [host-c] Heartbeat received.
2025-11-17 10:25:39.233 [ERROR] [Worker-3] [host-a] Disk space warning: 77% used. | StackTrace: at Worker.Process() in /src/worker/Processor.cs:line 389
2025-11-17 10:25:39.689 [DEBUG] [Worker-2] [host-b] Cache cleared for tenant tenantA.
2025-11-17 10:25:40.234 [TRACE] [Worker-3] [host-c] Shutting down gracefully.
2025-11-17 10:25:41.013 [INFO] [Worker-1] [host-b] Cache cleared for tenant tenantC.
2025-11-17 10:25:41.861 [DEBUG] [Worker-2] [host-c] Checkpoint saved at offset 428689.
2025-11-17 10:25:47.279 [DEBUG] [Worker-7] [host-a] Database connection timeout. Retrying...
2025-11-17 10:25:51.089 [CRITICAL] [Worker-2] [host-c] Checkpoint saved at offset 1612829.
2025-11-17 10:25:53.247 [ERROR] [Worker-12] [host-a] Acquired lock for resource res-file.
2025-11-17 10:25:56.247 [DEBUG] [Worker-16] [host-b] Enqueued job GenerateReport with id 134499.
2025-11-17 10:25:59.539 [INFO] [Worker-11] [host-a] Heartbeat received.
2025-11-17 10:26:02.009 [DEBUG] [Worker-9] [host-c] Processing job 799043 of type CleanTempFiles.
2025-11-17 10:26:02.927 [INFO] [Worker-13] [host-a] Failed to process job 432185: SqlException: login failed
2025-11-17 10:26:06.210 [ERROR] [Worker-9] [host-c] Completed scheduled cleanup. | StackTrace: at Worker.Process() in /src/worker/Processor.cs:line 175
2025-11-17 10:26:09.224 [DEBUG] [Worker-10] [host-c] Worker paused due to maintenance window.
2025-11-17 10:26:10.041 [CRITICAL] [Worker-10] [host-c] Worker paused due to maintenance window.
2025-11-17 10:26:11.205 [WARN] [Worker-14] [host-b] Heartbeat received.
2025-11-17 10:26:12.817 [INFO] [Worker-9] [host-c] Cache cleared for tenant tenantB.
2025-11-17 10:26:14.944 [INFO] [Worker-15] [host-c] No jobs in queue. Sleeping.
2025-11-17 10:26:20.685 [CRITICAL] [Worker-5] [host-c] Loaded configuration: maxWorkers=11; retryLimit=2.
2025-11-17 10:26:23.656 [INFO] [Worker-16] [host-b] Acquired lock for resource res-file.
2025-11-17 10:26:29.250 [INFO] [Worker-16] [host-c] Compacting storage segment 40.
2025-11-17 10:26:33.256 [ERROR] [Worker-5] [host-a] Processing job 206464 of type GenerateReport.
2025-11-17 10:26:36.733 [INFO] [Worker-14] [host-a] Heartbeat received.
2025-11-17 10:26:37.354 [INFO] [Worker-10] [host-a] Loaded configuration: maxWorkers=16; retryLimit=1.
2025-11-17 10:26:41.880 [INFO] [Worker-12] [host-b] Heartbeat received.
2025-11-17 10:26:42.805 [INFO] [Worker-2] [host-c] External API responded with status 403.
2025-11-17 10:26:46.378 [INFO] [Worker-5] [host-b] Shutting down gracefully.
2025-11-17 10:26:48.919 [DEBUG] [Worker-10] [host-a] Processing job 525861 of type SendNotifications.
2025-11-17 10:26:53.600 [ERROR] [Worker-9] [host-b] No jobs in queue. Sleeping.
2025-11-17 10:26:53.867 [INFO] [Worker-7] [host-a] Dequeueing 28 messages.
2025-11-17 10:26:56.516 [DEBUG] [Worker-6] [host-b] Cache cleared for tenant tenantC.
2025-11-17 10:26:57.226 [CRITICAL] [Worker-14] [host-b] Database connection timeout. Retrying...
2025-11-17 10:26:58.005 [ERROR] [Worker-8] [host-b] Startup initialized.
2025-11-17 10:26:58.500 [ERROR] [Worker-2] [host-a] Processing job 789262 of type GenerateReport.
2025-11-17 10:26:59.395 [INFO] [Worker-6] [host-a] Dequeueing 8 messages.
2025-11-17 10:26:59.943 [DEBUG] [Worker-12] [host-c] Starting background task RefreshCache.
2025-11-17 10:27:04.743 [DEBUG] [Worker-3] [host-a] Processing job 525548 of type SendNotifications.
2025-11-17 10:27:08.007 [INFO] [Worker-4] [host-b] Unexpected exception in handler: HttpRequestException: 502 Bad Gateway
2025-11-17 10:27:09.865 [INFO] [Worker-10] [host-c] Cache cleared for tenant tenantB.
2025-11-17 10:27:12.911 [WARN] [Worker-5] [host-c] Processing job 229794 of type ProcessQueue.
2025-11-17 10:27:15.589 [INFO] [Worker-12] [host-a] Job CleanTempFiles completed in 2973 ms.
2025-11-17 10:27:20.773 [INFO] [Worker-14] [host-b] Checkpoint saved at offset 1670604.
2025-11-17 10:27:21.683 [DEBUG] [Worker-2] [host-c] No jobs in queue. Sleeping.
2025-11-17 10:27:24.779 [INFO] [Worker-5] [host-c] No jobs in queue. Sleeping.
2025-11-17 10:27:25.426 [CRITICAL] [Worker-5] [host-c] Acquired lock for resource res-file.
2025-11-17 10:27:27.953 [DEBUG] [Worker-11] [host-b] Loaded configuration: maxWorkers=11; retryLimit=4.
2025-11-17 10:27:29.587 [INFO] [Worker-10] [host-b] Shutting down gracefully.
2025-11-17 10:27:30.291 [INFO] [Worker-1] [host-a] Shutting down gracefully.
2025-11-17 10:27:30.347 [INFO] [Worker-10] [host-b] Cache cleared for tenant tenantA.
2025-11-17 10:27:33.446 [DEBUG] [Worker-7] [host-a] Checkpoint saved at offset 1848028.
2025-11-17 10:27:38.754 [TRACE] [Worker-15] [host-b] Shutting down gracefully.
2025-11-17 10:27:43.787 [TRACE] [Worker-1] [host-c] Enqueued job CleanTempFiles with id 979293.
2025-11-17 10:27:47.347 [ERROR] [Worker-12] [host-a] Unexpected exception in handler: SqlException: login failed
2025-11-17 10:27:48.394 [INFO] [Worker-3] [host-a] Retrying job 233923 (attempt 2).
2025-11-17 10:27:48.693 [INFO] [Worker-1] [host-c] Processing job 756423 of type ArchiveOldData.
2025-11-17 10:27:50.330 [DEBUG] [Worker-6] [host-a] External API responded with status 502.
2025-11-17 10:27:51.979 [INFO] [Worker-11] [host-c] Database connection established.
2025-11-17 10:27:52.794 [WARN] [Worker-8] [host-a] Enqueued job SyncWithRemote with id 876062.
2025-11-17 10:27:53.315 [INFO] [Worker-16] [host-a] Cache cleared for tenant public.
2025-11-17 10:27:56.785 [INFO] [Worker-11] [host-b] Released lock for resource res-db.
2025-11-17 10:28:00.552 [WARN] [Worker-1] [host-c] Shutting down gracefully.
2025-11-17 10:28:04.337 [ERROR] [Worker-16] [host-c] Loaded configuration: maxWorkers=9; retryLimit=3. | StackTrace: at Worker.Process() in /src/worker/Processor.cs:line 141
2025-11-17 10:28:08.784 [INFO] [Worker-6] [host-a] External API responded with status 201.
2025-11-17 10:28:09.179 [INFO] [Worker-5] [host-b] Unexpected exception in handler: TimeoutError: operation timed out
2025-11-17 10:28:13.550 [INFO] [Worker-10] [host-b] Loaded configuration: maxWorkers=15; retryLimit=4.
2025-11-17 10:28:19.541 [ERROR] [Worker-14] [host-c] Worker paused due to maintenance window.
2025-11-17 10:28:19.712 [INFO] [Worker-5] [host-b] Worker paused due to maintenance window.
2025-11-17 10:28:21.822 [DEBUG] [Worker-12] [host-c] Acquired lock for resource res-db.
2025-11-17 10:28:24.944 [INFO] [Worker-15] [host-b] Shutting down gracefully.
2025-11-17 10:28:25.196 [DEBUG] [Worker-2] [host-b] No jobs in queue. Sleeping.
2025-11-17 10:28:28.307 [INFO] [Worker-10] [host-b] Invalid message format. Skipping.
2025-11-17 10:28:28.813 [DEBUG] [Worker-6] [host-b] Job GenerateReport completed in 1968 ms.
2025-11-17 10:28:30.716 [WARN] [Worker-13] [host-b] Compacting storage segment 14.
2025-11-17 10:28:35.036 [INFO] [Worker-9] [host-a] Unexpected exception in handler: SqlException: login failed
2025-11-17 10:28:36.453 [ERROR] [Worker-1] [host-a] Dequeueing 73 messages.
2025-11-17 10:28:39.734 [DEBUG] [Worker-6] [host-c] Cache cleared for tenant public.
2025-11-17 10:28:40.347 [TRACE] [Worker-6] [host-c] External API responded with status 502.
2025-11-17 10:28:40.744 [CRITICAL] [Worker-9] [host-c] External API responded with status 200.
2025-11-17 10:28:41.732 [WARN] [Worker-16] [host-a] Loaded configuration: maxWorkers=13; retryLimit=3.
2025-11-17 10:28:45.910 [INFO] [Worker-8] [host-a] External API responded with status 502.
2025-11-17 10:28:46.525 [WARN] [Worker-3] [host-c] Acquired lock for resource res-file.
2025-11-17 10:28:46.645 [ERROR] [Worker-3] [host-a] Failed to process job 585218: SqlException: login failed
2025-11-17 10:28:52.123 [INFO] [Worker-13] [host-a] Acquired lock for resource res-queue.
2025-11-17 10:28:53.362 [DEBUG] [Worker-10] [host-a] Heartbeat received.
2025-11-17 10:28:53.608 [INFO] [Worker-3] [host-b] Retrying job 722661 (attempt 2).
2025-11-17 10:28:53.878 [ERROR] [Worker-3] [host-b] Starting background task ReportDaily.
2025-11-17 10:28:58.491 [WARN] [Worker-5] [host-b] Failed to process job 945280: TimeoutError: operation timed out
2025-11-17 10:28:59.224 [ERROR] [Worker-2] [host-c] Processing job 151483 of type GenerateReport.
2025-11-17 10:29:05.011 [INFO] [Worker-2] [host-a] Shutting down gracefully.
2025-11-17 10:29:07.327 [CRITICAL] [Worker-1] [host-c] No jobs in queue. Sleeping. | StackTrace: at Worker.Process() in /src/worker/Processor.cs:line 404
2025-11-17 10:29:12.974 [WARN] [Worker-3] [host-b] Heartbeat received.
2025-11-17 10:29:14.253 [INFO] [Worker-8] [host-c] Invalid message format. Skipping.
2025-11-17 10:29:17.070 [WARN] [Worker-16] [host-c] Startup initialized.
2025-11-17 10:29:17.348 [INFO] [Worker-7] [host-b] Released lock for resource res-queue.
2025-11-17 10:29:17.461 [INFO] [Worker-1] [host-c] No jobs in queue. Sleeping.
2025-11-17 10:29:17.558 [DEBUG] [Worker-6] [host-a] Heartbeat received.
2025-11-17 10:29:17.611 [INFO] [Worker-10] [host-c] Starting background task RefreshCache.
2025-11-17 10:29:19.722 [CRITICAL] [Worker-5] [host-a] Compacting storage segment 13.
2025-11-17 10:29:21.771 [ERROR] [Worker-2] [host-c] Retrying job 212983 (attempt 3).
2025-11-17 10:29:22.405 [WARN] [Worker-15] [host-b] Database connection established.
2025-11-17 10:29:26.409 [INFO] [Worker-15] [host-a] Released lock for resource res-file.
2025-11-17 10:29:29.037 [ERROR] [Worker-8] [host-b] Dequeueing 46 messages.
2025-11-17 10:29:30.031 [ERROR] [Worker-6] [host-c] Shutting down gracefully. | StackTrace: at Worker.Process() in /src/worker/Processor.cs:line 378
2025-11-17 10:29:31.212 [DEBUG] [Worker-14] [host-b] Enqueued job ArchiveOldData with id 463721.
2025-11-17 10:29:35.294 [INFO] [Worker-5] [host-c] Job ArchiveOldData completed in 4095 ms.
2025-11-17 10:29:39.062 [INFO] [Worker-5] [host-b] Database connection timeout. Retrying...
2025-11-17 10:29:40.008 [INFO] [Worker-7] [host-a] Job ArchiveOldData completed in 1185 ms.
2025-11-17 10:29:40.435 [INFO] [Worker-10] [host-b] Job GenerateReport completed in 3978 ms.
2025-11-17 10:29:41.932 [INFO] [Worker-7] [host-b] Database connection established.
2025-11-17 10:29:42.239 [WARN] [Worker-6] [host-c] Enqueued job GenerateReport with id 300616.
2025-11-17 10:29:47.262 [DEBUG] [Worker-16] [host-b] Database connection established.
2025-11-17 10:29:52.054 [DEBUG] [Worker-1] [host-a] Database connection timeout. Retrying...
2025-11-17 10:29:53.006 [WARN] [Worker-16] [host-a] Starting background task ReportDaily.
2025-11-17 10:29:54.878 [TRACE] [Worker-16] [host-b] Enqueued job CleanTempFiles with id 116313.
2025-11-17 10:29:58.813 [INFO] [Worker-16] [host-b] Enqueued job ArchiveOldData with id 957319.
2025-11-17 10:30:00.547 [TRACE] [Worker-1] [host-c] Failed to process job 326267: AggregateException: one or more errors occurred
2025-11-17 10:30:01.283 [DEBUG] [Worker-12] [host-c] Checkpoint saved at offset 1721865.
2025-11-17 10:30:04.303 [WARN] [Worker-10] [host-b] Checkpoint saved at offset 15906.
2025-11-17 10:30:05.114 [DEBUG] [Worker-16] [host-b] Startup initialized.
2025-11-17 10:30:06.420 [INFO] [Worker-5] [host-c] Acquired lock for resource res-db.
2025-11-17 10:30:11.886 [CRITICAL] [Worker-16] [host-a] Released lock for resource res-queue. | StackTrace: at Worker.Process() in /src/worker/Processor.cs:line 194
2025-11-17 10:30:16.828 [ERROR] [Worker-13] [host-b] Invalid message format. Skipping.
2025-11-17 10:30:16.854 [INFO] [Worker-7] [host-c] Completed scheduled cleanup.
2025-11-17 10:30:18.014 [INFO] [Worker-10] [host-c] Job ArchiveOldData completed in 448 ms.
2025-11-17 10:30:18.729 [WARN] [Worker-5] [host-c] No jobs in queue. Sleeping.
2025-11-17 10:30:23.236 [INFO] [Worker-3] [host-c] Processing job 545957 of type CleanTempFiles.
2025-11-17 10:30:27.639 [INFO] [Worker-10] [host-c] Loaded configuration: maxWorkers=2; retryLimit=2.
2025-11-17 10:30:30.074 [INFO] [Worker-10] [host-a] Disk space warning: 78% used.
2025-11-17 10:30:30.197 [WARN] [Worker-9] [host-c] Database connection established.
2025-11-17 10:30:30.829 [WARN] [Worker-2] [host-c] Disk space warning: 75% used.
2025-11-17 10:30:32.832 [INFO] [Worker-4] [host-b] Loaded configuration: maxWorkers=16; retryLimit=5.
2025-11-17 10:30:33.978 [INFO] [Worker-14] [host-b] Failed to process job 265579: TimeoutError: operation timed out
2025-11-17 10:30:34.529 [DEBUG] [Worker-15] [host-b] Processing job 771792 of type SyncWithRemote.
2025-11-17 10:30:35.088 [INFO] [Worker-14] [host-a] Released lock for resource res-queue.
2025-11-17 10:30:38.262 [INFO] [Worker-9] [host-c] Worker paused due to maintenance window.
2025-11-17 10:30:39.860 [INFO] [Worker-9] [host-a] Completed scheduled cleanup.
2025-11-17 10:30:42.508 [INFO] [Worker-2] [host-a] Job SyncWithRemote completed in 3085 ms.
2025-11-17 10:30:42.720 [INFO] [Worker-15] [host-b] Unexpected exception in handler: IOException: failed to write file
2025-11-17 10:30:46.297 [WARN] [Worker-4] [host-a] Startup initialized.
2025-11-17 10:30:46.428 [INFO] [Worker-13] [host-b] Disk space warning: 74% used.
2025-11-17 10:30:52.234 [DEBUG] [Worker-12] [host-c] Retrying job 961750 (attempt 3).
2025-11-17 10:30:52.927 [INFO] [Worker-15] [host-a] External API responded with status 202.
2025-11-17 10:30:53.276 [ERROR] [Worker-11] [host-b] External API responded with status 401.
2025-11-17 10:30:53.510 [INFO] [Worker-13] [host-a] Disk space warning: 71% used.
2025-11-17 10:30:53.844 [DEBUG] [Worker-2] [host-a] Heartbeat received.
2025-11-17 10:30:56.138 [INFO] [Worker-16] [host-b] Startup initialized.
2025-11-17 10:30:57.078 [INFO] [Worker-16] [host-c] Failed to process job 620027: UnauthorizedAccessException: access denied
2025-11-17 10:30:58.316 [INFO] [Worker-1] [host-b] Unexpected exception in handler: SqlException: login failed
2025-11-17 10:31:01.126 [INFO] [Worker-8] [host-a] Heartbeat received.
2025-11-17 10:31:01.774 [INFO] [Worker-16] [host-c] Acquired lock for resource res-queue.
2025-11-17 10:31:05.725 [DEBUG] [Worker-2] [host-b] Unexpected exception in handler: NullReferenceException at Processor.Handle()
2025-11-17 10:31:08.956 [INFO] [Worker-11] [host-b] Dequeueing 4 messages.
2025-11-17 10:31:10.347 [DEBUG] [Worker-2] [host-c] Compacting storage segment 34.
2025-11-17 10:31:14.369 [DEBUG] [Worker-7] [host-b] Completed scheduled cleanup.
2025-11-17 10:31:14.849 [ERROR] [Worker-6] [host-c] Released lock for resource res-db.
2025-11-17 10:31:15.289 [INFO] [Worker-15] [host-b] Released lock for resource res-file.
2025-11-17 10:31:19.541 [INFO] [Worker-6] [host-b] Dequeueing 100 messages.
2025-11-17 10:31:23.486 [WARN] [Worker-4] [host-b] Cache cleared for tenant tenantA.
2025-11-17 10:31:28.269 [DEBUG] [Worker-12] [host-c] Checkpoint saved at offset 83468.
2025-11-17 10:31:31.787 [INFO] [Worker-1] [host-b] Retrying job 945159 (attempt 5).
2025-11-17 10:31:36.555 [WARN] [Worker-3] [host-c] Dequeueing 43 messages.
2025-11-17 10:31:39.679 [INFO] [Worker-2] [host-c] Processing job 171425 of type SendNotifications.
2025-11-17 10:31:41.081 [ERROR] [Worker-14] [host-a] Completed scheduled cleanup. | StackTrace: at Worker.Process() in /src/worker/Processor.cs:line 221
2025-11-17 10:31:41.287 [INFO] [Worker-12] [host-b] Dequeueing 53 messages.
2025-11-17 10:31:44.840 [DEBUG] [Worker-11] [host-b] Starting background task RefreshCache.
2025-11-17 10:31:45.367 [ERROR] [Worker-6] [host-c] No jobs in queue. Sleeping.
2025-11-17 10:31:49.224 [DEBUG] [Worker-3] [host-b] Invalid message format. Skipping.
2025-11-17 10:31:54.471 [INFO] [Worker-12] [host-b] Startup initialized.
2025-11-17 10:31:56.620 [INFO] [Worker-4] [host-b] External API responded with status 403.
2025-11-17 10:32:00.832 [WARN] [Worker-3] [host-c] Database connection established.
2025-11-17 10:32:01.213 [INFO] [Worker-13] [host-c] No jobs in queue. Sleeping.
2025-11-17 10:32:02.484 [ERROR] [Worker-16] [host-a] Heartbeat received.
2025-11-17 10:32:03.656 [INFO] [Worker-2] [host-b] Retrying job 397419 (attempt 1).
2025-11-17 10:32:07.936 [INFO] [Worker-1] [host-a] Checkpoint saved at offset 1050818.
2025-11-17 10:32:13.451 [CRITICAL] [Worker-9] [host-a] Job CleanTempFiles completed in 2130 ms.
2025-11-17 10:32:13.504 [TRACE] [Worker-2] [host-a] Completed scheduled cleanup.
2025-11-17 10:32:14.313 [INFO] [Worker-1] [host-a] Cache cleared for tenant public.
2025-11-17 10:32:16.070 [WARN] [Worker-3] [host-a] Acquired lock for resource res-db.
2025-11-17 10:32:18.643 [DEBUG] [Worker-13] [host-a] Unexpected exception in handler: UnauthorizedAccessException: access denied
2025-11-17 10:32:24.015 [INFO] [Worker-9] [host-a] Disk space warning: 42% used.
2025-11-17 10:32:24.867 [INFO] [Worker-3] [host-a] Startup initialized.
2025-11-17 10:32:27.723 [ERROR] [Worker-2] [host-a] Cache cleared for tenant public. | StackTrace: at Worker.Process() in /src/worker/Processor.cs:line 381
2025-11-17 10:32:33.309 [CRITICAL] [Worker-11] [host-c] Startup initialized. | StackTrace: at Worker.Process() in /src/worker/Processor.cs:line 204
2025-11-17 10:32:34.304 [WARN] [Worker-1] [host-b] Compacting storage segment 8.
2025-11-17 10:32:35.082 [DEBUG] [Worker-2] [host-c] Invalid message format. Skipping.
2025-11-17 10:32:35.998 [CRITICAL] [Worker-14] [host-a] Processing job 218065 of type GenerateReport.
2025-11-17 10:32:39.507 [INFO] [Worker-9] [host-a] Compacting storage segment 35.
2025-11-17 10:32:45.126 [INFO] [Worker-9] [host-a] Invalid message format. Skipping.
2025-11-17 10:32:47.130 [INFO] [Worker-1] [host-c] Checkpoint saved at offset 790284.
2025-11-17 10:32:53.073 [DEBUG] [Worker-14] [host-a] Disk space warning: 42% used.
2025-11-17 10:32:58.576 [WARN] [Worker-16] [host-b] Starting background task CompactIndices.
2025-11-17 10:33:00.265 [DEBUG] [Worker-3] [host-a] Starting background task CompactIndices.
2025-11-17 10:33:03.064 [INFO] [Worker-13] [host-a] Starting background task ReportDaily.
2025-11-17 10:33:04.602 [DEBUG] [Worker-9] [host-b] Failed to process job 803795: NullReferenceException at Processor.Handle()
2025-11-17 10:33:08.110 [WARN] [Worker-9] [host-c] Job CleanTempFiles completed in 1027 ms.
2025-11-17 10:33:12.750 [INFO] [Worker-11] [host-b] Invalid message format. Skipping.
2025-11-17 10:33:13.632 [DEBUG] [Worker-1] [host-c] Compacting storage segment 44.
2025-11-17 10:33:14.089 [ERROR] [Worker-13] [host-a] Job CleanTempFiles completed in 1992 ms. | StackTrace: at Worker.Process() in /src/worker/Processor.cs:line 310
2025-11-17 10:33:14.911 [WARN] [Worker-1] [host-b] Retrying job 987349 (attempt 1).
2025-11-17 10:33:15.064 [INFO] [Worker-1] [host-a] Database connection established.
2025-11-17 10:33:18.729 [WARN] [Worker-14] [host-a] Startup initialized.
2025-11-17 10:33:23.301 [INFO] [Worker-14] [host-a] Loaded configuration: maxWorkers=11; retryLimit=1.
2025-11-17 10:33:23.649 [TRACE] [Worker-10] [host-a] Database connection established.
2025-11-17 10:33:25.898 [ERROR] [Worker-4] [host-c] Startup initialized.
2025-11-17 10:33:26.079 [INFO] [Worker-15] [host-c] No jobs in queue. Sleeping.
2025-11-17 10:33:27.535 [INFO] [Worker-12] [host-b] External API responded with status 202.
2025-11-17 10:33:28.939 [INFO] [Worker-1] [host-c] Unexpected exception in handler: SqlException: login failed
2025-11-17 10:33:30.412 [DEBUG] [Worker-11] [host-b] External API responded with status 404.
2025-11-17 10:33:31.226 [DEBUG] [Worker-13] [host-b] Database connection timeout. Retrying...
2025-11-17 10:33:32.621 [INFO] [Worker-7] [host-a] Retrying job 315006 (attempt 1).
2025-11-17 10:33:35.469 [INFO] [Worker-16] [host-a] Job CleanTempFiles completed in 2662 ms.
2025-11-17 10:33:40.377 [INFO] [Worker-11] [host-c] No jobs in queue. Sleeping.
2025-11-17 10:33:40.715 [INFO] [Worker-16] [host-c] Heartbeat received.
2025-11-17 10:33:45.704 [WARN] [Worker-9] [host-c] Loaded configuration: maxWorkers=16; retryLimit=3.
2025-11-17 10:33:50.968 [INFO] [Worker-1] [host-c] Dequeueing 5 messages.
2025-11-17 10:33:51.822 [INFO] [Worker-9] [host-c] Failed to process job 476518: TimeoutError: operation timed out
2025-11-17 10:33:53.727 [INFO] [Worker-10] [host-a] Unexpected exception in handler: AggregateException: one or more errors occurred
2025-11-17 10:33:53.807 [ERROR] [Worker-9] [host-b] Startup initialized. | StackTrace: at Worker.Process() in /src/worker/Processor.cs:line 241
2025-11-17 10:33:58.296 [INFO] [Worker-5] [host-c] Startup initialized.
2025-11-17 10:33:58.604 [WARN] [Worker-13] [host-a] Disk space warning: 60% used.
2025-11-17 10:34:00.081 [DEBUG] [Worker-14] [host-a] Disk space warning: 58% used.
2025-11-17 10:34:03.615 [TRACE] [Worker-2] [host-a] Loaded configuration: maxWorkers=4; retryLimit=1.
2025-11-17 10:34:05.256 [WARN] [Worker-11] [host-a] Startup initialized.
2025-11-17 10:34:08.201 [INFO] [Worker-14] [host-c] Completed scheduled cleanup.
2025-11-17 10:34:10.860 [INFO] [Worker-4] [host-a] Database connection timeout. Retrying...
2025-11-17 10:34:15.644 [INFO] [Worker-4] [host-b] No jobs in queue. Sleeping.
2025-11-17 10:34:16.508 [INFO] [Worker-14] [host-a] Database connection timeout. Retrying...
2025-11-17 10:34:16.616 [INFO] [Worker-8] [host-a] Worker paused due to maintenance window.
2025-11-17 10:34:21.503 [INFO] [Worker-13] [host-c] Invalid message format. Skipping.
2025-11-17 10:34:22.620 [WARN] [Worker-11] [host-a] Startup initialized.
2025-11-17 10:34:22.768 [DEBUG] [Worker-1] [host-b] Released lock for resource res-queue.
2025-11-17 10:34:27.294 [ERROR] [Worker-4] [host-c] Cache cleared for tenant tenantC. | StackTrace: at Worker.Process() in /src/worker/Processor.cs:line 245
2025-11-17 10:34:27.954 [CRITICAL] [Worker-6] [host-a] Dequeueing 116 messages.
2025-11-17 10:34:29.258 [INFO] [Worker-3] [host-a] Checkpoint saved at offset 1781889.
2025-11-17 10:34:29.777 [INFO] [Worker-15] [host-a] Shutting down gracefully.
2025-11-17 10:34:31.387 [INFO] [Worker-12] [host-c] Failed to process job 650816: IOException: failed to write file
2025-11-17 10:34:32.654 [INFO] [Worker-4] [host-a] Dequeueing 116 messages.
2025-11-17 10:34:33.308 [WARN] [Worker-1] [host-b] Checkpoint saved at offset 1959728.
2025-11-17 10:34:33.723 [INFO] [Worker-6] [host-c] Cache cleared for tenant tenantC.
2025-11-17 10:34:35.984 [ERROR] [Worker-12] [host-b] Dequeueing 60 messages.
2025-11-17 10:34:36.551 [WARN] [Worker-1] [host-b] Starting background task CompactIndices.
2025-11-17 10:34:37.001 [DEBUG] [Worker-13] [host-a] Unexpected exception in handler: SqlException: login failed
2025-11-17 10:34:40.506 [INFO] [Worker-7] [host-b] Enqueued job ArchiveOldData with id 632471.
2025-11-17 10:34:40.952 [WARN] [Worker-10] [host-c] Checkpoint saved at offset 733793.
2025-11-17 10:34:41.397 [TRACE] [Worker-1] [host-b] No jobs in queue. Sleeping.
2025-11-17 10:34:42.350 [INFO] [Worker-15] [host-a] Disk space warning: 41% used.
2025-11-17 10:34:44.571 [TRACE] [Worker-10] [host-c] Invalid message format. Skipping.
2025-11-17 10:34:44.738 [INFO] [Worker-15] [host-b] External API responded with status 202.
2025-11-17 10:34:49.924 [DEBUG] [Worker-10] [host-c] Starting background task ReportDaily.
2025-11-17 10:34:50.887 [INFO] [Worker-11] [host-c] Startup initialized.
2025-11-17 10:34:54.408 [WARN] [Worker-7] [host-b] Startup initialized.
2025-11-17 10:34:57.137 [INFO] [Worker-6] [host-c] Job GenerateReport completed in 1364 ms.
2025-11-17 10:34:57.564 [TRACE] [Worker-4] [host-b] Disk space warning: 49% used.
2025-11-17 10:34:58.196 [INFO] [Worker-3] [host-c] External API responded with status 500.
2025-11-17 10:35:00.939 [INFO] [Worker-16] [host-c] Database connection established.
2025-11-17 10:35:02.750 [INFO] [Worker-1] [host-b] Retrying job 729317 (attempt 4).
2025-11-17 10:35:06.878 [INFO] [Worker-5] [host-c] Heartbeat received.
2025-11-17 10:35:12.096 [INFO] [Worker-14] [host-c] Acquired lock for resource res-file.
2025-11-17 10:35:12.170 [INFO] [Worker-9] [host-a] Heartbeat received.
2025-11-17 10:35:12.288 [ERROR] [Worker-14] [host-c] Acquired lock for resource res-file.
2025-11-17 10:35:12.567 [DEBUG] [Worker-10] [host-a] Retrying job 605472 (attempt 5).
2025-11-17 10:35:13.089 [INFO] [Worker-3] [host-a] Cache cleared for tenant public.
2025-11-17 10:35:17.888 [INFO] [Worker-12] [host-b] Unexpected exception in handler: SqlException: login failed
2025-11-17 10:35:20.844 [DEBUG] [Worker-9] [host-a] Heartbeat received.
2025-11-17 10:35:22.278 [INFO] [Worker-1] [host-c] Dequeueing 81 messages.
2025-11-17 10:35:25.507 [ERROR] [Worker-1] [host-a] Checkpoint saved at offset 1918695.
2025-11-17 10:35:25.766 [DEBUG] [Worker-4] [host-a] Database connection timeout. Retrying...
2025-11-17 10:35:26.068 [WARN] [Worker-6] [host-b] Invalid message format. Skipping.
2025-11-17 10:35:29.196 [INFO] [Worker-9] [host-a] No jobs in queue. Sleeping.
2025-11-17 10:35:30.922 [DEBUG] [Worker-14] [host-a] Compacting storage segment 28.
2025-11-17 10:35:31.888 [INFO] [Worker-7] [host-b] Failed to process job 171152: NullReferenceException at Processor.Handle()
2025-11-17 10:35:32.325 [INFO] [Worker-13] [host-b] Worker paused due to maintenance window.
2025-11-17 10:35:32.707 [INFO] [Worker-7] [host-b] Database connection timeout. Retrying...
2025-11-17 10:35:34.513 [WARN] [Worker-5] [host-a] Unexpected exception in handler: AggregateException: one or more errors occurred
2025-11-17 10:35:39.101 [WARN] [Worker-9] [host-c] Acquired lock for resource res-db.
2025-11-17 10:35:40.214 [INFO] [Worker-15] [host-b] Worker paused due to maintenance window.
2025-11-17 10:35:40.667 [CRITICAL] [Worker-15] [host-c] Shutting down gracefully. | StackTrace: at Worker.Process() in /src/worker/Processor.cs:line 395
2025-11-17 10:35:45.652 [WARN] [Worker-15] [host-a] Worker paused due to maintenance window.
2025-11-17 10:35:47.143 [INFO] [Worker-16] [host-c] Disk space warning: 50% used.
2025-11-17 10:35:47.175 [ERROR] [Worker-12] [host-c] Worker paused due to maintenance window.
2025-11-17 10:35:51.631 [INFO] [Worker-14] [host-b] Checkpoint saved at offset 211250.
2025-11-17 10:35:52.731 [TRACE] [Worker-1] [host-b] No jobs in queue. Sleeping.
2025-11-17 10:35:58.023 [DEBUG] [Worker-14] [host-c] Failed to process job 987720: AggregateException: one or more errors occurred
2025-11-17 10:36:00.341 [INFO] [Worker-11] [host-b] Failed to process job 964884: AggregateException: one or more errors occurred
2025-11-17 10:36:01.659 [TRACE] [Worker-14] [host-b] Cache cleared for tenant public.
2025-11-17 10:36:02.503 [INFO] [Worker-3] [host-a] Completed scheduled cleanup.
2025-11-17 10:36:03.782 [INFO] [Worker-3] [host-c] Unexpected exception in handler: SqlException: login failed
2025-11-17 10:36:03.968 [WARN] [Worker-12] [host-a] Loaded configuration: maxWorkers=15; retryLimit=5.
2025-11-17 10:36:04.059 [DEBUG] [Worker-9] [host-b] Checkpoint saved at offset 1776371.
2025-11-17 10:36:06.335 [INFO] [Worker-3] [host-a] Dequeueing 52 messages.
2025-11-17 10:36:07.443 [WARN] [Worker-2] [host-b] Released lock for resource res-file.
2025-11-17 10:36:07.662 [DEBUG] [Worker-14] [host-b] Job SendNotifications completed in 3603 ms.
2025-11-17 10:36:08.545 [ERROR] [Worker-1] [host-a] Heartbeat received.
2025-11-17 10:36:10.093 [INFO] [Worker-2] [host-a] Dequeueing 34 messages.
2025-11-17 10:36:10.886 [INFO] [Worker-9] [host-b] External API responded with status 403.
2025-11-17 10:36:15.007 [ERROR] [Worker-9] [host-c] Cache cleared for tenant tenantB.
2025-11-17 10:36:18.075 [INFO] [Worker-1] [host-a] Database connection established.
2025-11-17 10:36:19.004 [DEBUG] [Worker-9] [host-c] Starting background task ReportDaily.
2025-11-17 10:36:20.957 [WARN] [Worker-15] [host-b] Loaded configuration: maxWorkers=3; retryLimit=3.
2025-11-17 10:36:24.722 [INFO] [Worker-9] [host-b] Enqueued job SendNotifications with id 403679.
2025-11-17 10:36:25.000 [CRITICAL] [Worker-3] [host-a] Dequeueing 83 messages. | StackTrace: at Worker.Process() in /src/worker/Processor.cs:line 410
2025-11-17 10:36:29.806 [INFO] [Worker-8] [host-a] Worker paused due to maintenance window.
2025-11-17 10:36:35.233 [INFO] [Worker-15] [host-a] Loaded configuration: maxWorkers=15; retryLimit=3.
2025-11-17 10:36:40.610 [INFO] [Worker-10] [host-c] Database connection timeout. Retrying...
2025-11-17 10:36:44.854 [WARN] [Worker-6] [host-b] Failed to process job 616901: UnauthorizedAccessException: access denied
2025-11-17 10:36:45.162 [INFO] [Worker-2] [host-b] Unexpected exception in handler: SqlException: login failed
2025-11-17 10:36:48.971 [INFO] [Worker-16] [host-b] Heartbeat received.
2025-11-17 10:36:52.843 [INFO] [Worker-7] [host-a] Heartbeat received.
2025-11-17 10:36:54.782 [DEBUG] [Worker-15] [host-b] Database connection established.
2025-11-17 10:36:55.815 [INFO] [Worker-11] [host-b] Startup initialized.
2025-11-17 10:36:56.273 [INFO] [Worker-14] [host-b] Starting background task ReportDaily.
2025-11-17 10:37:02.177 [CRITICAL] [Worker-2] [host-b] Shutting down gracefully.
2025-11-17 10:37:04.159 [INFO] [Worker-2] [host-a] Acquired lock for resource res-queue.
2025-11-17 10:37:07.065 [CRITICAL] [Worker-14] [host-b] Failed to process job 484557: TimeoutError: operation timed out
2025-11-17 10:37:11.726 [WARN] [Worker-7] [host-b] Retrying job 239923 (attempt 2).
2025-11-17 10:37:11.940 [CRITICAL] [Worker-15] [host-b] Unexpected exception in handler: UnauthorizedAccessException: access denied
2025-11-17 10:37:16.785 [CRITICAL] [Worker-8] [host-a] Disk space warning: 46% used. | StackTrace: at Worker.Process() in /src/worker/Processor.cs:line 203
2025-11-17 10:37:18.287 [INFO] [Worker-16] [host-c] Checkpoint saved at offset 511163.
2025-11-17 10:37:18.342 [INFO] [Worker-13] [host-b] Processing job 970321 of type SendNotifications.
2025-11-17 10:37:20.063 [INFO] [Worker-16] [host-a] Starting background task CompactIndices.
2025-11-17 10:37:22.276 [INFO] [Worker-12] [host-a] Acquired lock for resource res-db.
2025-11-17 10:37:27.355 [INFO] [Worker-5] [host-a] Startup initialized.
2025-11-17 10:37:27.727 [DEBUG] [Worker-7] [host-a] Retrying job 575807 (attempt 1).
2025-11-17 10:37:29.422 [INFO] [Worker-14] [host-a] Heartbeat received.
2025-11-17 10:37:35.002 [WARN] [Worker-4] [host-c] Startup initialized.
2025-11-17 10:37:36.094 [WARN] [Worker-3] [host-a] Invalid message format. Skipping.
2025-11-17 10:37:39.154 [WARN] [Worker-15] [host-c] Starting background task RefreshCache.
2025-11-17 10:37:42.124 [ERROR] [Worker-16] [host-c] Released lock for resource res-queue. | StackTrace: at Worker.Process() in /src/worker/Processor.cs:line 230
2025-11-17 10:37:42.140 [INFO] [Worker-13] [host-b] Compacting storage segment 36.
2025-11-17 10:37:42.941 [INFO] [Worker-4] [host-a] Enqueued job SyncWithRemote with id 684500.
2025-11-17 10:37:43.781 [INFO] [Worker-7] [host-c] External API responded with status 200.
2025-11-17 10:37:45.007 [ERROR] [Worker-2] [host-b] Cache cleared for tenant tenantB.
2025-11-17 10:37:49.430 [INFO] [Worker-2] [host-b] Startup initialized.
2025-11-17 10:37:53.942 [INFO] [Worker-16] [host-a] Invalid message format. Skipping.
2025-11-17 10:37:59.235 [DEBUG] [Worker-14] [host-a] Invalid message format. Skipping.
2025-11-17 10:38:02.001 [INFO] [Worker-9] [host-b] Acquired lock for resource res-file.
2025-11-17 10:38:02.777 [DEBUG] [Worker-16] [host-c] Acquired lock for resource res-db.
2025-11-17 10:38:06.820 [DEBUG] [Worker-5] [host-c] External API responded with status 401.
2025-11-17 10:38:07.641 [TRACE] [Worker-16] [host-a] Completed scheduled cleanup.
2025-11-17 10:38:09.115 [INFO] [Worker-7] [host-c] Database connection timeout. Retrying...
2025-11-17 10:38:11.645 [INFO] [Worker-1] [host-b] Starting background task RefreshCache.
2025-11-17 10:38:16.607 [INFO] [Worker-3] [host-a] Completed scheduled cleanup.
2025-11-17 10:38:18.543 [DEBUG] [Worker-11] [host-b] Enqueued job CleanTempFiles with id 756806.
2025-11-17 10:38:20.167 [WARN] [Worker-3] [host-c] Disk space warning: 67% used.
2025-11-17 10:38:25.233 [INFO] [Worker-5] [host-c] Released lock for resource res-db.
2025-11-17 10:38:27.782 [INFO] [Worker-9] [host-a] Compacting storage segment 29.
2025-11-17 10:38:32.090 [INFO] [Worker-12] [host-a] Database connection timeout. Retrying...
2025-11-17 10:38:34.710 [INFO] [Worker-9] [host-a] Database connection timeout. Retrying...
2025-11-17 10:38:38.784 [DEBUG] [Worker-11] [host-c] Database connection timeout. Retrying...
2025-11-17 10:38:39.287 [INFO] [Worker-6] [host-a] Retrying job 621619 (attempt 3).
2025-11-17 10:38:42.671 [ERROR] [Worker-14] [host-a] Invalid message format. Skipping. | StackTrace: at Worker.Process() in /src/worker/Processor.cs:line 198
2025-11-17 10:38:44.049 [INFO] [Worker-8] [host-a] Loaded configuration: maxWorkers=7; retryLimit=5.
2025-11-17 10:38:44.636 [INFO] [Worker-13] [host-c] Disk space warning: 56% used.
2025-11-17 10:38:45.270 [DEBUG] [Worker-14] [host-a] Cache cleared for tenant tenantA.
2025-11-17 10:38:45.638 [TRACE] [Worker-4] [host-b] Starting background task CompactIndices.
2025-11-17 10:38:49.588 [INFO] [Worker-10] [host-a] Database connection established.
2025-11-17 10:38:53.181 [DEBUG] [Worker-11] [host-a] Processing job 699142 of type ArchiveOldData.
2025-11-17 10:38:56.003 [DEBUG] [Worker-2] [host-a] Startup initialized.
2025-11-17 10:38:56.935 [INFO] [Worker-14] [host-a] Job ArchiveOldData completed in 166 ms.
2025-11-17 10:39:01.901 [WARN] [Worker-13] [host-a] Acquired lock for resource res-db.
2025-11-17 10:39:02.008 [INFO] [Worker-2] [host-c] External API responded with status 202.
2025-11-17 10:39:02.723 [DEBUG] [Worker-8] [host-c] Database connection timeout. Retrying...
2025-11-17 10:39:08.640 [DEBUG] [Worker-9] [host-b] Invalid message format. Skipping.
2025-11-17 10:39:11.497 [WARN] [Worker-4] [host-c] Heartbeat received.
2025-11-17 10:39:13.118 [INFO] [Worker-10] [host-b] Retrying job 352318 (attempt 4).
2025-11-17 10:39:14.721 [DEBUG] [Worker-12] [host-b] Startup initialized.
2025-11-17 10:39:15.121 [TRACE] [Worker-12] [host-a] Worker paused due to maintenance window.
2025-11-17 10:39:18.864 [INFO] [Worker-8] [host-a] Compacting storage segment 35.
2025-11-17 10:39:18.872 [CRITICAL] [Worker-4] [host-b] Cache cleared for tenant tenantB.
2025-11-17 10:39:19.325 [INFO] [Worker-13] [host-a] Worker paused due to maintenance window.
2025-11-17 10:39:19.639 [WARN] [Worker-9] [host-b] Disk space warning: 97% used.
2025-11-17 10:39:23.758 [INFO] [Worker-5] [host-c] Startup initialized.
2025-11-17 10:39:25.747 [INFO] [Worker-7] [host-a] Job GenerateReport completed in 422 ms.
2025-11-17 10:39:29.056 [WARN] [Worker-8] [host-b] Disk space warning: 74% used.
2025-11-17 10:39:30.241 [WARN] [Worker-15] [host-a] Database connection timeout. Retrying...
2025-11-17 10:39:32.103 [INFO] [Worker-12] [host-c] Heartbeat received.
2025-11-17 10:39:34.212 [INFO] [Worker-14] [host-c] Processing job 594202 of type ProcessQueue.
2025-11-17 10:39:34.593 [INFO] [Worker-15] [host-b] Job SendNotifications completed in 914 ms.
2025-11-17 10:39:36.177 [INFO] [Worker-2] [host-c] Unexpected exception in handler: SqlException: login failed
2025-11-17 10:39:36.465 [INFO] [Worker-7] [host-c] Checkpoint saved at offset 1447647.
2025-11-17 10:39:40.986 [ERROR] [Worker-14] [host-c] No jobs in queue. Sleeping.
2025-11-17 10:39:41.233 [ERROR] [Worker-5] [host-b] Starting background task CompactIndices.
2025-11-17 10:39:41.968 [DEBUG] [Worker-16] [host-b] Job CleanTempFiles completed in 4301 ms.
2025-11-17 10:39:42.011 [DEBUG] [Worker-2] [host-a] Unexpected exception in handler: TimeoutError: operation timed out
2025-11-17 10:39:45.683 [DEBUG] [Worker-7] [host-b] Unexpected exception in handler: AggregateException: one or more errors occurred
2025-11-17 10:39:47.988 [ERROR] [Worker-11] [host-a] External API responded with status 503.
2025-11-17 10:39:49.481 [WARN] [Worker-4] [host-b] Compacting storage segment 35.
2025-11-17 10:39:51.235 [WARN] [Worker-8] [host-a] Acquired lock for resource res-file.
2025-11-17 10:39:54.963 [INFO] [Worker-13] [host-a] No jobs in queue. Sleeping.
2025-11-17 10:39:56.795 [ERROR] [Worker-8] [host-c] Invalid message format. Skipping.
2025-11-17 10:40:00.359 [INFO] [Worker-5] [host-b] No jobs in queue. Sleeping.
2025-11-17 10:40:00.430 [DEBUG] [Worker-8] [host-c] External API responded with status 202.
2025-11-17 10:40:01.774 [WARN] [Worker-8] [host-c] No jobs in queue. Sleeping.
2025-11-17 10:40:05.618 [INFO] [Worker-10] [host-b] Cache cleared for tenant tenantA.
2025-11-17 10:40:05.992 [DEBUG] [Worker-10] [host-b] Completed scheduled cleanup.
2025-11-17 10:40:09.972 [DEBUG] [Worker-7] [host-b] Starting background task RefreshCache.
2025-11-17 10:40:13.393 [INFO] [Worker-3] [host-c] Worker paused due to maintenance window.
2025-11-17 10:40:19.298 [DEBUG] [Worker-2] [host-b] Job CleanTempFiles completed in 3845 ms.
2025-11-17 10:40:19.397 [DEBUG] [Worker-14] [host-a] Disk space warning: 79% used.
2025-11-17 10:40:24.238 [TRACE] [Worker-2] [host-b] Compacting storage segment 13.
2025-11-17 10:40:28.624 [TRACE] [Worker-7] [host-c] Worker paused due to maintenance window.
2025-11-17 10:40:30.375 [INFO] [Worker-14] [host-a] Shutting down gracefully.
2025-11-17 10:40:32.281 [INFO] [Worker-10] [host-c] Invalid message format. Skipping.
2025-11-17 10:40:36.155 [INFO] [Worker-5] [host-c] Shutting down gracefully.
2025-11-17 10:40:36.975 [INFO] [Worker-15] [host-c] Completed scheduled cleanup.
2025-11-17 10:40:40.605 [INFO] [Worker-16] [host-a] Retrying job 817575 (attempt 2).
2025-11-17 10:40:44.161 [INFO] [Worker-9] [host-a] Shutting down gracefully.
2025-11-17 10:40:45.506 [INFO] [Worker-16] [host-c] Enqueued job SyncWithRemote with id 516225.
2025-11-17 10:40:45.732 [DEBUG] [Worker-9] [host-b] Checkpoint saved at offset 1335958.
2025-11-17 10:40:47.462 [CRITICAL] [Worker-11] [host-a] Loaded configuration: maxWorkers=4; retryLimit=4.
2025-11-17 10:40:48.444 [INFO] [Worker-10] [host-a] Failed to process job 542085: TimeoutError: operation timed out
2025-11-17 10:40:53.120 [INFO] [Worker-5] [host-c] External API responded with status 404.
2025-11-17 10:40:57.821 [INFO] [Worker-13] [host-a] Database connection established.
2025-11-17 10:40:57.917 [INFO] [Worker-2] [host-c] Invalid message format. Skipping.
2025-11-17 10:40:58.687 [INFO] [Worker-8] [host-c] Starting background task RefreshCache.
2025-11-17 10:41:02.838 [INFO] [Worker-15] [host-a] Cache cleared for tenant tenantB.
2025-11-17 10:41:03.523 [DEBUG] [Worker-15] [host-b] No jobs in queue. Sleeping.
2025-11-17 10:41:09.155 [TRACE] [Worker-14] [host-c] Starting background task RefreshCache.
2025-11-17 10:41:11.965 [WARN] [Worker-11] [host-b] Retrying job 465083 (attempt 4).
2025-11-17 10:41:13.648 [WARN] [Worker-3] [host-c] Processing job 563086 of type CleanTempFiles.
2025-11-17 10:41:14.976 [INFO] [Worker-1] [host-b] Failed to process job 344746: TimeoutError: operation timed out
2025-11-17 10:41:17.345 [INFO] [Worker-10] [host-a] Disk space warning: 44% used.
2025-11-17 10:41:17.814 [CRITICAL] [Worker-13] [host-a] Retrying job 531196 (attempt 4).
2025-11-17 10:41:22.676 [INFO] [Worker-8] [host-a] Retrying job 981751 (attempt 4).
2025-11-17 10:41:28.244 [ERROR] [Worker-1] [host-b] Completed scheduled cleanup.
2025-11-17 10:41:33.313 [INFO] [Worker-12] [host-b] Unexpected exception in handler: HttpRequestException: 502 Bad Gateway
2025-11-17 10:41:35.671 [ERROR] [Worker-1] [host-b] No jobs in queue. Sleeping.
2025-11-17 10:41:36.741 [INFO] [Worker-6] [host-b] Checkpoint saved at offset 1910314.
2025-11-17 10:41:39.088 [INFO] [Worker-10] [host-b] Heartbeat received.
2025-11-17 10:41:44.907 [CRITICAL] [Worker-13] [host-c] Invalid message format. Skipping.
2025-11-17 10:41:45.252 [WARN] [Worker-7] [host-b] Starting background task CompactIndices.
2025-11-17 10:41:49.314 [INFO] [Worker-8] [host-a] Enqueued job ProcessQueue with id 878113.
2025-11-17 10:41:52.541 [ERROR] [Worker-8] [host-b] Completed scheduled cleanup.
2025-11-17 10:41:55.156 [INFO] [Worker-4] [host-c] Database connection timeout. Retrying...
2025-11-17 10:41:56.028 [INFO] [Worker-3] [host-b] Database connection established.
2025-11-17 10:42:01.242 [INFO] [Worker-15] [host-b] Worker paused due to maintenance window.
2025-11-17 10:42:01.555 [INFO] [Worker-4] [host-a] Database connection established.
2025-11-17 10:42:04.404 [INFO] [Worker-5] [host-a] Worker paused due to maintenance window.
2025-11-17 10:42:06.090 [DEBUG] [Worker-5] [host-b] Acquired lock for resource res-queue.
2025-11-17 10:42:08.187 [WARN] [Worker-10] [host-c] No jobs in queue. Sleeping.
2025-11-17 10:42:09.477 [DEBUG] [Worker-15] [host-c] Retrying job 435948 (attempt 5).
2025-11-17 10:42:10.600 [INFO] [Worker-11] [host-a] Dequeueing 109 messages.
2025-11-17 10:42:12.226 [INFO] [Worker-14] [host-c] Dequeueing 113 messages.
2025-11-17 10:42:12.833 [DEBUG] [Worker-3] [host-b] Retrying job 458064 (attempt 2).
2025-11-17 10:42:18.496 [DEBUG] [Worker-3] [host-c] Released lock for resource res-db.
2025-11-17 10:42:18.794 [DEBUG] [Worker-11] [host-b] External API responded with status 500.
2025-11-17 10:42:22.592 [DEBUG] [Worker-16] [host-c] External API responded with status 403.
2025-11-17 10:42:24.015 [INFO] [Worker-1] [host-a] Cache cleared for tenant public.
2025-11-17 10:42:27.824 [DEBUG] [Worker-13] [host-c] No jobs in queue. Sleeping.
2025-11-17 10:42:30.101 [DEBUG] [Worker-12] [host-a] Retrying job 573739 (attempt 4).
2025-11-17 10:42:34.614 [INFO] [Worker-13] [host-b] Acquired lock for resource res-queue.
2025-11-17 10:42:37.671 [TRACE] [Worker-3] [host-b] Retrying job 582639 (attempt 2).
2025-11-17 10:42:37.911 [INFO] [Worker-6] [host-b] Database connection established.
2025-11-17 10:42:38.261 [CRITICAL] [Worker-16] [host-a] Starting background task CompactIndices.
2025-11-17 10:42:39.751 [INFO] [Worker-1] [host-b] Invalid message format. Skipping.
2025-11-17 10:42:40.075 [INFO] [Worker-4] [host-b] Released lock for resource res-db.
2025-11-17 10:42:45.246 [INFO] [Worker-3] [host-b] Dequeueing 81 messages.
2025-11-17 10:42:46.186 [WARN] [Worker-14] [host-c] Processing job 818405 of type SendNotifications.
2025-11-17 10:42:50.126 [WARN] [Worker-10] [host-c] Loaded configuration: maxWorkers=12; retryLimit=1.
2025-11-17 10:42:50.646 [DEBUG] [Worker-2] [host-c] Cache cleared for tenant public.
2025-11-17 10:42:53.566 [WARN] [Worker-3] [host-a] No jobs in queue. Sleeping.
2025-11-17 10:42:57.843 [DEBUG] [Worker-14] [host-c] Unexpected exception in handler: HttpRequestException: 502 Bad Gateway
2025-11-17 10:43:02.836 [DEBUG] [Worker-10] [host-b] Acquired lock for resource res-queue.
2025-11-17 10:43:06.650 [INFO] [Worker-1] [host-a] Cache cleared for tenant public.
2025-11-17 10:43:06.650 [DEBUG] [Worker-1] [host-a] Worker paused due to maintenance window.
2025-11-17 10:43:09.943 [INFO] [Worker-11] [host-b] Job SyncWithRemote completed in 3914 ms.
2025-11-17 10:43:15.541 [INFO] [Worker-15] [host-c] No jobs in queue. Sleeping.
2025-11-17 10:43:18.069 [ERROR] [Worker-6] [host-b] Worker paused due to maintenance window. | StackTrace: at Worker.Process() in /src/worker/Processor.cs:line 265
2025-11-17 10:43:18.875 [DEBUG] [Worker-12] [host-a] Worker paused due to maintenance window.
2025-11-17 10:43:22.409 [CRITICAL] [Worker-1] [host-a] Compacting storage segment 32.
2025-11-17 10:43:24.540 [INFO] [Worker-14] [host-b] Retrying job 976148 (attempt 5).
2025-11-17 10:43:29.328 [INFO] [Worker-8] [host-a] No jobs in queue. Sleeping.
2025-11-17 10:43:32.769 [INFO] [Worker-10] [host-a] Shutting down gracefully.
2025-11-17 10:43:33.461 [INFO] [Worker-11] [host-b] Checkpoint saved at offset 141658.
2025-11-17 10:43:33.553 [INFO] [Worker-8] [host-b] Checkpoint saved at offset 203038.
2025-11-17 10:43:35.644 [DEBUG] [Worker-10] [host-a] Completed scheduled cleanup.
2025-11-17 10:43:36.497 [DEBUG] [Worker-15] [host-b] Worker paused due to maintenance window.
2025-11-17 10:43:37.838 [INFO] [Worker-13] [host-b] Worker paused due to maintenance window.
2025-11-17 10:43:38.218 [DEBUG] [Worker-15] [host-a] Invalid message format. Skipping.
2025-11-17 10:43:38.868 [INFO] [Worker-10] [host-c] Invalid message format. Skipping.
2025-11-17 10:43:39.792 [ERROR] [Worker-5] [host-c] Database connection established. | StackTrace: at Worker.Process() in /src/worker/Processor.cs:line 298
2025-11-17 10:43:45.325 [INFO] [Worker-13] [host-b] External API responded with status 403.
2025-11-17 10:43:50.354 [WARN] [Worker-4] [host-a] Failed to process job 973664: NullReferenceException at Processor.Handle()
2025-11-17 10:43:55.743 [INFO] [Worker-1] [host-b] Database connection timeout. Retrying...
2025-11-17 10:43:57.304 [DEBUG] [Worker-4] [host-c] Unexpected exception in handler: SqlException: login failed
2025-11-17 10:44:01.024 [WARN] [Worker-6] [host-b] Compacting storage segment 19.
2025-11-17 10:44:01.055 [TRACE] [Worker-8] [host-a] Startup initialized.
2025-11-17 10:44:02.998 [DEBUG] [Worker-1] [host-b] Database connection timeout. Retrying...
2025-11-17 10:44:03.405 [ERROR] [Worker-13] [host-c] Unexpected exception in handler: AggregateException: one or more errors occurred | StackTrace: at Worker.Process() in /src/worker/Processor.cs:line 205
2025-11-17 10:44:04.061 [WARN] [Worker-2] [host-a] Invalid message format. Skipping.
2025-11-17 10:44:09.871 [TRACE] [Worker-14] [host-b] No jobs in queue. Sleeping.
2025-11-17 10:44:10.726 [DEBUG] [Worker-15] [host-c] Compacting storage segment 6.
2025-11-17 10:44:10.994 [INFO] [Worker-3] [host-c] Starting background task ReportDaily.
2025-11-17 10:44:12.084 [ERROR] [Worker-13] [host-c] Unexpected exception in handler: IOException: failed to write file
2025-11-17 10:44:13.273 [WARN] [Worker-5] [host-c] Acquired lock for resource res-queue.
2025-11-17 10:44:14.531 [INFO] [Worker-8] [host-a] Checkpoint saved at offset 1910961.
2025-11-17 10:44:15.292 [ERROR] [Worker-2] [host-a] Database connection timeout. Retrying...
2025-11-17 10:44:16.850 [INFO] [Worker-12] [host-c] Dequeueing 29 messages.
2025-11-17 10:44:18.719 [TRACE] [Worker-9] [host-c] External API responded with status 400.
2025-11-17 10:44:21.996 [INFO] [Worker-14] [host-a] Job ProcessQueue completed in 176 ms.
2025-11-17 10:44:22.371 [DEBUG] [Worker-9] [host-c] No jobs in queue. Sleeping.
2025-11-17 10:44:23.862 [INFO] [Worker-13] [host-a] Cache cleared for tenant tenantA.
2025-11-17 10:44:28.298 [WARN] [Worker-13] [host-a] Failed to process job 228480: AggregateException: one or more errors occurred
2025-11-17 10:44:28.670 [INFO] [Worker-7] [host-b] Shutting down gracefully.
2025-11-17 10:44:33.169 [DEBUG] [Worker-11] [host-b] Loaded configuration: maxWorkers=11; retryLimit=2.
2025-11-17 10:44:33.919 [WARN] [Worker-8] [host-b] Failed to process job 426068: UnauthorizedAccessException: access denied
2025-11-17 10:44:38.491 [INFO] [Worker-2] [host-a] Acquired lock for resource res-queue.
2025-11-17 10:44:39.058 [INFO] [Worker-6] [host-b] Checkpoint saved at offset 696674.
2025-11-17 10:44:40.028 [WARN] [Worker-10] [host-c] No jobs in queue. Sleeping.
2025-11-17 10:44:40.364 [INFO] [Worker-8] [host-c] Unexpected exception in handler: TimeoutError: operation timed out
2025-11-17 10:44:43.010 [DEBUG] [Worker-3] [host-c] Shutting down gracefully.
2025-11-17 10:44:43.375 [INFO] [Worker-2] [host-c] Retrying job 384963 (attempt 1).
2025-11-17 10:44:45.264 [DEBUG] [Worker-6] [host-a] Failed to process job 176782: HttpRequestException: 502 Bad Gateway
2025-11-17 10:44:47.236 [TRACE] [Worker-4] [host-a] External API responded with status 200.
2025-11-17 10:44:50.147 [INFO] [Worker-3] [host-b] Worker paused due to maintenance window.
2025-11-17 10:44:51.933 [INFO] [Worker-11] [host-c] Processing job 182239 of type CleanTempFiles.
2025-11-17 10:44:52.119 [ERROR] [Worker-7] [host-a] Loaded configuration: maxWorkers=9; retryLimit=5.
2025-11-17 10:44:52.522 [WARN] [Worker-10] [host-c] Database connection established.
2025-11-17 10:44:57.011 [ERROR] [Worker-3] [host-b] Shutting down gracefully.
2025-11-17 10:45:01.883 [INFO] [Worker-11] [host-a] Startup initialized.
2025-11-17 10:45:01.949 [INFO] [Worker-16] [host-c] Released lock for resource res-queue.
2025-11-17 10:45:07.804 [ERROR] [Worker-5] [host-c] Retrying job 417472 (attempt 2).
2025-11-17 10:45:09.398 [WARN] [Worker-14] [host-a] Invalid message format. Skipping.
2025-11-17 10:45:10.699 [INFO] [Worker-15] [host-b] Invalid message format. Skipping.
2025-11-17 10:45:13.849 [INFO] [Worker-13] [host-a] Heartbeat received.
2025-11-17 10:45:18.590 [INFO] [Worker-15] [host-b] Worker paused due to maintenance window.
2025-11-17 10:45:21.681 [ERROR] [Worker-7] [host-a] Compacting storage segment 21.
2025-11-17 10:45:23.173 [DEBUG] [Worker-1] [host-c] Failed to process job 748159: SqlException: login failed
2025-11-17 10:45:23.327 [WARN] [Worker-6] [host-c] Completed scheduled cleanup.
2025-11-17 10:45:28.862 [INFO] [Worker-2] [host-a] Database connection timeout. Retrying...
2025-11-17 10:45:28.905 [CRITICAL] [Worker-13] [host-b] Invalid message format. Skipping.
2025-11-17 10:45:34.666 [INFO] [Worker-3] [host-a] Cache cleared for tenant tenantB.
2025-11-17 10:45:35.642 [INFO] [Worker-14] [host-c] Enqueued job SyncWithRemote with id 958665.
2025-11-17 10:45:39.274 [TRACE] [Worker-9] [host-a] Invalid message format. Skipping.
2025-11-17 10:45:42.759 [WARN] [Worker-2] [host-c] Cache cleared for tenant public.
2025-11-17 10:45:46.722 [INFO] [Worker-10] [host-c] No jobs in queue. Sleeping.
2025-11-17 10:45:49.500 [ERROR] [Worker-4] [host-a] Heartbeat received.
2025-11-17 10:45:49.640 [DEBUG] [Worker-7] [host-a] Released lock for resource res-file.
2025-11-17 10:45:50.058 [INFO] [Worker-11] [host-b] No jobs in queue. Sleeping.
2025-11-17 10:45:50.182 [INFO] [Worker-12] [host-a] Unexpected exception in handler: TimeoutError: operation timed out
2025-11-17 10:45:51.495 [INFO] [Worker-11] [host-c] Failed to process job 957663: AggregateException: one or more errors occurred
2025-11-17 10:45:56.224 [INFO] [Worker-8] [host-b] Database connection established.
2025-11-17 10:45:56.306 [TRACE] [Worker-1] [host-b] Heartbeat received.
2025-11-17 10:46:01.269 [DEBUG] [Worker-16] [host-b] Unexpected exception in handler: NullReferenceException at Processor.Handle()
2025-11-17 10:46:02.289 [ERROR] [Worker-15] [host-a] Worker paused due to maintenance window.
2025-11-17 10:46:04.517 [DEBUG] [Worker-12] [host-b] Starting background task ReportDaily.
2025-11-17 10:46:05.809 [INFO] [Worker-4] [host-a] Database connection established.
2025-11-17 10:46:07.572 [INFO] [Worker-10] [host-a] Acquired lock for resource res-db.
2025-11-17 10:46:09.953 [INFO] [Worker-6] [host-b] Released lock for resource res-db.
2025-11-17 10:46:11.557 [WARN] [Worker-5] [host-b] Invalid message format. Skipping.
2025-11-17 10:46:12.227 [INFO] [Worker-11] [host-c] No jobs in queue. Sleeping.
2025-11-17 10:46:14.855 [INFO] [Worker-9] [host-a] Compacting storage segment 18.
2025-11-17 10:46:17.372 [INFO] [Worker-9] [host-a] Released lock for resource res-db.
2025-11-17 10:46:18.535 [INFO] [Worker-5] [host-c] Invalid message format. Skipping.
2025-11-17 10:46:24.359 [DEBUG] [Worker-7] [host-b] Database connection established.
2025-11-17 10:46:24.817 [WARN] [Worker-4] [host-a] Cache cleared for tenant public.
2025-11-17 10:46:28.909 [INFO] [Worker-2] [host-a] Dequeueing 59 messages.
2025-11-17 10:46:31.672 [WARN] [Worker-6] [host-c] Database connection established.
2025-11-17 10:46:31.721 [INFO] [Worker-10] [host-c] Shutting down gracefully.
2025-11-17 10:46:32.588 [INFO] [Worker-1] [host-c] Acquired lock for resource res-file.
2025-11-17 10:46:33.598 [ERROR] [Worker-2] [host-a] Unexpected exception in handler: SqlException: login failed
2025-11-17 10:46:34.099 [DEBUG] [Worker-6] [host-c] External API responded with status 502.
2025-11-17 10:46:39.115 [INFO] [Worker-2] [host-a] Database connection timeout. Retrying...
2025-11-17 10:46:41.246 [INFO] [Worker-3] [host-b] Loaded configuration: maxWorkers=9; retryLimit=5.
2025-11-17 10:46:46.749 [ERROR] [Worker-7] [host-b] Startup initialized.
2025-11-17 10:46:47.552 [INFO] [Worker-6] [host-c] No jobs in queue. Sleeping.
2025-11-17 10:46:47.751 [DEBUG] [Worker-5] [host-a] Released lock for resource res-file.
2025-11-17 10:46:48.581 [DEBUG] [Worker-15] [host-b] Starting background task ReportDaily.
2025-11-17 10:46:50.033 [INFO] [Worker-8] [host-a] Failed to process job 246169: HttpRequestException: 502 Bad Gateway
2025-11-17 10:46:51.707 [DEBUG] [Worker-11] [host-a] Heartbeat received.
2025-11-17 10:46:52.546 [ERROR] [Worker-11] [host-b] Dequeueing 62 messages.
2025-11-17 10:46:52.997 [INFO] [Worker-9] [host-a] Database connection timeout. Retrying...
2025-11-17 10:46:56.059 [ERROR] [Worker-2] [host-b] Checkpoint saved at offset 1647107. | StackTrace: at Worker.Process() in /src/worker/Processor.cs:line 330
2025-11-17 10:46:56.907 [INFO] [Worker-13] [host-c] Enqueued job ProcessQueue with id 306545.
2025-11-17 10:46:58.591 [DEBUG] [Worker-1] [host-a] Retrying job 953562 (attempt 2).
2025-11-17 10:47:02.220 [DEBUG] [Worker-4] [host-c] Checkpoint saved at offset 862575.
2025-11-17 10:47:04.283 [DEBUG] [Worker-1] [host-b] No jobs in queue. Sleeping.
2025-11-17 10:47:07.340 [INFO] [Worker-7] [host-c] Completed scheduled cleanup.
2025-11-17 10:47:12.003 [DEBUG] [Worker-14] [host-c] Invalid message format. Skipping.
2025-11-17 10:47:14.613 [INFO] [Worker-1] [host-b] Cache cleared for tenant tenantC.
2025-11-17 10:47:15.122 [WARN] [Worker-7] [host-c] Unexpected exception in handler: AggregateException: one or more errors occurred
2025-11-17 10:47:17.043 [WARN] [Worker-11] [host-b] Invalid message format. Skipping.
2025-11-17 10:47:17.222 [INFO] [Worker-1] [host-b] Completed scheduled cleanup.
2025-11-17 10:47:17.733 [ERROR] [Worker-6] [host-c] External API responded with status 202.
2025-11-17 10:47:18.002 [INFO] [Worker-15] [host-a] Cache cleared for tenant tenantB.
2025-11-17 10:47:18.934 [INFO] [Worker-6] [host-b] Checkpoint saved at offset 1118545.
2025-11-17 10:47:19.963 [INFO] [Worker-8] [host-a] Unexpected exception in handler: HttpRequestException: 502 Bad Gateway
2025-11-17 10:47:20.332 [INFO] [Worker-11] [host-a] Database connection timeout. Retrying...
2025-11-17 10:47:23.940 [ERROR] [Worker-2] [host-a] Shutting down gracefully.
2025-11-17 10:47:24.584 [WARN] [Worker-15] [host-a] Dequeueing 44 messages.
2025-11-17 10:47:25.502 [INFO] [Worker-2] [host-a] Acquired lock for resource res-queue.
2025-11-17 10:47:28.341 [INFO] [Worker-4] [host-a] Heartbeat received.
2025-11-17 10:47:32.274 [TRACE] [Worker-11] [host-c] Shutting down gracefully.
2025-11-17 10:47:32.812 [INFO] [Worker-14] [host-a] Worker paused due to maintenance window.
2025-11-17 10:47:33.334 [INFO] [Worker-7] [host-b] External API responded with status 400.
2025-11-17 10:47:37.366 [INFO] [Worker-4] [host-b] Completed scheduled cleanup.
2025-11-17 10:47:37.929 [INFO] [Worker-9] [host-a] Shutting down gracefully.
2025-11-17 10:47:41.302 [DEBUG] [Worker-7] [host-b] Processing job 305040 of type SendNotifications.
2025-11-17 10:47:41.355 [INFO] [Worker-4] [host-c] Startup initialized.
2025-11-17 10:47:47.016 [INFO] [Worker-2] [host-b] Enqueued job ArchiveOldData with id 663710.
2025-11-17 10:47:49.475 [WARN] [Worker-1] [host-a] Shutting down gracefully.
2025-11-17 10:47:52.104 [INFO] [Worker-10] [host-b] Database connection established.
2025-11-17 10:47:54.472 [DEBUG] [Worker-16] [host-a] Worker paused due to maintenance window.
2025-11-17 10:47:54.615 [INFO] [Worker-11] [host-b] External API responded with status 404.
2025-11-17 10:47:59.023 [INFO] [Worker-7] [host-a] Cache cleared for tenant tenantA.
2025-11-17 10:48:02.815 [DEBUG] [Worker-5] [host-b] Completed scheduled cleanup.
2025-11-17 10:48:06.170 [INFO] [Worker-1] [host-c] Disk space warning: 68% used.
2025-11-17 10:48:11.247 [INFO] [Worker-6] [host-c] Unexpected exception in handler: IOException: failed to write file
2025-11-17 10:48:11.977 [WARN] [Worker-11] [host-a] Disk space warning: 49% used.
2025-11-17 10:48:12.361 [INFO] [Worker-2] [host-c] Starting background task RefreshCache.
2025-11-17 10:48:14.175 [ERROR] [Worker-4] [host-a] Enqueued job SendNotifications with id 956499.
2025-11-17 10:48:14.899 [INFO] [Worker-14] [host-a] No jobs in queue. Sleeping.
2025-11-17 10:48:16.214 [ERROR] [Worker-1] [host-b] No jobs in queue. Sleeping.
2025-11-17 10:48:19.387 [TRACE] [Worker-13] [host-b] Disk space warning: 91% used.
2025-11-17 10:48:19.761 [ERROR] [Worker-2] [host-a] Startup initialized.
2025-11-17 10:48:22.092 [INFO] [Worker-15] [host-a] Dequeueing 98 messages.
2025-11-17 10:48:22.339 [INFO] [Worker-10] [host-c] Failed to process job 207363: SqlException: login failed
2025-11-17 10:48:23.304 [INFO] [Worker-14] [host-c] Compacting storage segment 24.
2025-11-17 10:48:29.077 [DEBUG] [Worker-8] [host-b] Startup initialized.
2025-11-17 10:48:29.466 [INFO] [Worker-9] [host-c] Shutting down gracefully.
2025-11-17 10:48:30.809 [INFO] [Worker-14] [host-c] Database connection established.
2025-11-17 10:48:31.653 [INFO] [Worker-5] [host-b] Startup initialized.
2025-11-17 10:48:32.136 [ERROR] [Worker-11] [host-b] Checkpoint saved at offset 323329.
2025-11-17 10:48:33.354 [INFO] [Worker-1] [host-c] Shutting down gracefully.
2025-11-17 10:48:37.572 [CRITICAL] [Worker-8] [host-c] Invalid message format. Skipping.
2025-11-17 10:48:37.925 [INFO] [Worker-16] [host-c] Job SyncWithRemote completed in 1514 ms.
2025-11-17 10:48:43.514 [INFO] [Worker-5] [host-c] Failed to process job 427431: SqlException: login failed
2025-11-17 10:48:44.807 [CRITICAL] [Worker-16] [host-a] Cache cleared for tenant public.
2025-11-17 10:48:47.383 [INFO] [Worker-6] [host-a] Startup initialized.
2025-11-17 10:48:51.534 [DEBUG] [Worker-15] [host-a] Released lock for resource res-queue.
2025-11-17 10:48:53.227 [WARN] [Worker-11] [host-c] Dequeueing 7 messages.
2025-11-17 10:48:54.190 [INFO] [Worker-8] [host-b] Dequeueing 32 messages.
2025-11-17 10:48:56.006 [INFO] [Worker-4] [host-b] Heartbeat received.
2025-11-17 10:48:56.301 [INFO] [Worker-15] [host-c] Database connection established.
2025-11-17 10:48:57.937 [DEBUG] [Worker-2] [host-a] Released lock for resource res-queue.
2025-11-17 10:48:58.138 [WARN] [Worker-11] [host-b] Retrying job 710396 (attempt 2).
2025-11-17 10:48:58.434 [DEBUG] [Worker-5] [host-b] Startup initialized.
2025-11-17 10:48:59.461 [INFO] [Worker-4] [host-b] Database connection timeout. Retrying...
2025-11-17 10:48:59.528 [INFO] [Worker-15] [host-a] Invalid message format. Skipping.
2025-11-17 10:49:04.399 [INFO] [Worker-8] [host-b] Invalid message format. Skipping.
2025-11-17 10:49:04.642 [ERROR] [Worker-3] [host-b] Database connection timeout. Retrying...
2025-11-17 10:49:06.348 [WARN] [Worker-4] [host-a] Database connection timeout. Retrying...
2025-11-17 10:49:08.597 [INFO] [Worker-6] [host-c] Worker paused due to maintenance window.
2025-11-17 10:49:08.794 [TRACE] [Worker-1] [host-b] Cache cleared for tenant tenantB.
2025-11-17 10:49:09.182 [INFO] [Worker-9] [host-c] Invalid message format. Skipping.
2025-11-17 10:49:10.681 [ERROR] [Worker-6] [host-b] Startup initialized.
2025-11-17 10:49:12.627 [INFO] [Worker-6] [host-b] Startup initialized.
2025-11-17 10:49:15.303 [INFO] [Worker-8] [host-b] Starting background task ReportDaily.
2025-11-17 10:49:16.017 [INFO] [Worker-3] [host-c] Completed scheduled cleanup.
2025-11-17 10:49:16.206 [INFO] [Worker-7] [host-c] Job CleanTempFiles completed in 1226 ms.
2025-11-17 10:49:16.581 [INFO] [Worker-16] [host-a] Completed scheduled cleanup.
2025-11-17 10:49:21.973 [WARN] [Worker-12] [host-a] Retrying job 309514 (attempt 5).
2025-11-17 10:49:22.292 [INFO] [Worker-9] [host-b] Released lock for resource res-file.
2025-11-17 10:49:25.694 [INFO] [Worker-5] [host-b] Enqueued job ProcessQueue with id 364505.
2025-11-17 10:49:26.057 [INFO] [Worker-2] [host-c] Enqueued job SyncWithRemote with id 134691.
2025-11-17 10:49:26.240 [TRACE] [Worker-5] [host-b] External API responded with status 404.
2025-11-17 10:49:29.414 [WARN] [Worker-3] [host-c] Shutting down gracefully.
2025-11-17 10:49:30.849 [INFO] [Worker-12] [host-b] Unexpected exception in handler: NullReferenceException at Processor.Handle()
2025-11-17 10:49:31.417 [INFO] [Worker-12] [host-c] Shutting down gracefully.
2025-11-17 10:49:33.040 [INFO] [Worker-2] [host-a] Completed scheduled cleanup.
2025-11-17 10:49:33.685 [INFO] [Worker-1] [host-c] Processing job 784367 of type SyncWithRemote.
2025-11-17 10:49:33.912 [INFO] [Worker-9] [host-b] Failed to process job 383429: HttpRequestException: 502 Bad Gateway
2025-11-17 10:49:35.007 [TRACE] [Worker-3] [host-c] No jobs in queue. Sleeping.
2025-11-17 10:49:35.375 [INFO] [Worker-12] [host-b] Worker paused due to maintenance window.
2025-11-17 10:49:38.492 [DEBUG] [Worker-9] [host-c] Job CleanTempFiles completed in 1855 ms.
2025-11-17 10:49:40.144 [CRITICAL] [Worker-8] [host-c] External API responded with status 200.
2025-11-17 10:49:40.209 [ERROR] [Worker-1] [host-b] Completed scheduled cleanup. | StackTrace: at Worker.Process() in /src/worker/Processor.cs:line 354
2025-11-17 10:49:45.132 [WARN] [Worker-11] [host-b] Failed to process job 920955: HttpRequestException: 502 Bad Gateway
2025-11-17 10:49:45.443 [ERROR] [Worker-4] [host-a] Shutting down gracefully.
2025-11-17 10:49:45.692 [DEBUG] [Worker-1] [host-c] Database connection established.
2025-11-17 10:49:46.413 [ERROR] [Worker-8] [host-a] Acquired lock for resource res-file.
2025-11-17 10:49:49.248 [INFO] [Worker-10] [host-a] No jobs in queue. Sleeping.
2025-11-17 10:49:49.822 [WARN] [Worker-1] [host-a] Processing job 341455 of type SendNotifications.
2025-11-17 10:49:49.957 [INFO] [Worker-14] [host-c] No jobs in queue. Sleeping.
2025-11-17 10:49:50.579 [WARN] [Worker-5] [host-a] Released lock for resource res-db.
2025-11-17 10:49:51.265 [TRACE] [Worker-2] [host-a] Invalid message format. Skipping.
2025-11-17 10:49:53.048 [ERROR] [Worker-8] [host-b] Starting background task CompactIndices.
2025-11-17 10:49:58.084 [DEBUG] [Worker-2] [host-b] Dequeueing 75 messages.
2025-11-17 10:50:03.428 [DEBUG] [Worker-3] [host-b] Compacting storage segment 7.
2025-11-17 10:50:05.462 [INFO] [Worker-6] [host-b] Heartbeat received.
2025-11-17 10:50:05.919 [INFO] [Worker-2] [host-a] No jobs in queue. Sleeping.
2025-11-17 10:50:11.509 [INFO] [Worker-4] [host-b] Loaded configuration: maxWorkers=9; retryLimit=4.
2025-11-17 10:50:11.951 [TRACE] [Worker-5] [host-c] Cache cleared for tenant public.
2025-11-17 10:50:13.475 [INFO] [Worker-6] [host-b] No jobs in queue. Sleeping.
2025-11-17 10:50:16.192 [INFO] [Worker-11] [host-a] Dequeueing 88 messages.
2025-11-17 10:50:16.544 [ERROR] [Worker-16] [host-b] Starting background task CompactIndices.
2025-11-17 10:50:17.086 [WARN] [Worker-7] [host-a] Starting background task ReportDaily.
2025-11-17 10:50:17.576 [WARN] [Worker-2] [host-c] External API responded with status 502.
2025-11-17 10:50:18.981 [INFO] [Worker-1] [host-b] Database connection timeout. Retrying...
2025-11-17 10:50:22.991 [INFO] [Worker-6] [host-a] Compacting storage segment 22.
2025-11-17 10:50:23.847 [DEBUG] [Worker-16] [host-a] Processing job 626949 of type SyncWithRemote.
2025-11-17 10:50:29.398 [CRITICAL] [Worker-13] [host-a] Disk space warning: 83% used.
2025-11-17 10:50:31.264 [ERROR] [Worker-3] [host-c] Worker paused due to maintenance window.
2025-11-17 10:50:31.360 [INFO] [Worker-8] [host-a] Enqueued job SyncWithRemote with id 556412.
2025-11-17 10:50:32.255 [CRITICAL] [Worker-11] [host-b] Worker paused due to maintenance window. | StackTrace: at Worker.Process() in /src/worker/Processor.cs:line 194
2025-11-17 10:50:32.739 [INFO] [Worker-15] [host-b] Worker paused due to maintenance window.
2025-11-17 10:50:37.499 [DEBUG] [Worker-12] [host-a] Enqueued job SyncWithRemote with id 635179.
2025-11-17 10:50:37.727 [ERROR] [Worker-8] [host-a] Worker paused due to maintenance window.
2025-11-17 10:50:39.104 [INFO] [Worker-9] [host-a] Startup initialized.
2025-11-17 10:50:39.907 [INFO] [Worker-1] [host-c] Heartbeat received.
2025-11-17 10:50:40.998 [WARN] [Worker-5] [host-c] Invalid message format. Skipping.
2025-11-17 10:50:45.827 [INFO] [Worker-4] [host-b] No jobs in queue. Sleeping.
2025-11-17 10:50:50.966 [INFO] [Worker-16] [host-c] Database connection timeout. Retrying...
2025-11-17 10:50:52.196 [DEBUG] [Worker-7] [host-a] Checkpoint saved at offset 777959.
2025-11-17 10:50:52.982 [DEBUG] [Worker-12] [host-c] Startup initialized.
2025-11-17 10:50:53.661 [TRACE] [Worker-4] [host-b] Starting background task CompactIndices.
2025-11-17 10:50:58.350 [WARN] [Worker-15] [host-a] Processing job 479713 of type SendNotifications.
2025-11-17 10:51:03.967 [INFO] [Worker-9] [host-a] Compacting storage segment 6.
2025-11-17 10:51:05.502 [INFO] [Worker-3] [host-c] Unexpected exception in handler: SqlException: login failed
2025-11-17 10:51:05.591 [WARN] [Worker-12] [host-b] Invalid message format. Skipping.
2025-11-17 10:51:08.361 [ERROR] [Worker-9] [host-c] Startup initialized.
2025-11-17 10:51:09.225 [INFO] [Worker-1] [host-b] Unexpected exception in handler: UnauthorizedAccessException: access denied
2025-11-17 10:51:14.447 [INFO] [Worker-14] [host-a] Starting background task RefreshCache.
2025-11-17 10:51:20.197 [CRITICAL] [Worker-13] [host-b] Disk space warning: 59% used.
2025-11-17 10:51:24.351 [INFO] [Worker-10] [host-a] Processing job 982561 of type SyncWithRemote.
2025-11-17 10:51:26.310 [INFO] [Worker-2] [host-b] No jobs in queue. Sleeping.
2025-11-17 10:51:30.268 [INFO] [Worker-14] [host-b] Job GenerateReport completed in 2296 ms.
2025-11-17 10:51:30.522 [INFO] [Worker-1] [host-b] Retrying job 138781 (attempt 1).
2025-11-17 10:51:34.414 [TRACE] [Worker-13] [host-c] No jobs in queue. Sleeping.
2025-11-17 10:51:35.310 [ERROR] [Worker-13] [host-b] Loaded configuration: maxWorkers=7; retryLimit=5.
2025-11-17 10:51:40.783 [CRITICAL] [Worker-5] [host-c] Failed to process job 146412: UnauthorizedAccessException: access denied
2025-11-17 10:51:44.924 [INFO] [Worker-6] [host-b] Worker paused due to maintenance window.
2025-11-17 10:51:46.030 [WARN] [Worker-14] [host-a] Startup initialized.
2025-11-17 10:51:46.524 [INFO] [Worker-11] [host-a] Compacting storage segment 37.
2025-11-17 10:51:47.106 [DEBUG] [Worker-10] [host-b] Completed scheduled cleanup.
2025-11-17 10:51:48.365 [WARN] [Worker-12] [host-c] Shutting down gracefully.
2025-11-17 10:51:51.557 [CRITICAL] [Worker-2] [host-b] Heartbeat received.
2025-11-17 10:51:56.452 [WARN] [Worker-4] [host-c] Dequeueing 96 messages.
2025-11-17 10:51:57.627 [WARN] [Worker-14] [host-b] Enqueued job ProcessQueue with id 187998.
2025-11-17 10:51:58.396 [INFO] [Worker-14] [host-a] Heartbeat received.
2025-11-17 10:51:59.738 [INFO] [Worker-13] [host-b] Released lock for resource res-db.
2025-11-17 10:52:00.631 [INFO] [Worker-2] [host-c] No jobs in queue. Sleeping.
2025-11-17 10:52:04.765 [INFO] [Worker-11] [host-b] External API responded with status 404.
2025-11-17 10:52:10.437 [WARN] [Worker-14] [host-c] No jobs in queue. Sleeping.
2025-11-17 10:52:13.973 [INFO] [Worker-14] [host-b] Invalid message format. Skipping.
2025-11-17 10:52:17.705 [INFO] [Worker-10] [host-c] Shutting down gracefully.
2025-11-17 10:52:20.102 [INFO] [Worker-9] [host-c] Job CleanTempFiles completed in 3028 ms.
2025-11-17 10:52:20.255 [DEBUG] [Worker-12] [host-c] Startup initialized.
2025-11-17 10:52:25.082 [INFO] [Worker-8] [host-b] Starting background task CompactIndices.
2025-11-17 10:52:25.546 [WARN] [Worker-3] [host-b] Disk space warning: 85% used.
2025-11-17 10:52:31.154 [INFO] [Worker-2] [host-c] Shutting down gracefully.
2025-11-17 10:52:31.304 [INFO] [Worker-15] [host-c] Starting background task ReportDaily.
2025-11-17 10:52:31.503 [INFO] [Worker-16] [host-c] Released lock for resource res-db.
2025-11-17 10:52:32.787 [INFO] [Worker-12] [host-a] Invalid message format. Skipping.
2025-11-17 10:52:34.431 [WARN] [Worker-5] [host-b] Released lock for resource res-db.
2025-11-17 10:52:37.208 [INFO] [Worker-10] [host-a] Released lock for resource res-queue.
2025-11-17 10:52:43.127 [WARN] [Worker-15] [host-c] No jobs in queue. Sleeping.
2025-11-17 10:52:44.217 [INFO] [Worker-2] [host-a] Heartbeat received.
2025-11-17 10:52:49.429 [INFO] [Worker-10] [host-a] Startup initialized.
2025-11-17 10:52:55.172 [CRITICAL] [Worker-14] [host-c] Cache cleared for tenant public.
2025-11-17 10:53:00.349 [WARN] [Worker-14] [host-c] External API responded with status 500.
2025-11-17 10:53:03.354 [TRACE] [Worker-14] [host-b] Database connection timeout. Retrying...
2025-11-17 10:53:03.718 [DEBUG] [Worker-2] [host-c] Invalid message format. Skipping.
2025-11-17 10:53:05.240 [ERROR] [Worker-3] [host-b] Shutting down gracefully.
2025-11-17 10:53:08.495 [DEBUG] [Worker-15] [host-a] Heartbeat received.
2025-11-17 10:53:08.903 [INFO] [Worker-12] [host-a] External API responded with status 401.
2025-11-17 10:53:13.263 [DEBUG] [Worker-4] [host-c] Database connection established.
2025-11-17 10:53:15.041 [DEBUG] [Worker-1] [host-c] Startup initialized.
2025-11-17 10:53:20.976 [CRITICAL] [Worker-6] [host-c] Enqueued job ArchiveOldData with id 685368.
2025-11-17 10:53:21.750 [WARN] [Worker-10] [host-a] Cache cleared for tenant tenantC.
2025-11-17 10:53:22.178 [INFO] [Worker-9] [host-a] Worker paused due to maintenance window.
2025-11-17 10:53:22.213 [ERROR] [Worker-6] [host-a] Worker paused due to maintenance window.
2025-11-17 10:53:24.133 [INFO] [Worker-13] [host-b] Failed to process job 368688: SqlException: login failed
2025-11-17 10:53:25.669 [TRACE] [Worker-11] [host-a] Cache cleared for tenant tenantA.
2025-11-17 10:53:27.105 [DEBUG] [Worker-1] [host-c] Checkpoint saved at offset 600721.
2025-11-17 10:53:27.999 [INFO] [Worker-3] [host-c] No jobs in queue. Sleeping.
2025-11-17 10:53:31.258 [DEBUG] [Worker-6] [host-a] Startup initialized.
2025-11-17 10:53:32.188 [INFO] [Worker-7] [host-a] Failed to process job 876118: AggregateException: one or more errors occurred
2025-11-17 10:53:36.267 [ERROR] [Worker-16] [host-b] Acquired lock for resource res-file. | StackTrace: at Worker.Process() in /src/worker/Processor.cs:line 207
2025-11-17 10:53:36.481 [INFO] [Worker-16] [host-b] External API responded with status 500.
2025-11-17 10:53:37.044 [WARN] [Worker-13] [host-a] Starting background task ReportDaily.
2025-11-17 10:53:37.226 [CRITICAL] [Worker-9] [host-c] Compacting storage segment 24. | StackTrace: at Worker.Process() in /src/worker/Processor.cs:line 389
2025-11-17 10:53:40.685 [INFO] [Worker-6] [host-c] Completed scheduled cleanup.
2025-11-17 10:53:44.705 [CRITICAL] [Worker-15] [host-b] Acquired lock for resource res-file. | StackTrace: at Worker.Process() in /src/worker/Processor.cs:line 321
2025-11-17 10:53:49.305 [DEBUG] [Worker-7] [host-a] Database connection established.
2025-11-17 10:53:49.465 [ERROR] [Worker-2] [host-b] Worker paused due to maintenance window.
2025-11-17 10:53:49.695 [DEBUG] [Worker-12] [host-c] Checkpoint saved at offset 481142.
2025-11-17 10:53:51.124 [INFO] [Worker-9] [host-a] Enqueued job ArchiveOldData with id 791319.
2025-11-17 10:53:53.679 [WARN] [Worker-3] [host-c] Database connection timeout. Retrying...
2025-11-17 10:53:54.380 [DEBUG] [Worker-5] [host-b] Released lock for resource res-db.
2025-11-17 10:53:59.845 [INFO] [Worker-4] [host-b] Shutting down gracefully.
2025-11-17 10:54:05.623 [INFO] [Worker-15] [host-c] No jobs in queue. Sleeping.
2025-11-17 10:54:10.662 [WARN] [Worker-5] [host-b] Database connection timeout. Retrying...
2025-11-17 10:54:10.795 [WARN] [Worker-2] [host-c] Disk space warning: 94% used.
2025-11-17 10:54:15.939 [ERROR] [Worker-8] [host-a] Processing job 389739 of type ArchiveOldData.
2025-11-17 10:54:16.029 [INFO] [Worker-12] [host-a] Starting background task RefreshCache.
2025-11-17 10:54:21.312 [DEBUG] [Worker-11] [host-a] Unexpected exception in handler: TimeoutError: operation timed out
2025-11-17 10:54:22.212 [WARN] [Worker-11] [host-c] Invalid message format. Skipping.
2025-11-17 10:54:22.865 [INFO] [Worker-4] [host-a] Compacting storage segment 24.
2025-11-17 10:54:25.952 [ERROR] [Worker-3] [host-c] Dequeueing 55 messages.
2025-11-17 10:54:28.111 [ERROR] [Worker-2] [host-b] Cache cleared for tenant tenantA.
2025-11-17 10:54:28.802 [INFO] [Worker-1] [host-c] Failed to process job 373558: NullReferenceException at Processor.Handle()
2025-11-17 10:54:30.008 [DEBUG] [Worker-13] [host-c] Starting background task ReportDaily.
2025-11-17 10:54:30.130 [DEBUG] [Worker-2] [host-b] Compacting storage segment 12.
2025-11-17 10:54:35.509 [INFO] [Worker-7] [host-b] Failed to process job 881417: UnauthorizedAccessException: access denied
2025-11-17 10:54:37.177 [INFO] [Worker-7] [host-b] Invalid message format. Skipping.
2025-11-17 10:54:37.372 [INFO] [Worker-1] [host-c] Failed to process job 623793: TimeoutError: operation timed out
2025-11-17 10:54:43.234 [INFO] [Worker-12] [host-b] Unexpected exception in handler: NullReferenceException at Processor.Handle()
2025-11-17 10:54:45.320 [ERROR] [Worker-14] [host-b] Starting background task ReportDaily.
2025-11-17 10:54:49.305 [INFO] [Worker-15] [host-b] Compacting storage segment 26.
2025-11-17 10:54:53.415 [DEBUG] [Worker-12] [host-a] Starting background task CompactIndices.
2025-11-17 10:54:54.787 [INFO] [Worker-8] [host-c] Processing job 907474 of type SyncWithRemote.
2025-11-17 10:54:56.489 [INFO] [Worker-14] [host-c] External API responded with status 400.
2025-11-17 10:54:57.090 [CRITICAL] [Worker-15] [host-c] Worker paused due to maintenance window.
2025-11-17 10:54:58.794 [INFO] [Worker-5] [host-c] Acquired lock for resource res-db.
2025-11-17 10:54:59.725 [INFO] [Worker-3] [host-c] Disk space warning: 58% used.
2025-11-17 10:55:00.602 [INFO] [Worker-8] [host-c] Starting background task ReportDaily.
2025-11-17 10:55:02.683 [ERROR] [Worker-7] [host-b] Database connection established.
2025-11-17 10:55:05.460 [WARN] [Worker-14] [host-a] No jobs in queue. Sleeping.
2025-11-17 10:55:08.123 [WARN] [Worker-9] [host-b] Invalid message format. Skipping.
2025-11-17 10:55:11.797 [DEBUG] [Worker-13] [host-b] Completed scheduled cleanup.
2025-11-17 10:55:12.888 [WARN] [Worker-6] [host-b] Released lock for resource res-file.
2025-11-17 10:55:13.088 [INFO] [Worker-6] [host-b] External API responded with status 200.
2025-11-17 10:55:14.375 [ERROR] [Worker-6] [host-a] Acquired lock for resource res-queue.
2025-11-17 10:55:18.021 [CRITICAL] [Worker-1] [host-c] Cache cleared for tenant tenantA.
2025-11-17 10:55:19.390 [DEBUG] [Worker-16] [host-a] Job ArchiveOldData completed in 2187 ms.
2025-11-17 10:55:20.515 [TRACE] [Worker-5] [host-c] Database connection timeout. Retrying...
2025-11-17 10:55:23.733 [INFO] [Worker-10] [host-b] Checkpoint saved at offset 1803735.
2025-11-17 10:55:28.082 [WARN] [Worker-16] [host-c] Retrying job 480146 (attempt 1).
2025-11-17 10:55:28.380 [INFO] [Worker-1] [host-a] Worker paused due to maintenance window.
2025-11-17 10:55:33.569 [INFO] [Worker-16] [host-c] Acquired lock for resource res-file.
2025-11-17 10:55:36.881 [ERROR] [Worker-12] [host-a] Compacting storage segment 43.
2025-11-17 10:55:42.123 [WARN] [Worker-12] [host-c] Worker paused due to maintenance window.
2025-11-17 10:55:46.668 [INFO] [Worker-1] [host-b] Worker paused due to maintenance window.
2025-11-17 10:55:47.481 [INFO] [Worker-16] [host-c] Heartbeat received.
2025-11-17 10:55:52.896 [INFO] [Worker-4] [host-c] Shutting down gracefully.
2025-11-17 10:55:53.305 [WARN] [Worker-2] [host-c] Worker paused due to maintenance window.
2025-11-17 10:55:59.205 [WARN] [Worker-15] [host-a] Worker paused due to maintenance window.
2025-11-17 10:56:03.695 [WARN] [Worker-10] [host-a] Acquired lock for resource res-db.
2025-11-17 10:56:08.336 [ERROR] [Worker-8] [host-a] Processing job 678144 of type SyncWithRemote.
2025-11-17 10:56:08.958 [INFO] [Worker-12] [host-c] Job GenerateReport completed in 3463 ms.
2025-11-17 10:56:09.132 [INFO] [Worker-1] [host-b] Enqueued job ArchiveOldData with id 102937.
2025-11-17 10:56:09.572 [INFO] [Worker-9] [host-c] Worker paused due to maintenance window.
2025-11-17 10:56:10.574 [INFO] [Worker-16] [host-a] Released lock for resource res-queue.
2025-11-17 10:56:15.583 [WARN] [Worker-9] [host-b] Retrying job 501962 (attempt 4).
2025-11-17 10:56:19.072 [TRACE] [Worker-8] [host-a] Loaded configuration: maxWorkers=16; retryLimit=5.
2025-11-17 10:56:20.120 [DEBUG] [Worker-12] [host-a] Completed scheduled cleanup.
2025-11-17 10:56:20.262 [INFO] [Worker-2] [host-c] Retrying job 620299 (attempt 2).
2025-11-17 10:56:23.604 [WARN] [Worker-8] [host-b] Worker paused due to maintenance window.
2025-11-17 10:56:26.212 [INFO] [Worker-12] [host-a] Shutting down gracefully.
2025-11-17 10:56:27.915 [INFO] [Worker-1] [host-a] Retrying job 744872 (attempt 2).
2025-11-17 10:56:30.522 [ERROR] [Worker-2] [host-c] Disk space warning: 79% used. | StackTrace: at Worker.Process() in /src/worker/Processor.cs:line 263
2025-11-17 10:56:32.116 [INFO] [Worker-10] [host-b] Failed to process job 759720: IOException: failed to write file
2025-11-17 10:56:33.356 [INFO] [Worker-7] [host-a] Compacting storage segment 2.
2025-11-17 10:56:38.044 [TRACE] [Worker-9] [host-c] Enqueued job GenerateReport with id 131609.
2025-11-17 10:56:39.412 [DEBUG] [Worker-1] [host-c] Failed to process job 253175: NullReferenceException at Processor.Handle()
2025-11-17 10:56:42.090 [DEBUG] [Worker-4] [host-b] Retrying job 223539 (attempt 1).
2025-11-17 10:56:42.303 [INFO] [Worker-8] [host-c] Starting background task RefreshCache.
2025-11-17 10:56:45.761 [CRITICAL] [Worker-7] [host-a] Loaded configuration: maxWorkers=4; retryLimit=4.
2025-11-17 10:56:49.599 [CRITICAL] [Worker-6] [host-a] Retrying job 117261 (attempt 3).
2025-11-17 10:56:55.143 [INFO] [Worker-10] [host-a] Heartbeat received.
2025-11-17 10:56:58.383 [INFO] [Worker-16] [host-a] Dequeueing 78 messages.
2025-11-17 10:56:58.862 [ERROR] [Worker-14] [host-b] Invalid message format. Skipping.
2025-11-17 10:57:04.355 [INFO] [Worker-1] [host-c] No jobs in queue. Sleeping.
2025-11-17 10:57:09.494 [ERROR] [Worker-11] [host-b] Disk space warning: 74% used.
2025-11-17 10:57:10.958 [INFO] [Worker-11] [host-a] Job ArchiveOldData completed in 2550 ms.
2025-11-17 10:57:12.598 [INFO] [Worker-3] [host-a] Acquired lock for resource res-queue.
2025-11-17 10:57:17.085 [INFO] [Worker-12] [host-a] Invalid message format. Skipping.
2025-11-17 10:57:17.351 [INFO] [Worker-15] [host-a] Startup initialized.
2025-11-17 10:57:19.213 [INFO] [Worker-2] [host-b] Unexpected exception in handler: TimeoutError: operation timed out
2025-11-17 10:57:20.769 [INFO] [Worker-16] [host-a] Invalid message format. Skipping.
2025-11-17 10:57:22.091 [INFO] [Worker-14] [host-b] Starting background task RefreshCache.
2025-11-17 10:57:23.084 [CRITICAL] [Worker-15] [host-a] Cache cleared for tenant tenantC.
2025-11-17 10:57:26.341 [INFO] [Worker-8] [host-a] Failed to process job 995405: AggregateException: one or more errors occurred
2025-11-17 10:57:30.137 [INFO] [Worker-5] [host-b] Acquired lock for resource res-file.
2025-11-17 10:57:33.140 [WARN] [Worker-6] [host-a] Job ProcessQueue completed in 1454 ms.
2025-11-17 10:57:36.654 [INFO] [Worker-14] [host-a] Disk space warning: 66% used.
2025-11-17 10:57:37.061 [DEBUG] [Worker-11] [host-c] Starting background task CompactIndices.
2025-11-17 10:57:38.133 [TRACE] [Worker-7] [host-a] Checkpoint saved at offset 1424293.
2025-11-17 10:57:38.323 [WARN] [Worker-12] [host-a] Starting background task RefreshCache.
2025-11-17 10:57:39.650 [WARN] [Worker-16] [host-c] External API responded with status 401.
2025-11-17 10:57:42.417 [INFO] [Worker-11] [host-a] Processing job 517990 of type SendNotifications.
2025-11-17 10:57:44.270 [DEBUG] [Worker-5] [host-a] Unexpected exception in handler: IOException: failed to write file
2025-11-17 10:57:44.457 [ERROR] [Worker-5] [host-a] Job ArchiveOldData completed in 1759 ms.
2025-11-17 10:57:45.428 [INFO] [Worker-9] [host-c] Disk space warning: 68% used.
2025-11-17 10:57:47.991 [INFO] [Worker-5] [host-b] Starting background task RefreshCache.
2025-11-17 10:57:48.633 [DEBUG] [Worker-4] [host-c] Database connection timeout. Retrying...
2025-11-17 10:57:54.487 [INFO] [Worker-2] [host-b] Checkpoint saved at offset 1709028.
2025-11-17 10:57:54.796 [WARN] [Worker-7] [host-b] Database connection timeout. Retrying...
2025-11-17 10:57:55.416 [INFO] [Worker-6] [host-b] Startup initialized.
2025-11-17 10:57:57.957 [INFO] [Worker-6] [host-a] Retrying job 322631 (attempt 1).
2025-11-17 10:57:58.964 [WARN] [Worker-15] [host-c] Failed to process job 133598: UnauthorizedAccessException: access denied
2025-11-17 10:58:01.934 [WARN] [Worker-11] [host-c] Checkpoint saved at offset 1429015.
2025-11-17 10:58:02.107 [INFO] [Worker-13] [host-b] Worker paused due to maintenance window.
2025-11-17 10:58:03.177 [DEBUG] [Worker-6] [host-b] Disk space warning: 80% used.
2025-11-17 10:58:04.016 [INFO] [Worker-2] [host-c] Heartbeat received.
2025-11-17 10:58:08.118 [INFO] [Worker-16] [host-a] Worker paused due to maintenance window.
2025-11-17 10:58:12.916 [INFO] [Worker-8] [host-c] No jobs in queue. Sleeping.
2025-11-17 10:58:18.626 [CRITICAL] [Worker-16] [host-c] Database connection established.
2025-11-17 10:58:18.629 [WARN] [Worker-15] [host-b] Acquired lock for resource res-db.
2025-11-17 10:58:21.045 [INFO] [Worker-6] [host-b] Database connection timeout. Retrying...
2025-11-17 10:58:24.881 [WARN] [Worker-15] [host-a] Database connection established.
2025-11-17 10:58:30.843 [INFO] [Worker-7] [host-a] Cache cleared for tenant public.
2025-11-17 10:58:32.759 [DEBUG] [Worker-15] [host-a] Completed scheduled cleanup.
2025-11-17 10:58:32.949 [INFO] [Worker-2] [host-a] Database connection timeout. Retrying...
2025-11-17 10:58:33.053 [INFO] [Worker-4] [host-a] Dequeueing 61 messages.
2025-11-17 10:58:33.836 [DEBUG] [Worker-11] [host-b] Failed to process job 639838: NullReferenceException at Processor.Handle()
2025-11-17 10:58:36.205 [INFO] [Worker-11] [host-c] Compacting storage segment 50.
2025-11-17 10:58:36.980 [INFO] [Worker-3] [host-c] Dequeueing 51 messages.
2025-11-17 10:58:39.416 [INFO] [Worker-1] [host-a] Shutting down gracefully.
2025-11-17 10:58:40.531 [INFO] [Worker-2] [host-b] Disk space warning: 89% used.
2025-11-17 10:58:43.420 [INFO] [Worker-16] [host-a] Checkpoint saved at offset 30464.
2025-11-17 10:58:43.552 [INFO] [Worker-16] [host-a] Processing job 614513 of type ProcessQueue.
2025-11-17 10:58:48.181 [INFO] [Worker-5] [host-c] Compacting storage segment 29.
2025-11-17 10:58:53.422 [INFO] [Worker-14] [host-c] Dequeueing 4 messages.
2025-11-17 10:58:53.513 [INFO] [Worker-13] [host-a] Startup initialized.
2025-11-17 10:58:55.077 [DEBUG] [Worker-11] [host-b] Acquired lock for resource res-db.
2025-11-17 10:58:56.201 [INFO] [Worker-1] [host-a] Database connection established.
2025-11-17 10:58:58.730 [WARN] [Worker-7] [host-c] Acquired lock for resource res-queue.
2025-11-17 10:59:00.305 [WARN] [Worker-15] [host-a] Disk space warning: 65% used.
2025-11-17 10:59:00.759 [INFO] [Worker-10] [host-a] Startup initialized.
2025-11-17 10:59:02.705 [DEBUG] [Worker-13] [host-b] Cache cleared for tenant tenantC.
2025-11-17 10:59:07.129 [DEBUG] [Worker-7] [host-b] Loaded configuration: maxWorkers=16; retryLimit=3.
2025-11-17 10:59:12.874 [INFO] [Worker-10] [host-b] Heartbeat received.
2025-11-17 10:59:18.462 [DEBUG] [Worker-16] [host-b] Shutting down gracefully.
2025-11-17 10:59:20.241 [DEBUG] [Worker-12] [host-b] External API responded with status 200.
2025-11-17 10:59:23.928 [DEBUG] [Worker-3] [host-b] Enqueued job SendNotifications with id 435483.
2025-11-17 10:59:27.863 [WARN] [Worker-6] [host-a] Starting background task RefreshCache.
2025-11-17 10:59:28.341 [WARN] [Worker-14] [host-c] Dequeueing 34 messages.
2025-11-17 10:59:33.429 [WARN] [Worker-16] [host-a] Processing job 449210 of type ProcessQueue.
2025-11-17 10:59:35.707 [WARN] [Worker-15] [host-b] Database connection timeout. Retrying...
2025-11-17 10:59:36.647 [INFO] [Worker-13] [host-b] Completed scheduled cleanup.
2025-11-17 10:59:38.542 [INFO] [Worker-8] [host-a] Heartbeat received.
2025-11-17 10:59:43.312 [ERROR] [Worker-11] [host-a] Database connection timeout. Retrying...
2025-11-17 10:59:45.416 [DEBUG] [Worker-14] [host-c] Database connection timeout. Retrying...
2025-11-17 10:59:45.468 [INFO] [Worker-8] [host-a] Shutting down gracefully.
2025-11-17 10:59:47.594 [INFO] [Worker-13] [host-c] Enqueued job SendNotifications with id 954102.
2025-11-17 10:59:47.906 [DEBUG] [Worker-9] [host-a] Loaded configuration: maxWorkers=14; retryLimit=4.
2025-11-17 10:59:48.315 [INFO] [Worker-13] [host-b] Released lock for resource res-db.
2025-11-17 10:59:48.693 [INFO] [Worker-14] [host-b] Worker paused due to maintenance window.
2025-11-17 10:59:49.176 [CRITICAL] [Worker-8] [host-c] Database connection established.
2025-11-17 10:59:49.994 [TRACE] [Worker-15] [host-a] Disk space warning: 45% used.
2025-11-17 10:59:55.915 [DEBUG] [Worker-13] [host-a] Acquired lock for resource res-db.
2025-11-17 10:59:58.988 [INFO] [Worker-10] [host-a] Unexpected exception in handler: UnauthorizedAccessException: access denied
2025-11-17 11:00:04.680 [DEBUG] [Worker-6] [host-b] Failed to process job 474536: UnauthorizedAccessException: access denied
2025-11-17 11:00:10.419 [DEBUG] [Worker-15] [host-a] Database connection timeout. Retrying...
2025-11-17 11:00:11.178 [WARN] [Worker-3] [host-c] Startup initialized.
2025-11-17 11:00:11.805 [TRACE] [Worker-2] [host-c] Job SendNotifications completed in 2823 ms.
2025-11-17 11:00:12.668 [INFO] [Worker-14] [host-c] Loaded configuration: maxWorkers=3; retryLimit=4.
2025-11-17 11:00:18.359 [CRITICAL] [Worker-13] [host-c] Checkpoint saved at offset 1859934. | StackTrace: at Worker.Process() in /src/worker/Processor.cs:line 211
2025-11-17 11:00:19.389 [CRITICAL] [Worker-3] [host-c] Cache cleared for tenant tenantA.
2025-11-17 11:00:24.086 [DEBUG] [Worker-12] [host-b] Database connection timeout. Retrying...
2025-11-17 11:00:24.974 [INFO] [Worker-2] [host-a] Compacting storage segment 20.
2025-11-17 11:00:26.098 [WARN] [Worker-12] [host-b] Database connection timeout. Retrying...
2025-11-17 11:00:30.072 [DEBUG] [Worker-7] [host-a] Released lock for resource res-db.
2025-11-17 11:00:30.638 [INFO] [Worker-11] [host-a] Starting background task ReportDaily.
2025-11-17 11:00:34.592 [INFO] [Worker-13] [host-a] Shutting down gracefully.
2025-11-17 11:00:35.930 [ERROR] [Worker-10] [host-a] Startup initialized.
2025-11-17 11:00:36.836 [INFO] [Worker-4] [host-c] No jobs in queue. Sleeping.
2025-11-17 11:00:37.576 [ERROR] [Worker-5] [host-c] Invalid message format. Skipping.
2025-11-17 11:00:39.077 [INFO] [Worker-16] [host-b] Disk space warning: 43% used.
2025-11-17 11:00:41.420 [INFO] [Worker-2] [host-a] Checkpoint saved at offset 1797255.
2025-11-17 11:00:42.272 [WARN] [Worker-13] [host-c] Job ArchiveOldData completed in 1271 ms.
2025-11-17 11:00:42.545 [ERROR] [Worker-8] [host-c] Startup initialized.
2025-11-17 11:00:44.776 [INFO] [Worker-8] [host-a] Worker paused due to maintenance window.
2025-11-17 11:00:45.166 [INFO] [Worker-7] [host-a] Compacting storage segment 2.
2025-11-17 11:00:46.260 [DEBUG] [Worker-15] [host-a] Failed to process job 915908: SqlException: login failed
2025-11-17 11:00:51.568 [WARN] [Worker-14] [host-a] Compacting storage segment 48.
2025-11-17 11:00:55.175 [INFO] [Worker-13] [host-b] Job ProcessQueue completed in 870 ms.
2025-11-17 11:00:55.574 [DEBUG] [Worker-8] [host-a] Worker paused due to maintenance window.
2025-11-17 11:00:56.032 [WARN] [Worker-3] [host-b] Released lock for resource res-queue.
2025-11-17 11:01:00.696 [ERROR] [Worker-9] [host-b] Starting background task RefreshCache. | StackTrace: at Worker.Process() in /src/worker/Processor.cs:line 229
2025-11-17 11:01:01.727 [INFO] [Worker-9] [host-b] Startup initialized.
2025-11-17 11:01:03.402 [CRITICAL] [Worker-5] [host-a] Database connection established.
2025-11-17 11:01:04.132 [WARN] [Worker-7] [host-b] Failed to process job 172052: TimeoutError: operation timed out
2025-11-17 11:01:09.262 [DEBUG] [Worker-11] [host-b] Shutting down gracefully.
2025-11-17 11:01:11.425 [INFO] [Worker-10] [host-a] Released lock for resource res-queue.
2025-11-17 11:01:12.149 [INFO] [Worker-7] [host-a] Heartbeat received.
2025-11-17 11:01:12.543 [INFO] [Worker-7] [host-c] Starting background task CompactIndices.
2025-11-17 11:01:16.646 [INFO] [Worker-10] [host-a] Startup initialized.
2025-11-17 11:01:16.911 [INFO] [Worker-16] [host-b] Completed scheduled cleanup.
2025-11-17 11:01:21.969 [INFO] [Worker-11] [host-a] Compacting storage segment 18.
2025-11-17 11:01:23.070 [DEBUG] [Worker-6] [host-c] Invalid message format. Skipping.
2025-11-17 11:01:26.656 [INFO] [Worker-10] [host-c] Database connection established.
2025-11-17 11:01:27.220 [INFO] [Worker-5] [host-c] Processing job 242139 of type CleanTempFiles.
2025-11-17 11:01:32.093 [TRACE] [Worker-13] [host-c] Failed to process job 549143: NullReferenceException at Processor.Handle()
2025-11-17 11:01:32.854 [INFO] [Worker-2] [host-c] Dequeueing 101 messages.
2025-11-17 11:01:35.694 [INFO] [Worker-13] [host-a] Acquired lock for resource res-file.
2025-11-17 11:01:40.350 [INFO] [Worker-12] [host-c] Startup initialized.
2025-11-17 11:01:42.815 [DEBUG] [Worker-10] [host-b] Unexpected exception in handler: UnauthorizedAccessException: access denied
2025-11-17 11:01:46.827 [CRITICAL] [Worker-3] [host-c] Checkpoint saved at offset 308708.
2025-11-17 11:01:52.396 [INFO] [Worker-13] [host-b] Unexpected exception in handler: TimeoutError: operation timed out
2025-11-17 11:01:55.754 [INFO] [Worker-3] [host-a] Job ProcessQueue completed in 2677 ms.
2025-11-17 11:01:55.998 [WARN] [Worker-8] [host-a] Retrying job 208260 (attempt 2).
2025-11-17 11:02:01.384 [WARN] [Worker-4] [host-a] Acquired lock for resource res-file.
2025-11-17 11:02:02.522 [DEBUG] [Worker-12] [host-c] Cache cleared for tenant public.
2025-11-17 11:02:04.140 [INFO] [Worker-3] [host-a] Invalid message format. Skipping.
2025-11-17 11:02:04.487 [CRITICAL] [Worker-4] [host-c] Unexpected exception in handler: UnauthorizedAccessException: access denied | StackTrace: at Worker.Process() in /src/worker/Processor.cs:line 409
2025-11-17 11:02:07.130 [INFO] [Worker-16] [host-b] Released lock for resource res-queue.
2025-11-17 11:02:08.063 [WARN] [Worker-15] [host-b] Shutting down gracefully.
2025-11-17 11:02:09.553 [WARN] [Worker-16] [host-b] Cache cleared for tenant tenantB.
2025-11-17 11:02:10.152 [DEBUG] [Worker-14] [host-a] Job ArchiveOldData completed in 1599 ms.
2025-11-17 11:02:13.010 [INFO] [Worker-2] [host-b] Job SyncWithRemote completed in 2941 ms.
2025-11-17 11:02:16.908 [INFO] [Worker-9] [host-a] Database connection established.
2025-11-17 11:02:18.298 [INFO] [Worker-16] [host-b] Compacting storage segment 29.
2025-11-17 11:02:18.494 [DEBUG] [Worker-12] [host-a] Processing job 439710 of type ArchiveOldData.
2025-11-17 11:02:24.315 [ERROR] [Worker-9] [host-a] Retrying job 955728 (attempt 4).
2025-11-17 11:02:26.767 [INFO] [Worker-7] [host-c] No jobs in queue. Sleeping.
2025-11-17 11:02:31.377 [INFO] [Worker-12] [host-b] Unexpected exception in handler: HttpRequestException: 502 Bad Gateway
2025-11-17 11:02:32.498 [INFO] [Worker-1] [host-a] Compacting storage segment 38.
2025-11-17 11:02:32.794 [INFO] [Worker-15] [host-c] No jobs in queue. Sleeping.
2025-11-17 11:02:33.932 [CRITICAL] [Worker-15] [host-a] Dequeueing 23 messages.
2025-11-17 11:02:34.838 [ERROR] [Worker-14] [host-b] Loaded configuration: maxWorkers=15; retryLimit=2.
2025-11-17 11:02:35.160 [INFO] [Worker-6] [host-a] Invalid message format. Skipping.
2025-11-17 11:02:36.242 [DEBUG] [Worker-7] [host-c] Released lock for resource res-file.
2025-11-17 11:02:41.635 [INFO] [Worker-9] [host-b] Starting background task RefreshCache.
2025-11-17 11:02:42.057 [WARN] [Worker-6] [host-c] Dequeueing 26 messages.
2025-11-17 11:02:42.780 [WARN] [Worker-3] [host-a] Starting background task CompactIndices.
2025-11-17 11:02:46.579 [INFO] [Worker-1] [host-c] Heartbeat received.
2025-11-17 11:02:50.837 [INFO] [Worker-11] [host-a] Startup initialized.
2025-11-17 11:02:51.503 [INFO] [Worker-12] [host-a] Checkpoint saved at offset 1927142.
2025-11-17 11:02:51.561 [INFO] [Worker-10] [host-a] Cache cleared for tenant tenantC.
2025-11-17 11:02:56.724 [INFO] [Worker-4] [host-b] Starting background task CompactIndices.
2025-11-17 11:03:00.853 [INFO] [Worker-7] [host-b] Invalid message format. Skipping.
2025-11-17 11:03:02.446 [INFO] [Worker-1] [host-b] External API responded with status 201.
2025-11-17 11:03:04.440 [INFO] [Worker-9] [host-b] Released lock for resource res-queue.
2025-11-17 11:03:06.840 [INFO] [Worker-10] [host-a] Shutting down gracefully.
2025-11-17 11:03:07.771 [WARN] [Worker-11] [host-a] Enqueued job ArchiveOldData with id 602711.
2025-11-17 11:03:09.143 [INFO] [Worker-11] [host-c] Dequeueing 11 messages.
2025-11-17 11:03:12.353 [CRITICAL] [Worker-8] [host-a] Heartbeat received.
2025-11-17 11:03:17.474 [WARN] [Worker-16] [host-a] Compacting storage segment 49.
2025-11-17 11:03:18.587 [WARN] [Worker-2] [host-a] Retrying job 655142 (attempt 2).
2025-11-17 11:03:22.417 [INFO] [Worker-8] [host-a] External API responded with status 400.
2025-11-17 11:03:25.820 [CRITICAL] [Worker-8] [host-a] Dequeueing 46 messages.
2025-11-17 11:03:29.324 [INFO] [Worker-6] [host-b] External API responded with status 500.
2025-11-17 11:03:33.627 [INFO] [Worker-4] [host-b] Loaded configuration: maxWorkers=13; retryLimit=5.
2025-11-17 11:03:36.689 [INFO] [Worker-13] [host-c] Failed to process job 151349: IOException: failed to write file
2025-11-17 11:03:36.955 [WARN] [Worker-15] [host-a] Released lock for resource res-queue.
2025-11-17 11:03:38.714 [DEBUG] [Worker-11] [host-c] Checkpoint saved at offset 875828.
2025-11-17 11:03:41.568 [DEBUG] [Worker-8] [host-a] Compacting storage segment 2.
2025-11-17 11:03:41.923 [DEBUG] [Worker-8] [host-a] External API responded with status 503.
2025-11-17 11:03:45.220 [ERROR] [Worker-9] [host-b] Released lock for resource res-db.
2025-11-17 11:03:46.136 [INFO] [Worker-6] [host-a] Dequeueing 59 messages.
2025-11-17 11:03:46.813 [DEBUG] [Worker-1] [host-c] Database connection established.
2025-11-17 11:03:47.490 [CRITICAL] [Worker-4] [host-a] Compacting storage segment 12.
2025-11-17 11:03:52.367 [INFO] [Worker-1] [host-b] Job SendNotifications completed in 3672 ms.
2025-11-17 11:03:54.773 [WARN] [Worker-7] [host-b] Loaded configuration: maxWorkers=16; retryLimit=1.
2025-11-17 11:03:55.285 [INFO] [Worker-13] [host-b] Unexpected exception in handler: UnauthorizedAccessException: access denied
2025-11-17 11:04:00.828 [CRITICAL] [Worker-3] [host-a] Dequeueing 88 messages. | StackTrace: at Worker.Process() in /src/worker/Processor.cs:line 173
2025-11-17 11:04:03.243 [DEBUG] [Worker-13] [host-a] Completed scheduled cleanup.
2025-11-17 11:04:08.241 [DEBUG] [Worker-10] [host-a] Enqueued job SendNotifications with id 887674.
2025-11-17 11:04:08.650 [ERROR] [Worker-11] [host-b] Checkpoint saved at offset 1012313.
2025-11-17 11:04:10.171 [INFO] [Worker-2] [host-c] Completed scheduled cleanup.
2025-11-17 11:04:13.713 [DEBUG] [Worker-4] [host-a] Completed scheduled cleanup.
2025-11-17 11:04:14.708 [WARN] [Worker-13] [host-a] No jobs in queue. Sleeping.
2025-11-17 11:04:19.600 [INFO] [Worker-16] [host-b] Dequeueing 113 messages.
2025-11-17 11:04:23.126 [INFO] [Worker-7] [host-b] Processing job 248702 of type SyncWithRemote.
2025-11-17 11:04:24.916 [CRITICAL] [Worker-10] [host-c] Database connection timeout. Retrying...
2025-11-17 11:04:28.732 [INFO] [Worker-13] [host-c] Disk space warning: 85% used.
2025-11-17 11:04:30.391 [TRACE] [Worker-7] [host-a] Enqueued job CleanTempFiles with id 592113.
2025-11-17 11:04:35.474 [WARN] [Worker-8] [host-c] External API responded with status 502.
2025-11-17 11:04:35.605 [ERROR] [Worker-14] [host-b] Database connection established. | StackTrace: at Worker.Process() in /src/worker/Processor.cs:line 417
2025-11-17 11:04:40.269 [INFO] [Worker-13] [host-a] Disk space warning: 65% used.
2025-11-17 11:04:43.197 [WARN] [Worker-14] [host-b] Acquired lock for resource res-queue.
2025-11-17 11:04:48.535 [INFO] [Worker-15] [host-a] Loaded configuration: maxWorkers=7; retryLimit=4.
2025-11-17 11:04:49.040 [INFO] [Worker-7] [host-a] Shutting down gracefully.
2025-11-17 11:04:50.230 [INFO] [Worker-9] [host-a] Invalid message format. Skipping.
2025-11-17 11:04:56.122 [WARN] [Worker-13] [host-b] Invalid message format. Skipping.
2025-11-17 11:04:59.107 [DEBUG] [Worker-12] [host-b] Retrying job 112468 (attempt 4).
2025-11-17 11:05:00.294 [ERROR] [Worker-7] [host-b] Shutting down gracefully.
2025-11-17 11:05:00.592 [DEBUG] [Worker-11] [host-b] Disk space warning: 96% used.
2025-11-17 11:05:01.115 [INFO] [Worker-15] [host-b] Failed to process job 467431: HttpRequestException: 502 Bad Gateway
2025-11-17 11:05:01.366 [DEBUG] [Worker-12] [host-a] Retrying job 816516 (attempt 4).
2025-11-17 11:05:02.472 [INFO] [Worker-13] [host-b] Startup initialized.
2025-11-17 11:05:08.004 [INFO] [Worker-13] [host-b] Checkpoint saved at offset 286615.
2025-11-17 11:05:13.031 [INFO] [Worker-5] [host-c] Processing job 857400 of type GenerateReport.
2025-11-17 11:05:15.151 [CRITICAL] [Worker-4] [host-b] Worker paused due to maintenance window.
2025-11-17 11:05:15.695 [INFO] [Worker-16] [host-c] Disk space warning: 73% used.
2025-11-17 11:05:16.664 [DEBUG] [Worker-4] [host-a] Failed to process job 893046: NullReferenceException at Processor.Handle()
2025-11-17 11:05:19.625 [INFO] [Worker-4] [host-b] Starting background task CompactIndices.
2025-11-17 11:05:24.728 [INFO] [Worker-15] [host-b] Compacting storage segment 12.
2025-11-17 11:05:26.184 [INFO] [Worker-8] [host-a] Acquired lock for resource res-file.
2025-11-17 11:05:26.844 [ERROR] [Worker-11] [host-b] Starting background task ReportDaily. | StackTrace: at Worker.Process() in /src/worker/Processor.cs:line 383
2025-11-17 11:05:28.120 [WARN] [Worker-11] [host-b] Loaded configuration: maxWorkers=7; retryLimit=2.
2025-11-17 11:05:28.781 [WARN] [Worker-13] [host-a] Loaded configuration: maxWorkers=6; retryLimit=5.
2025-11-17 11:05:29.282 [DEBUG] [Worker-10] [host-c] Processing job 943091 of type SendNotifications.
2025-11-17 11:05:34.367 [ERROR] [Worker-3] [host-b] Heartbeat received. | StackTrace: at Worker.Process() in /src/worker/Processor.cs:line 257
2025-11-17 11:05:39.815 [INFO] [Worker-7] [host-c] Disk space warning: 55% used.
2025-11-17 11:05:41.695 [ERROR] [Worker-4] [host-b] No jobs in queue. Sleeping.
2025-11-17 11:05:43.198 [INFO] [Worker-11] [host-a] Shutting down gracefully.
2025-11-17 11:05:43.839 [DEBUG] [Worker-9] [host-c] Disk space warning: 55% used.
2025-11-17 11:05:46.591 [INFO] [Worker-7] [host-b] Database connection established.
2025-11-17 11:05:47.361 [INFO] [Worker-15] [host-c] Disk space warning: 95% used.
2025-11-17 11:05:51.910 [INFO] [Worker-16] [host-c] External API responded with status 404.
2025-11-17 11:05:53.630 [DEBUG] [Worker-16] [host-b] External API responded with status 404.
2025-11-17 11:05:54.258 [DEBUG] [Worker-3] [host-b] Failed to process job 208946: NullReferenceException at Processor.Handle()
2025-11-17 11:06:00.249 [INFO] [Worker-14] [host-b] Disk space warning: 64% used.
2025-11-17 11:06:00.689 [INFO] [Worker-1] [host-a] Shutting down gracefully.
2025-11-17 11:06:01.714 [INFO] [Worker-11] [host-b] Failed to process job 350959: IOException: failed to write file
2025-11-17 11:06:04.435 [DEBUG] [Worker-8] [host-a] Disk space warning: 85% used.
2025-11-17 11:06:06.034 [INFO] [Worker-7] [host-b] Retrying job 402127 (attempt 2).
2025-11-17 11:06:11.639 [INFO] [Worker-9] [host-a] Startup initialized.
2025-11-17 11:06:15.407 [DEBUG] [Worker-3] [host-c] Invalid message format. Skipping.
2025-11-17 11:06:15.563 [DEBUG] [Worker-5] [host-b] Retrying job 399403 (attempt 4).
2025-11-17 11:06:17.254 [DEBUG] [Worker-12] [host-b] Failed to process job 591814: TimeoutError: operation timed out
2025-11-17 11:06:18.043 [CRITICAL] [Worker-3] [host-a] Invalid message format. Skipping. | StackTrace: at Worker.Process() in /src/worker/Processor.cs:line 288
2025-11-17 11:06:19.008 [WARN] [Worker-10] [host-a] Invalid message format. Skipping.
2025-11-17 11:06:23.313 [ERROR] [Worker-13] [host-c] Failed to process job 717494: HttpRequestException: 502 Bad Gateway
2025-11-17 11:06:24.637 [INFO] [Worker-10] [host-c] Database connection established.
2025-11-17 11:06:30.493 [CRITICAL] [Worker-1] [host-c] Worker paused due to maintenance window.
2025-11-17 11:06:31.822 [INFO] [Worker-14] [host-b] Completed scheduled cleanup.
2025-11-17 11:06:36.162 [DEBUG] [Worker-3] [host-c] Worker paused due to maintenance window.
2025-11-17 11:06:38.108 [INFO] [Worker-12] [host-c] No jobs in queue. Sleeping.
2025-11-17 11:06:43.668 [INFO] [Worker-11] [host-b] Completed scheduled cleanup.
2025-11-17 11:06:46.593 [WARN] [Worker-3] [host-a] Completed scheduled cleanup.
2025-11-17 11:06:50.475 [ERROR] [Worker-6] [host-a] Checkpoint saved at offset 786836.
2025-11-17 11:06:51.639 [INFO] [Worker-6] [host-a] Failed to process job 718796: HttpRequestException: 502 Bad Gateway
2025-11-17 11:06:51.649 [INFO] [Worker-12] [host-c] Worker paused due to maintenance window.
2025-11-17 11:06:52.910 [INFO] [Worker-16] [host-b] Cache cleared for tenant public.
2025-11-17 11:06:57.656 [WARN] [Worker-16] [host-b] Startup initialized.
2025-11-17 11:06:57.766 [CRITICAL] [Worker-11] [host-b] Database connection established. | StackTrace: at Worker.Process() in /src/worker/Processor.cs:line 253
2025-11-17 11:07:03.597 [DEBUG] [Worker-3] [host-c] Worker paused due to maintenance window.
2025-11-17 11:07:07.022 [WARN] [Worker-7] [host-a] Failed to process job 312257: SqlException: login failed
2025-11-17 11:07:08.310 [DEBUG] [Worker-6] [host-c] Cache cleared for tenant tenantB.
2025-11-17 11:07:09.163 [DEBUG] [Worker-3] [host-a] Unexpected exception in handler: TimeoutError: operation timed out
2025-11-17 11:07:09.715 [INFO] [Worker-12] [host-b] Checkpoint saved at offset 511925.
2025-11-17 11:07:10.235 [ERROR] [Worker-15] [host-a] Checkpoint saved at offset 1639441.
2025-11-17 11:07:10.481 [INFO] [Worker-11] [host-b] Disk space warning: 84% used.
2025-11-17 11:07:13.720 [INFO] [Worker-6] [host-c] Enqueued job CleanTempFiles with id 485764.
2025-11-17 11:07:18.369 [ERROR] [Worker-1] [host-a] Startup initialized. | StackTrace: at Worker.Process() in /src/worker/Processor.cs:line 330
2025-11-17 11:07:19.092 [CRITICAL] [Worker-5] [host-b] Disk space warning: 40% used.
2025-11-17 11:07:20.682 [INFO] [Worker-10] [host-c] Retrying job 124353 (attempt 5).
2025-11-17 11:07:22.375 [WARN] [Worker-2] [host-a] Failed to process job 887681: AggregateException: one or more errors occurred
2025-11-17 11:07:22.429 [INFO] [Worker-12] [host-c] External API responded with status 201.
2025-11-17 11:07:24.784 [WARN] [Worker-8] [host-c] Loaded configuration: maxWorkers=7; retryLimit=5.
2025-11-17 11:07:30.568 [INFO] [Worker-1] [host-b] Database connection established.
2025-11-17 11:07:33.465 [DEBUG] [Worker-15] [host-a] Dequeueing 20 messages.
2025-11-17 11:07:33.990 [INFO] [Worker-15] [host-c] Job SendNotifications completed in 1254 ms.
2025-11-17 11:07:35.566 [INFO] [Worker-11] [host-a] Acquired lock for resource res-queue.
2025-11-17 11:07:35.596 [WARN] [Worker-6] [host-c] Failed to process job 726096: UnauthorizedAccessException: access denied
2025-11-17 11:07:35.743 [INFO] [Worker-13] [host-c] Failed to process job 743579: IOException: failed to write file
2025-11-17 11:07:41.483 [INFO] [Worker-13] [host-b] Failed to process job 954774: HttpRequestException: 502 Bad Gateway
2025-11-17 11:07:43.482 [INFO] [Worker-11] [host-a] Processing job 927295 of type ProcessQueue.
2025-11-17 11:07:44.947 [INFO] [Worker-5] [host-a] Database connection timeout. Retrying...
2025-11-17 11:07:50.093 [INFO] [Worker-2] [host-b] Dequeueing 103 messages.
2025-11-17 11:07:50.553 [TRACE] [Worker-2] [host-c] Disk space warning: 80% used.
2025-11-17 11:07:52.327 [INFO] [Worker-10] [host-c] Retrying job 473041 (attempt 1).
2025-11-17 11:07:52.667 [TRACE] [Worker-4] [host-b] Processing job 629020 of type SyncWithRemote.
2025-11-17 11:07:52.900 [WARN] [Worker-12] [host-b] Cache cleared for tenant tenantC.
2025-11-17 11:07:53.450 [INFO] [Worker-4] [host-a] Completed scheduled cleanup.
2025-11-17 11:07:55.368 [INFO] [Worker-3] [host-a] Starting background task CompactIndices.
2025-11-17 11:07:55.776 [DEBUG] [Worker-12] [host-c] Cache cleared for tenant tenantB.
2025-11-17 11:07:56.205 [DEBUG] [Worker-7] [host-c] Checkpoint saved at offset 707683.
2025-11-17 11:08:00.790 [INFO] [Worker-2] [host-c] Processing job 350195 of type ArchiveOldData.
2025-11-17 11:08:06.392 [ERROR] [Worker-11] [host-a] Checkpoint saved at offset 1316171.
2025-11-17 11:08:07.931 [TRACE] [Worker-3] [host-c] Database connection timeout. Retrying...
2025-11-17 11:08:09.026 [INFO] [Worker-9] [host-a] Checkpoint saved at offset 1873916.
2025-11-17 11:08:13.941 [INFO] [Worker-1] [host-b] Enqueued job SendNotifications with id 421867.
2025-11-17 11:08:14.179 [WARN] [Worker-1] [host-c] Released lock for resource res-db.
2025-11-17 11:08:14.281 [DEBUG] [Worker-8] [host-a] No jobs in queue. Sleeping.
2025-11-17 11:08:16.163 [ERROR] [Worker-8] [host-b] Shutting down gracefully.
2025-11-17 11:08:16.724 [INFO] [Worker-9] [host-b] Worker paused due to maintenance window.
2025-11-17 11:08:17.268 [INFO] [Worker-8] [host-a] No jobs in queue. Sleeping.
2025-11-17 11:08:18.269 [INFO] [Worker-2] [host-b] External API responded with status 404.
2025-11-17 11:08:24.046 [INFO] [Worker-3] [host-b] Processing job 156534 of type SendNotifications.
2025-11-17 11:08:27.245 [INFO] [Worker-4] [host-b] Loaded configuration: maxWorkers=11; retryLimit=5.
2025-11-17 11:08:28.216 [DEBUG] [Worker-15] [host-a] Job ArchiveOldData completed in 2141 ms.
2025-11-17 11:08:28.358 [INFO] [Worker-11] [host-b] Database connection established.
2025-11-17 11:08:29.903 [ERROR] [Worker-3] [host-c] Job CleanTempFiles completed in 1657 ms. | StackTrace: at Worker.Process() in /src/worker/Processor.cs:line 393
2025-11-17 11:08:32.464 [INFO] [Worker-4] [host-a] Database connection timeout. Retrying...
2025-11-17 11:08:32.510 [CRITICAL] [Worker-9] [host-b] Completed scheduled cleanup.
2025-11-17 11:08:37.642 [INFO] [Worker-11] [host-c] No jobs in queue. Sleeping.
2025-11-17 11:08:42.511 [INFO] [Worker-13] [host-c] Compacting storage segment 11.
2025-11-17 11:08:42.950 [INFO] [Worker-3] [host-a] Database connection timeout. Retrying...
2025-11-17 11:08:47.118 [DEBUG] [Worker-6] [host-a] Startup initialized.
2025-11-17 11:08:49.559 [DEBUG] [Worker-7] [host-c] Starting background task ReportDaily.
2025-11-17 11:08:53.609 [INFO] [Worker-10] [host-c] Disk space warning: 67% used.
2025-11-17 11:08:55.233 [DEBUG] [Worker-7] [host-c] No jobs in queue. Sleeping.
2025-11-17 11:08:56.976 [ERROR] [Worker-7] [host-c] Starting background task CompactIndices. | StackTrace: at Worker.Process() in /src/worker/Processor.cs:line 186
2025-11-17 11:09:01.546 [WARN] [Worker-12] [host-c] Loaded configuration: maxWorkers=15; retryLimit=5.
2025-11-17 11:09:06.865 [DEBUG] [Worker-6] [host-a] Loaded configuration: maxWorkers=4; retryLimit=2.
2025-11-17 11:09:06.985 [INFO] [Worker-6] [host-c] Starting background task ReportDaily.
2025-11-17 11:09:10.667 [INFO] [Worker-3] [host-c] Completed scheduled cleanup.
2025-11-17 11:09:13.061 [WARN] [Worker-12] [host-b] No jobs in queue. Sleeping.
2025-11-17 11:09:16.658 [INFO] [Worker-7] [host-a] Disk space warning: 52% used.
2025-11-17 11:09:17.411 [INFO] [Worker-5] [host-c] Disk space warning: 55% used.
2025-11-17 11:09:19.569 [INFO] [Worker-12] [host-c] Released lock for resource res-db.
2025-11-17 11:09:20.465 [WARN] [Worker-4] [host-b] Unexpected exception in handler: IOException: failed to write file
2025-11-17 11:09:24.313 [INFO] [Worker-7] [host-c] Database connection established.
2025-11-17 11:09:24.534 [INFO] [Worker-2] [host-a] Disk space warning: 95% used.
2025-11-17 11:09:29.449 [INFO] [Worker-11] [host-a] Completed scheduled cleanup.
2025-11-17 11:09:31.430 [INFO] [Worker-12] [host-a] Database connection established.
2025-11-17 11:09:31.661 [DEBUG] [Worker-9] [host-b] External API responded with status 403.
2025-11-17 11:09:32.078 [INFO] [Worker-12] [host-c] External API responded with status 403.
2025-11-17 11:09:33.507 [TRACE] [Worker-13] [host-b] Starting background task ReportDaily.
2025-11-17 11:09:35.597 [INFO] [Worker-5] [host-a] Job SendNotifications completed in 14 ms.
2025-11-17 11:09:36.921 [INFO] [Worker-14] [host-b] Invalid message format. Skipping.
2025-11-17 11:09:38.468 [INFO] [Worker-9] [host-c] Worker paused due to maintenance window.
2025-11-17 11:09:39.026 [CRITICAL] [Worker-4] [host-a] Compacting storage segment 21.
2025-11-17 11:09:39.691 [TRACE] [Worker-15] [host-b] Disk space warning: 49% used.
2025-11-17 11:09:44.975 [TRACE] [Worker-9] [host-c] Starting background task CompactIndices.
2025-11-17 11:09:46.192 [INFO] [Worker-5] [host-a] Dequeueing 6 messages.
2025-11-17 11:09:46.988 [INFO] [Worker-8] [host-b] Compacting storage segment 27.
2025-11-17 11:09:49.054 [TRACE] [Worker-4] [host-c] Startup initialized.
2025-11-17 11:09:49.723 [WARN] [Worker-10] [host-b] Disk space warning: 95% used.
2025-11-17 11:09:50.494 [WARN] [Worker-1] [host-b] Heartbeat received.
2025-11-17 11:09:51.188 [CRITICAL] [Worker-3] [host-c] Disk space warning: 81% used. | StackTrace: at Worker.Process() in /src/worker/Processor.cs:line 335
2025-11-17 11:09:52.824 [INFO] [Worker-14] [host-c] Completed scheduled cleanup.
2025-11-17 11:09:55.933 [INFO] [Worker-10] [host-b] Completed scheduled cleanup.
2025-11-17 11:09:59.216 [ERROR] [Worker-14] [host-c] External API responded with status 503.
2025-11-17 11:10:00.465 [CRITICAL] [Worker-9] [host-c] Checkpoint saved at offset 1752852.
2025-11-17 11:10:05.364 [ERROR] [Worker-9] [host-c] Compacting storage segment 42.
2025-11-17 11:10:10.700 [INFO] [Worker-14] [host-c] Job ProcessQueue completed in 283 ms.
2025-11-17 11:10:12.435 [TRACE] [Worker-2] [host-c] Failed to process job 226348: UnauthorizedAccessException: access denied
2025-11-17 11:10:17.840 [ERROR] [Worker-1] [host-a] Worker paused due to maintenance window. | StackTrace: at Worker.Process() in /src/worker/Processor.cs:line 223
2025-11-17 11:10:19.536 [INFO] [Worker-10] [host-a] Checkpoint saved at offset 1307715.
2025-11-17 11:10:21.384 [INFO] [Worker-11] [host-c] Job ProcessQueue completed in 2623 ms.
2025-11-17 11:10:26.733 [CRITICAL] [Worker-4] [host-a] Invalid message format. Skipping.
2025-11-17 11:10:26.852 [DEBUG] [Worker-2] [host-c] Released lock for resource res-queue.
2025-11-17 11:10:27.117 [WARN] [Worker-9] [host-b] Checkpoint saved at offset 1280909.
2025-11-17 11:10:29.228 [WARN] [Worker-9] [host-a] External API responded with status 401.
2025-11-17 11:10:29.511 [ERROR] [Worker-14] [host-c] No jobs in queue. Sleeping. | StackTrace: at Worker.Process() in /src/worker/Processor.cs:line 266
2025-11-17 11:10:34.477 [INFO] [Worker-3] [host-c] Failed to process job 822302: UnauthorizedAccessException: access denied
2025-11-17 11:10:38.843 [DEBUG] [Worker-10] [host-a] Checkpoint saved at offset 1405896.
2025-11-17 11:10:42.755 [DEBUG] [Worker-11] [host-c] Startup initialized.
2025-11-17 11:10:43.832 [INFO] [Worker-11] [host-a] External API responded with status 502.
2025-11-17 11:10:44.695 [INFO] [Worker-15] [host-b] Processing job 993973 of type CleanTempFiles.
2025-11-17 11:10:49.537 [WARN] [Worker-1] [host-c] Job CleanTempFiles completed in 2115 ms.
2025-11-17 11:10:53.598 [INFO] [Worker-12] [host-a] Disk space warning: 79% used.
2025-11-17 11:10:54.879 [INFO] [Worker-9] [host-b] Dequeueing 103 messages.
2025-11-17 11:10:55.674 [WARN] [Worker-15] [host-c] Dequeueing 117 messages.
2025-11-17 11:10:59.223 [INFO] [Worker-8] [host-c] Starting background task ReportDaily.
2025-11-17 11:11:00.123 [INFO] [Worker-13] [host-b] Compacting storage segment 22.
2025-11-17 11:11:00.806 [INFO] [Worker-11] [host-a] Shutting down gracefully.
2025-11-17 11:11:04.198 [INFO] [Worker-15] [host-a] Starting background task ReportDaily.
2025-11-17 11:11:07.592 [INFO] [Worker-7] [host-c] Loaded configuration: maxWorkers=13; retryLimit=5.
2025-11-17 11:11:12.681 [WARN] [Worker-3] [host-a] Job GenerateReport completed in 386 ms.
2025-11-17 11:11:13.741 [INFO] [Worker-16] [host-a] Database connection timeout. Retrying...
2025-11-17 11:11:17.988 [INFO] [Worker-6] [host-a] No jobs in queue. Sleeping.
2025-11-17 11:11:22.818 [INFO] [Worker-15] [host-b] Database connection established.
2025-11-17 11:11:28.475 [WARN] [Worker-10] [host-b] Processing job 120492 of type SyncWithRemote.
2025-11-17 11:11:29.207 [DEBUG] [Worker-10] [host-b] Compacting storage segment 13.
2025-11-17 11:11:29.707 [INFO] [Worker-15] [host-a] Processing job 357848 of type GenerateReport.
2025-11-17 11:11:29.979 [DEBUG] [Worker-7] [host-a] Database connection timeout. Retrying...
2025-11-17 11:11:30.870 [INFO] [Worker-6] [host-a] Acquired lock for resource res-file.
2025-11-17 11:11:34.296 [DEBUG] [Worker-5] [host-a] External API responded with status 503.
2025-11-17 11:11:34.858 [INFO] [Worker-12] [host-a] Worker paused due to maintenance window.
2025-11-17 11:11:37.885 [INFO] [Worker-7] [host-a] No jobs in queue. Sleeping.
2025-11-17 11:11:38.385 [INFO] [Worker-7] [host-a] Heartbeat received.
2025-11-17 11:11:41.892 [WARN] [Worker-4] [host-c] Enqueued job SyncWithRemote with id 827972.
2025-11-17 11:11:46.285 [WARN] [Worker-16] [host-c] Enqueued job SyncWithRemote with id 981148.
2025-11-17 11:11:48.888 [INFO] [Worker-8] [host-c] Dequeueing 109 messages.
2025-11-17 11:11:49.513 [CRITICAL] [Worker-7] [host-a] Processing job 889456 of type SendNotifications.
2025-11-17 11:11:50.444 [TRACE] [Worker-3] [host-b] Completed scheduled cleanup.
2025-11-17 11:11:50.870 [INFO] [Worker-12] [host-c] Shutting down gracefully.
2025-11-17 11:11:51.145 [INFO] [Worker-12] [host-c] Enqueued job CleanTempFiles with id 151109.
2025-11-17 11:11:56.575 [DEBUG] [Worker-16] [host-c] Cache cleared for tenant tenantA.
2025-11-17 11:11:57.815 [DEBUG] [Worker-11] [host-b] Startup initialized.
2025-11-17 11:12:02.228 [INFO] [Worker-11] [host-c] Acquired lock for resource res-queue.
2025-11-17 11:12:02.750 [ERROR] [Worker-5] [host-b] Database connection established.
2025-11-17 11:12:04.392 [INFO] [Worker-13] [host-c] Heartbeat received.
2025-11-17 11:12:04.652 [INFO] [Worker-14] [host-c] Released lock for resource res-queue.
2025-11-17 11:12:05.886 [INFO] [Worker-14] [host-c] Acquired lock for resource res-db.
2025-11-17 11:12:11.259 [INFO] [Worker-14] [host-a] Processing job 310559 of type ProcessQueue.
2025-11-17 11:12:11.804 [DEBUG] [Worker-3] [host-a] Invalid message format. Skipping.
2025-11-17 11:12:17.334 [ERROR] [Worker-12] [host-a] Database connection established.
2025-11-17 11:12:17.474 [ERROR] [Worker-13] [host-b] Startup initialized.
2025-11-17 11:12:20.676 [CRITICAL] [Worker-10] [host-a] Released lock for resource res-queue.
2025-11-17 11:12:25.618 [ERROR] [Worker-12] [host-a] Startup initialized. | StackTrace: at Worker.Process() in /src/worker/Processor.cs:line 415
2025-11-17 11:12:26.581 [WARN] [Worker-12] [host-b] Processing job 573220 of type SendNotifications.
2025-11-17 11:12:26.913 [WARN] [Worker-3] [host-c] Processing job 916156 of type ArchiveOldData.
2025-11-17 11:12:27.080 [CRITICAL] [Worker-1] [host-b] Enqueued job SyncWithRemote with id 309879.
2025-11-17 11:12:27.899 [WARN] [Worker-14] [host-a] Retrying job 149695 (attempt 3).
2025-11-17 11:12:29.195 [WARN] [Worker-16] [host-b] Database connection established.
2025-11-17 11:12:30.159 [DEBUG] [Worker-10] [host-c] External API responded with status 400.
2025-11-17 11:12:31.080 [ERROR] [Worker-1] [host-c] Startup initialized.
2025-11-17 11:12:34.102 [ERROR] [Worker-3] [host-b] Starting background task RefreshCache.
2025-11-17 11:12:34.991 [INFO] [Worker-14] [host-b] Unexpected exception in handler: IOException: failed to write file
2025-11-17 11:12:35.946 [TRACE] [Worker-5] [host-a] Acquired lock for resource res-queue.
2025-11-17 11:12:40.269 [INFO] [Worker-11] [host-b] Heartbeat received.
2025-11-17 11:12:43.977 [DEBUG] [Worker-7] [host-a] Worker paused due to maintenance window.
2025-11-17 11:12:45.815 [INFO] [Worker-4] [host-b] Completed scheduled cleanup.
2025-11-17 11:12:46.752 [INFO] [Worker-16] [host-a] Failed to process job 934414: SqlException: login failed
2025-11-17 11:12:48.018 [INFO] [Worker-15] [host-c] Compacting storage segment 40.
2025-11-17 11:12:50.143 [WARN] [Worker-14] [host-a] Starting background task RefreshCache.
2025-11-17 11:12:51.121 [INFO] [Worker-7] [host-c] Dequeueing 107 messages.
2025-11-17 11:12:56.211 [INFO] [Worker-8] [host-a] Processing job 728763 of type ArchiveOldData.
2025-11-17 11:13:00.789 [WARN] [Worker-12] [host-b] Completed scheduled cleanup.
2025-11-17 11:13:01.763 [WARN] [Worker-14] [host-a] Checkpoint saved at offset 1764112.
2025-11-17 11:13:02.728 [WARN] [Worker-16] [host-c] No jobs in queue. Sleeping.
2025-11-17 11:13:06.532 [CRITICAL] [Worker-3] [host-a] Shutting down gracefully.
2025-11-17 11:13:11.909 [INFO] [Worker-8] [host-a] Starting background task RefreshCache.
2025-11-17 11:13:15.044 [INFO] [Worker-3] [host-c] Startup initialized.
2025-11-17 11:13:17.390 [INFO] [Worker-8] [host-c] Dequeueing 79 messages.
2025-11-17 11:13:19.195 [WARN] [Worker-4] [host-a] Heartbeat received.
2025-11-17 11:13:19.450 [INFO] [Worker-9] [host-c] Job ArchiveOldData completed in 4307 ms.
2025-11-17 11:13:21.040 [INFO] [Worker-6] [host-a] Enqueued job SendNotifications with id 592351.
2025-11-17 11:13:22.921 [TRACE] [Worker-14] [host-a] External API responded with status 202.
2025-11-17 11:13:24.696 [CRITICAL] [Worker-5] [host-b] Failed to process job 140166: SqlException: login failed
2025-11-17 11:13:27.101 [INFO] [Worker-7] [host-c] Failed to process job 790331: TimeoutError: operation timed out
2025-11-17 11:13:28.974 [WARN] [Worker-3] [host-a] Processing job 714142 of type SyncWithRemote.
2025-11-17 11:13:29.533 [WARN] [Worker-6] [host-c] Disk space warning: 73% used.
2025-11-17 11:13:34.307 [INFO] [Worker-15] [host-b] Database connection timeout. Retrying...
2025-11-17 11:13:36.142 [INFO] [Worker-12] [host-a] Failed to process job 389169: NullReferenceException at Processor.Handle()
2025-11-17 11:13:41.562 [INFO] [Worker-2] [host-c] Heartbeat received.
2025-11-17 11:13:41.660 [INFO] [Worker-5] [host-c] Unexpected exception in handler: SqlException: login failed
2025-11-17 11:13:47.289 [INFO] [Worker-7] [host-b] Compacting storage segment 35.
2025-11-17 11:13:49.178 [TRACE] [Worker-15] [host-c] Job GenerateReport completed in 971 ms.
2025-11-17 11:13:50.378 [ERROR] [Worker-13] [host-c] Worker paused due to maintenance window.
2025-11-17 11:13:55.455 [DEBUG] [Worker-2] [host-b] Unexpected exception in handler: HttpRequestException: 502 Bad Gateway
2025-11-17 11:13:56.136 [INFO] [Worker-15] [host-c] Loaded configuration: maxWorkers=10; retryLimit=4.
2025-11-17 11:13:58.520 [WARN] [Worker-10] [host-c] Compacting storage segment 11.
2025-11-17 11:14:02.476 [INFO] [Worker-1] [host-a] Starting background task CompactIndices.
2025-11-17 11:14:03.396 [INFO] [Worker-5] [host-b] Compacting storage segment 8.
2025-11-17 11:14:03.712 [DEBUG] [Worker-11] [host-b] Starting background task CompactIndices.
2025-11-17 11:14:03.921 [INFO] [Worker-2] [host-a] Processing job 495962 of type SyncWithRemote.
2025-11-17 11:14:04.104 [WARN] [Worker-7] [host-a] No jobs in queue. Sleeping.
2025-11-17 11:14:08.717 [WARN] [Worker-6] [host-b] Shutting down gracefully.
2025-11-17 11:14:08.796 [DEBUG] [Worker-7] [host-b] External API responded with status 500.
2025-11-17 11:14:09.806 [DEBUG] [Worker-14] [host-c] No jobs in queue. Sleeping.
2025-11-17 11:14:10.436 [INFO] [Worker-8] [host-a] Worker paused due to maintenance window.
2025-11-17 11:14:12.026 [INFO] [Worker-12] [host-c] Enqueued job ArchiveOldData with id 437530.
2025-11-17 11:14:14.521 [INFO] [Worker-8] [host-b] Dequeueing 38 messages.
2025-11-17 11:14:16.264 [INFO] [Worker-14] [host-b] Completed scheduled cleanup.
2025-11-17 11:14:17.079 [INFO] [Worker-4] [host-a] Starting background task CompactIndices.
2025-11-17 11:14:18.999 [INFO] [Worker-9] [host-b] Compacting storage segment 49.
2025-11-17 11:14:19.658 [INFO] [Worker-14] [host-a] Completed scheduled cleanup.
2025-11-17 11:14:22.917 [WARN] [Worker-5] [host-b] Starting background task CompactIndices.
2025-11-17 11:14:26.342 [INFO] [Worker-7] [host-c] Job CleanTempFiles completed in 978 ms.
2025-11-17 11:14:28.903 [INFO] [Worker-11] [host-c] Checkpoint saved at offset 411405.
2025-11-17 11:14:31.928 [INFO] [Worker-12] [host-c] Disk space warning: 63% used.
2025-11-17 11:14:33.027 [WARN] [Worker-12] [host-c] No jobs in queue. Sleeping.
2025-11-17 11:14:33.068 [TRACE] [Worker-2] [host-a] Checkpoint saved at offset 544784.
2025-11-17 11:14:34.354 [WARN] [Worker-1] [host-b] External API responded with status 503.
2025-11-17 11:14:37.031 [INFO] [Worker-3] [host-b] Compacting storage segment 31.
2025-11-17 11:14:39.233 [DEBUG] [Worker-15] [host-b] Job SyncWithRemote completed in 3638 ms.
2025-11-17 11:14:39.288 [INFO] [Worker-5] [host-b] Worker paused due to maintenance window.
2025-11-17 11:14:40.776 [DEBUG] [Worker-2] [host-a] Database connection timeout. Retrying...
2025-11-17 11:14:42.446 [INFO] [Worker-3] [host-c] Starting background task RefreshCache.
2025-11-17 11:14:46.961 [DEBUG] [Worker-15] [host-c] Processing job 629763 of type GenerateReport.
2025-11-17 11:14:48.186 [TRACE] [Worker-15] [host-c] No jobs in queue. Sleeping.
2025-11-17 11:14:49.630 [ERROR] [Worker-4] [host-c] Disk space warning: 48% used.
2025-11-17 11:14:50.545 [INFO] [Worker-15] [host-c] No jobs in queue. Sleeping.
2025-11-17 11:14:50.549 [INFO] [Worker-1] [host-c] Job GenerateReport completed in 2512 ms.
2025-11-17 11:14:51.949 [INFO] [Worker-3] [host-b] External API responded with status 502.
2025-11-17 11:14:55.913 [INFO] [Worker-10] [host-b] Enqueued job ArchiveOldData with id 390306.
2025-11-17 11:15:01.274 [ERROR] [Worker-12] [host-c] Disk space warning: 47% used.
2025-11-17 11:15:02.197 [INFO] [Worker-12] [host-b] Dequeueing 72 messages.
2025-11-17 11:15:03.485 [WARN] [Worker-9] [host-c] Acquired lock for resource res-queue.
2025-11-17 11:15:04.060 [TRACE] [Worker-5] [host-c] Startup initialized.
2025-11-17 11:15:05.945 [INFO] [Worker-14] [host-a] Checkpoint saved at offset 1138385.
2025-11-17 11:15:07.582 [ERROR] [Worker-10] [host-a] Worker paused due to maintenance window.
2025-11-17 11:15:12.607 [WARN] [Worker-6] [host-a] Job CleanTempFiles completed in 2662 ms.
2025-11-17 11:15:16.797 [ERROR] [Worker-10] [host-b] Enqueued job GenerateReport with id 259669.
2025-11-17 11:15:18.247 [INFO] [Worker-13] [host-a] Database connection timeout. Retrying...
2025-11-17 11:15:21.241 [WARN] [Worker-7] [host-c] Invalid message format. Skipping.
2025-11-17 11:15:27.156 [INFO] [Worker-13] [host-b] Database connection established.
2025-11-17 11:15:31.727 [INFO] [Worker-5] [host-c] Released lock for resource res-file.
2025-11-17 11:15:31.882 [INFO] [Worker-14] [host-a] Database connection established.
2025-11-17 11:15:37.122 [WARN] [Worker-1] [host-c] Retrying job 387452 (attempt 5).
2025-11-17 11:15:37.571 [INFO] [Worker-15] [host-c] Disk space warning: 44% used.
2025-11-17 11:15:38.250 [WARN] [Worker-1] [host-c] Loaded configuration: maxWorkers=13; retryLimit=5.
2025-11-17 11:15:39.786 [INFO] [Worker-9] [host-b] Startup initialized.
2025-11-17 11:15:41.190 [INFO] [Worker-10] [host-c] Shutting down gracefully.
2025-11-17 11:15:45.214 [INFO] [Worker-11] [host-c] Loaded configuration: maxWorkers=16; retryLimit=5.
2025-11-17 11:15:50.555 [DEBUG] [Worker-4] [host-a] Database connection established.
2025-11-17 11:15:50.767 [INFO] [Worker-12] [host-c] Worker paused due to maintenance window.
2025-11-17 11:15:51.181 [CRITICAL] [Worker-11] [host-a] Compacting storage segment 1. | StackTrace: at Worker.Process() in /src/worker/Processor.cs:line 413
2025-11-17 11:15:52.152 [DEBUG] [Worker-15] [host-a] Compacting storage segment 17.
2025-11-17 11:15:53.209 [INFO] [Worker-13] [host-c] Job ProcessQueue completed in 2785 ms.
2025-11-17 11:15:54.882 [INFO] [Worker-16] [host-c] Compacting storage segment 11.
2025-11-17 11:15:57.856 [DEBUG] [Worker-14] [host-c] Loaded configuration: maxWorkers=7; retryLimit=1.
2025-11-17 11:15:57.954 [ERROR] [Worker-6] [host-a] Failed to process job 825033: AggregateException: one or more errors occurred
2025-11-17 11:15:59.049 [ERROR] [Worker-5] [host-c] Invalid message format. Skipping. | StackTrace: at Worker.Process() in /src/worker/Processor.cs:line 150
2025-11-17 11:16:01.074 [INFO] [Worker-9] [host-b] Heartbeat received.
2025-11-17 11:16:02.367 [INFO] [Worker-5] [host-c] Loaded configuration: maxWorkers=2; retryLimit=5.
2025-11-17 11:16:02.403 [CRITICAL] [Worker-13] [host-b] Invalid message format. Skipping.
2025-11-17 11:16:08.328 [DEBUG] [Worker-6] [host-b] Processing job 579266 of type SyncWithRemote.
2025-11-17 11:16:12.179 [TRACE] [Worker-11] [host-b] Worker paused due to maintenance window.
2025-11-17 11:16:17.781 [DEBUG] [Worker-3] [host-c] Loaded configuration: maxWorkers=14; retryLimit=2.
2025-11-17 11:16:18.427 [INFO] [Worker-6] [host-a] External API responded with status 502.
2025-11-17 11:16:19.547 [INFO] [Worker-3] [host-a] Shutting down gracefully.
2025-11-17 11:16:23.537 [WARN] [Worker-12] [host-c] Compacting storage segment 6.
2025-11-17 11:16:25.202 [WARN] [Worker-14] [host-c] Startup initialized.
2025-11-17 11:16:25.833 [DEBUG] [Worker-12] [host-a] Compacting storage segment 47.
2025-11-17 11:16:31.218 [WARN] [Worker-5] [host-a] Retrying job 214649 (attempt 1).
2025-11-17 11:16:31.300 [INFO] [Worker-11] [host-a] Unexpected exception in handler: HttpRequestException: 502 Bad Gateway
2025-11-17 11:16:37.275 [ERROR] [Worker-11] [host-a] Compacting storage segment 15.
2025-11-17 11:16:39.837 [INFO] [Worker-11] [host-a] Acquired lock for resource res-db.
2025-11-17 11:16:41.291 [WARN] [Worker-5] [host-b] Enqueued job SendNotifications with id 531480.
2025-11-17 11:16:42.988 [INFO] [Worker-9] [host-a] Completed scheduled cleanup.
2025-11-17 11:16:43.613 [DEBUG] [Worker-14] [host-c] Shutting down gracefully.
2025-11-17 11:16:47.502 [ERROR] [Worker-4] [host-a] Heartbeat received. | StackTrace: at Worker.Process() in /src/worker/Processor.cs:line 213
2025-11-17 11:16:51.079 [ERROR] [Worker-9] [host-b] Invalid message format. Skipping.
2025-11-17 11:16:51.493 [INFO] [Worker-12] [host-a] Shutting down gracefully.
2025-11-17 11:16:53.242 [ERROR] [Worker-9] [host-b] Enqueued job GenerateReport with id 970223.
2025-11-17 11:16:57.198 [TRACE] [Worker-11] [host-b] Job ArchiveOldData completed in 684 ms.
2025-11-17 11:16:58.983 [INFO] [Worker-14] [host-a] Acquired lock for resource res-db.
2025-11-17 11:17:03.021 [INFO] [Worker-9] [host-a] Unexpected exception in handler: AggregateException: one or more errors occurred
2025-11-17 11:17:07.420 [ERROR] [Worker-6] [host-b] Database connection timeout. Retrying...
2025-11-17 11:17:09.672 [INFO] [Worker-14] [host-a] Compacting storage segment 28.
2025-11-17 11:17:11.984 [INFO] [Worker-4] [host-b] Startup initialized.
2025-11-17 11:17:14.996 [ERROR] [Worker-10] [host-a] Compacting storage segment 48.
2025-11-17 11:17:15.975 [INFO] [Worker-7] [host-c] Unexpected exception in handler: TimeoutError: operation timed out
2025-11-17 11:17:21.567 [ERROR] [Worker-9] [host-b] Disk space warning: 51% used.
2025-11-17 11:17:25.741 [INFO] [Worker-14] [host-b] Database connection timeout. Retrying...
2025-11-17 11:17:27.844 [INFO] [Worker-11] [host-c] Unexpected exception in handler: IOException: failed to write file
2025-11-17 11:17:33.165 [INFO] [Worker-16] [host-a] Unexpected exception in handler: NullReferenceException at Processor.Handle()
2025-11-17 11:17:35.240 [INFO] [Worker-9] [host-a] Database connection established.
2025-11-17 11:17:36.879 [INFO] [Worker-6] [host-b] Processing job 633774 of type GenerateReport.
2025-11-17 11:17:38.130 [INFO] [Worker-9] [host-b] Cache cleared for tenant public.
2025-11-17 11:17:39.183 [INFO] [Worker-11] [host-a] Retrying job 115124 (attempt 1).
2025-11-17 11:17:43.917 [INFO] [Worker-3] [host-b] No jobs in queue. Sleeping.
2025-11-17 11:17:44.112 [INFO] [Worker-3] [host-a] Shutting down gracefully.
2025-11-17 11:17:46.847 [DEBUG] [Worker-13] [host-a] Cache cleared for tenant tenantA.
2025-11-17 11:17:49.754 [ERROR] [Worker-6] [host-a] External API responded with status 401. | StackTrace: at Worker.Process() in /src/worker/Processor.cs:line 365
2025-11-17 11:17:54.746 [INFO] [Worker-8] [host-b] Startup initialized.
2025-11-17 11:17:58.227 [DEBUG] [Worker-13] [host-c] Startup initialized.
2025-11-17 11:18:03.470 [DEBUG] [Worker-7] [host-c] Completed scheduled cleanup.
2025-11-17 11:18:05.026 [INFO] [Worker-4] [host-b] Dequeueing 115 messages.
2025-11-17 11:18:06.085 [INFO] [Worker-10] [host-a] Startup initialized.
2025-11-17 11:18:06.132 [INFO] [Worker-15] [host-c] Disk space warning: 74% used.
2025-11-17 11:18:12.083 [INFO] [Worker-10] [host-a] Starting background task RefreshCache.
2025-11-17 11:18:14.015 [INFO] [Worker-14] [host-a] Cache cleared for tenant tenantA.
2025-11-17 11:18:19.009 [INFO] [Worker-11] [host-a] No jobs in queue. Sleeping.
2025-11-17 11:18:22.902 [TRACE] [Worker-11] [host-b] Database connection timeout. Retrying...
2025-11-17 11:18:26.115 [INFO] [Worker-6] [host-c] Worker paused due to maintenance window.
2025-11-17 11:18:31.392 [INFO] [Worker-8] [host-a] Shutting down gracefully.
2025-11-17 11:18:31.669 [DEBUG] [Worker-11] [host-c] Acquired lock for resource res-db.
2025-11-17 11:18:36.487 [TRACE] [Worker-16] [host-b] Checkpoint saved at offset 1566161.
2025-11-17 11:18:39.754 [DEBUG] [Worker-6] [host-b] Invalid message format. Skipping.
2025-11-17 11:18:40.926 [DEBUG] [Worker-2] [host-a] Shutting down gracefully.
2025-11-17 11:18:44.631 [CRITICAL] [Worker-6] [host-c] No jobs in queue. Sleeping.
2025-11-17 11:18:46.052 [INFO] [Worker-12] [host-a] Processing job 699341 of type SendNotifications.
2025-11-17 11:18:51.787 [ERROR] [Worker-5] [host-c] Processing job 475267 of type SyncWithRemote.
2025-11-17 11:18:53.089 [INFO] [Worker-16] [host-a] Failed to process job 237386: UnauthorizedAccessException: access denied
2025-11-17 11:18:58.193 [DEBUG] [Worker-10] [host-b] No jobs in queue. Sleeping.
2025-11-17 11:19:01.540 [INFO] [Worker-8] [host-a] No jobs in queue. Sleeping.
2025-11-17 11:19:04.676 [INFO] [Worker-4] [host-b] No jobs in queue. Sleeping.
2025-11-17 11:19:05.478 [INFO] [Worker-8] [host-b] Heartbeat received.
2025-11-17 11:19:10.617 [INFO] [Worker-6] [host-c] Shutting down gracefully.
2025-11-17 11:19:12.385 [ERROR] [Worker-12] [host-b] Enqueued job GenerateReport with id 894058. | StackTrace: at Worker.Process() in /src/worker/Processor.cs:line 267
2025-11-17 11:19:16.779 [INFO] [Worker-1] [host-b] Checkpoint saved at offset 1522108.
2025-11-17 11:19:16.915 [INFO] [Worker-5] [host-a] Disk space warning: 77% used.
2025-11-17 11:19:21.067 [ERROR] [Worker-1] [host-c] No jobs in queue. Sleeping. | StackTrace: at Worker.Process() in /src/worker/Processor.cs:line 168
2025-11-17 11:19:26.728 [DEBUG] [Worker-10] [host-a] Failed to process job 909472: TimeoutError: operation timed out
2025-11-17 11:19:27.386 [ERROR] [Worker-2] [host-a] Compacting storage segment 23.
2025-11-17 11:19:29.456 [INFO] [Worker-11] [host-b] Startup initialized.
2025-11-17 11:19:34.132 [INFO] [Worker-10] [host-b] Unexpected exception in handler: HttpRequestException: 502 Bad Gateway
2025-11-17 11:19:34.509 [INFO] [Worker-9] [host-b] Heartbeat received.
2025-11-17 11:19:35.032 [DEBUG] [Worker-13] [host-b] Loaded configuration: maxWorkers=6; retryLimit=3.
2025-11-17 11:19:38.251 [WARN] [Worker-13] [host-a] Invalid message format. Skipping.
2025-11-17 11:19:41.810 [INFO] [Worker-11] [host-c] Heartbeat received.
2025-11-17 11:19:44.770 [INFO] [Worker-1] [host-c] Retrying job 565241 (attempt 1).
2025-11-17 11:19:45.083 [INFO] [Worker-11] [host-b] Job ArchiveOldData completed in 687 ms.
2025-11-17 11:19:46.471 [INFO] [Worker-16] [host-c] External API responded with status 500.
2025-11-17 11:19:48.074 [ERROR] [Worker-8] [host-a] Shutting down gracefully.
2025-11-17 11:19:49.209 [INFO] [Worker-6] [host-b] Database connection established.
2025-11-17 11:19:52.530 [INFO] [Worker-9] [host-b] Database connection established.
2025-11-17 11:19:55.408 [INFO] [Worker-14] [host-a] Unexpected exception in handler: IOException: failed to write file
2025-11-17 11:19:57.827 [TRACE] [Worker-2] [host-a] Dequeueing 49 messages.
2025-11-17 11:20:03.698 [WARN] [Worker-5] [host-c] Unexpected exception in handler: NullReferenceException at Processor.Handle()
2025-11-17 11:20:08.633 [INFO] [Worker-4] [host-b] Unexpected exception in handler: UnauthorizedAccessException: access denied
2025-11-17 11:20:09.409 [INFO] [Worker-16] [host-b] Startup initialized.
2025-11-17 11:20:09.867 [INFO] [Worker-15] [host-b] Completed scheduled cleanup.
2025-11-17 11:20:11.380 [ERROR] [Worker-8] [host-c] Released lock for resource res-file.
2025-11-17 11:20:12.235 [INFO] [Worker-8] [host-a] Enqueued job SendNotifications with id 181056.
2025-11-17 11:20:15.935 [INFO] [Worker-11] [host-b] Enqueued job SyncWithRemote with id 690852.
2025-11-17 11:20:18.718 [DEBUG] [Worker-2] [host-a] Acquired lock for resource res-file.
2025-11-17 11:20:19.849 [INFO] [Worker-5] [host-b] Disk space warning: 67% used.
2025-11-17 11:20:24.622 [INFO] [Worker-6] [host-b] Compacting storage segment 18.
2025-11-17 11:20:29.820 [INFO] [Worker-12] [host-a] Failed to process job 177556: NullReferenceException at Processor.Handle()
2025-11-17 11:20:31.816 [DEBUG] [Worker-6] [host-b] Processing job 374212 of type CleanTempFiles.
2025-11-17 11:20:35.696 [TRACE] [Worker-13] [host-a] Worker paused due to maintenance window.
2025-11-17 11:20:36.211 [INFO] [Worker-11] [host-a] Unexpected exception in handler: SqlException: login failed
2025-11-17 11:20:37.573 [WARN] [Worker-2] [host-b] Checkpoint saved at offset 725988.
2025-11-17 11:20:38.392 [WARN] [Worker-4] [host-c] Job SendNotifications completed in 1656 ms.
2025-11-17 11:20:42.938 [WARN] [Worker-16] [host-c] Dequeueing 6 messages.
2025-11-17 11:20:48.323 [WARN] [Worker-10] [host-b] Starting background task RefreshCache.
2025-11-17 11:20:52.236 [INFO] [Worker-5] [host-c] Retrying job 651887 (attempt 5).
2025-11-17 11:20:53.248 [DEBUG] [Worker-10] [host-c] Shutting down gracefully.
2025-11-17 11:20:54.510 [INFO] [Worker-7] [host-c] Loaded configuration: maxWorkers=3; retryLimit=2.
2025-11-17 11:20:57.286 [INFO] [Worker-3] [host-b] Checkpoint saved at offset 1634225.
2025-11-17 11:20:58.501 [INFO] [Worker-3] [host-a] Shutting down gracefully.
2025-11-17 11:21:00.435 [ERROR] [Worker-2] [host-c] Processing job 309672 of type CleanTempFiles. | StackTrace: at Worker.Process() in /src/worker/Processor.cs:line 312
2025-11-17 11:21:01.256 [INFO] [Worker-6] [host-b] Startup initialized.
2025-11-17 11:21:02.621 [INFO] [Worker-10] [host-c] Released lock for resource res-file.
2025-11-17 11:21:02.830 [WARN] [Worker-13] [host-a] Unexpected exception in handler: IOException: failed to write file
2025-11-17 11:21:03.939 [INFO] [Worker-12] [host-a] Disk space warning: 53% used.
2025-11-17 11:21:05.662 [INFO] [Worker-5] [host-a] Dequeueing 111 messages.
2025-11-17 11:21:08.647 [INFO] [Worker-8] [host-b] Failed to process job 713453: NullReferenceException at Processor.Handle()
2025-11-17 11:21:08.793 [DEBUG] [Worker-5] [host-c] Processing job 930288 of type ArchiveOldData.
2025-11-17 11:21:11.512 [INFO] [Worker-13] [host-c] Released lock for resource res-file.
2025-11-17 11:21:16.726 [WARN] [Worker-11] [host-b] Database connection timeout. Retrying...
2025-11-17 11:21:16.865 [INFO] [Worker-10] [host-a] Shutting down gracefully.
2025-11-17 11:21:17.045 [WARN] [Worker-5] [host-a] Cache cleared for tenant tenantA.
2025-11-17 11:21:21.373 [INFO] [Worker-2] [host-a] Retrying job 624449 (attempt 4).
2025-11-17 11:21:21.397 [INFO] [Worker-5] [host-a] Enqueued job SyncWithRemote with id 694334.
2025-11-17 11:21:23.315 [INFO] [Worker-1] [host-b] Disk space warning: 60% used.
2025-11-17 11:21:23.797 [INFO] [Worker-4] [host-b] Retrying job 483387 (attempt 4).
2025-11-17 11:21:27.377 [DEBUG] [Worker-14] [host-c] External API responded with status 503.
2025-11-17 11:21:30.537 [WARN] [Worker-10] [host-b] Compacting storage segment 40.
2025-11-17 11:21:31.410 [INFO] [Worker-10] [host-b] Unexpected exception in handler: AggregateException: one or more errors occurred
2025-11-17 11:21:32.201 [ERROR] [Worker-5] [host-a] Cache cleared for tenant tenantC.
2025-11-17 11:21:36.713 [ERROR] [Worker-10] [host-a] External API responded with status 500.
2025-11-17 11:21:37.548 [INFO] [Worker-4] [host-c] Job ProcessQueue completed in 45 ms.
2025-11-17 11:21:37.682 [TRACE] [Worker-4] [host-b] Job GenerateReport completed in 3830 ms.
2025-11-17 11:21:39.813 [INFO] [Worker-9] [host-a] Enqueued job ArchiveOldData with id 177535.
2025-11-17 11:21:44.531 [INFO] [Worker-14] [host-b] Shutting down gracefully.
2025-11-17 11:21:45.698 [INFO] [Worker-7] [host-b] Cache cleared for tenant public.
2025-11-17 11:21:46.598 [DEBUG] [Worker-3] [host-a] Job CleanTempFiles completed in 2484 ms.
2025-11-17 11:21:48.920 [INFO] [Worker-16] [host-b] Worker paused due to maintenance window.
2025-11-17 11:21:53.049 [INFO] [Worker-6] [host-a] Retrying job 889386 (attempt 5).
2025-11-17 11:21:56.650 [WARN] [Worker-4] [host-b] Invalid message format. Skipping.
2025-11-17 11:21:57.540 [DEBUG] [Worker-9] [host-c] Database connection timeout. Retrying...
2025-11-17 11:21:57.752 [INFO] [Worker-6] [host-a] Compacting storage segment 44.
2025-11-17 11:22:02.115 [DEBUG] [Worker-11] [host-a] Compacting storage segment 36.
2025-11-17 11:22:06.912 [INFO] [Worker-6] [host-a] Cache cleared for tenant tenantC.
2025-11-17 11:22:08.802 [INFO] [Worker-1] [host-a] Dequeueing 68 messages.
2025-11-17 11:22:09.384 [WARN] [Worker-15] [host-c] Failed to process job 172258: UnauthorizedAccessException: access denied
2025-11-17 11:22:15.321 [INFO] [Worker-2] [host-a] Processing job 767005 of type GenerateReport.
2025-11-17 11:22:15.505 [DEBUG] [Worker-12] [host-c] Shutting down gracefully.
2025-11-17 11:22:15.845 [DEBUG] [Worker-9] [host-b] Invalid message format. Skipping.
2025-11-17 11:22:18.654 [INFO] [Worker-13] [host-b] Retrying job 335633 (attempt 4).
2025-11-17 11:22:20.141 [INFO] [Worker-3] [host-a] Failed to process job 220352: NullReferenceException at Processor.Handle()
2025-11-17 11:22:23.389 [INFO] [Worker-16] [host-b] Loaded configuration: maxWorkers=6; retryLimit=4.
2025-11-17 11:22:25.767 [INFO] [Worker-13] [host-a] Unexpected exception in handler: SqlException: login failed
2025-11-17 11:22:29.442 [ERROR] [Worker-1] [host-c] Disk space warning: 96% used. | StackTrace: at Worker.Process() in /src/worker/Processor.cs:line 250
2025-11-17 11:22:31.425 [INFO] [Worker-15] [host-a] Worker paused due to maintenance window.
2025-11-17 11:22:33.066 [DEBUG] [Worker-7] [host-a] Released lock for resource res-db.
2025-11-17 11:22:36.538 [WARN] [Worker-7] [host-b] Database connection timeout. Retrying...
2025-11-17 11:22:38.032 [WARN] [Worker-12] [host-b] Worker paused due to maintenance window.
2025-11-17 11:22:42.617 [INFO] [Worker-8] [host-c] Starting background task RefreshCache.
2025-11-17 11:22:45.958 [INFO] [Worker-10] [host-a] Job SendNotifications completed in 1031 ms.
2025-11-17 11:22:46.396 [CRITICAL] [Worker-8] [host-b] Starting background task CompactIndices.
2025-11-17 11:22:51.704 [INFO] [Worker-6] [host-c] External API responded with status 403.
2025-11-17 11:22:52.343 [ERROR] [Worker-12] [host-a] Database connection timeout. Retrying... | StackTrace: at Worker.Process() in /src/worker/Processor.cs:line 398
2025-11-17 11:22:52.693 [INFO] [Worker-13] [host-c] Compacting storage segment 8.
2025-11-17 11:22:54.461 [WARN] [Worker-5] [host-b] Startup initialized.
2025-11-17 11:22:54.972 [DEBUG] [Worker-2] [host-a] Completed scheduled cleanup.
2025-11-17 11:22:57.722 [INFO] [Worker-11] [host-a] Startup initialized.
2025-11-17 11:23:00.054 [TRACE] [Worker-1] [host-c] Worker paused due to maintenance window.
2025-11-17 11:23:01.746 [INFO] [Worker-1] [host-a] Checkpoint saved at offset 625377.
2025-11-17 11:23:04.358 [TRACE] [Worker-8] [host-c] Acquired lock for resource res-file.
2025-11-17 11:23:06.194 [INFO] [Worker-10] [host-a] Checkpoint saved at offset 588114.
2025-11-17 11:23:07.661 [WARN] [Worker-10] [host-b] Dequeueing 99 messages.
2025-11-17 11:23:11.932 [INFO] [Worker-7] [host-c] Invalid message format. Skipping.
2025-11-17 11:23:17.337 [INFO] [Worker-8] [host-a] Checkpoint saved at offset 200776.
2025-11-17 11:23:17.592 [INFO] [Worker-3] [host-b] Shutting down gracefully.
2025-11-17 11:23:18.454 [CRITICAL] [Worker-4] [host-a] Disk space warning: 54% used.
2025-11-17 11:23:19.447 [INFO] [Worker-8] [host-a] Startup initialized.
2025-11-17 11:23:20.840 [DEBUG] [Worker-7] [host-c] Completed scheduled cleanup.
2025-11-17 11:23:26.325 [INFO] [Worker-9] [host-a] Enqueued job CleanTempFiles with id 369891.
2025-11-17 11:23:26.327 [INFO] [Worker-14] [host-c] Database connection timeout. Retrying...
2025-11-17 11:23:31.875 [INFO] [Worker-11] [host-c] Acquired lock for resource res-queue.
2025-11-17 11:23:35.451 [INFO] [Worker-12] [host-c] Checkpoint saved at offset 707812.
2025-11-17 11:23:40.823 [INFO] [Worker-10] [host-a] External API responded with status 401.
2025-11-17 11:23:41.194 [TRACE] [Worker-13] [host-c] Starting background task ReportDaily.
2025-11-17 11:23:41.387 [TRACE] [Worker-7] [host-b] Enqueued job ProcessQueue with id 554244.
2025-11-17 11:23:41.716 [INFO] [Worker-4] [host-b] Starting background task CompactIndices.
2025-11-17 11:23:44.726 [ERROR] [Worker-14] [host-c] Processing job 981289 of type GenerateReport.
2025-11-17 11:23:45.136 [INFO] [Worker-14] [host-b] Dequeueing 29 messages.
2025-11-17 11:23:50.070 [ERROR] [Worker-6] [host-c] Completed scheduled cleanup.
2025-11-17 11:23:50.966 [DEBUG] [Worker-3] [host-b] Dequeueing 3 messages.
2025-11-17 11:23:54.628 [WARN] [Worker-10] [host-c] Cache cleared for tenant tenantA.
2025-11-17 11:23:59.496 [INFO] [Worker-5] [host-a] Compacting storage segment 46.
2025-11-17 11:24:00.101 [INFO] [Worker-14] [host-c] Retrying job 573840 (attempt 4).
2025-11-17 11:24:00.613 [INFO] [Worker-16] [host-b] Invalid message format. Skipping.
2025-11-17 11:24:04.257 [INFO] [Worker-9] [host-a] Database connection established.
2025-11-17 11:24:10.045 [INFO] [Worker-7] [host-b] Processing job 827743 of type GenerateReport.
2025-11-17 11:24:11.046 [WARN] [Worker-9] [host-b] Shutting down gracefully.
2025-11-17 11:24:11.686 [ERROR] [Worker-4] [host-a] Disk space warning: 62% used.
2025-11-17 11:24:12.443 [INFO] [Worker-1] [host-b] Unexpected exception in handler: NullReferenceException at Processor.Handle()
2025-11-17 11:24:12.915 [WARN] [Worker-10] [host-a] Unexpected exception in handler: IOException: failed to write file
2025-11-17 11:24:15.887 [INFO] [Worker-5] [host-c] Failed to process job 854844: HttpRequestException: 502 Bad Gateway
2025-11-17 11:24:16.061 [WARN] [Worker-15] [host-a] No jobs in queue. Sleeping.
2025-11-17 11:24:20.323 [INFO] [Worker-14] [host-b] Unexpected exception in handler: AggregateException: one or more errors occurred
2025-11-17 11:24:22.226 [DEBUG] [Worker-10] [host-b] Shutting down gracefully.
2025-11-17 11:24:23.485 [TRACE] [Worker-6] [host-c] Disk space warning: 57% used.
2025-11-17 11:24:23.622 [INFO] [Worker-7] [host-a] Invalid message format. Skipping.
2025-11-17 11:24:26.908 [INFO] [Worker-12] [host-c] Job SendNotifications completed in 273 ms.
2025-11-17 11:24:28.145 [INFO] [Worker-7] [host-a] Failed to process job 651053: HttpRequestException: 502 Bad Gateway
2025-11-17 11:24:32.747 [INFO] [Worker-11] [host-b] Processing job 200067 of type SendNotifications.
2025-11-17 11:24:35.252 [TRACE] [Worker-4] [host-b] Cache cleared for tenant public.
2025-11-17 11:24:36.136 [TRACE] [Worker-7] [host-b] Loaded configuration: maxWorkers=13; retryLimit=4.
2025-11-17 11:24:38.650 [INFO] [Worker-7] [host-b] Cache cleared for tenant tenantA.
2025-11-17 11:24:39.412 [INFO] [Worker-3] [host-b] Released lock for resource res-db.
2025-11-17 11:24:39.637 [INFO] [Worker-4] [host-b] Completed scheduled cleanup.
2025-11-17 11:24:40.674 [INFO] [Worker-3] [host-b] Compacting storage segment 14.
2025-11-17 11:24:42.401 [WARN] [Worker-12] [host-b] Shutting down gracefully.
2025-11-17 11:24:45.431 [WARN] [Worker-2] [host-c] Disk space warning: 49% used.
2025-11-17 11:24:48.127 [INFO] [Worker-14] [host-b] Compacting storage segment 20.
2025-11-17 11:24:53.350 [DEBUG] [Worker-2] [host-c] Database connection timeout. Retrying...
2025-11-17 11:24:54.232 [WARN] [Worker-16] [host-b] Invalid message format. Skipping.
2025-11-17 11:24:55.952 [INFO] [Worker-13] [host-b] Processing job 888418 of type ProcessQueue.
2025-11-17 11:24:56.273 [INFO] [Worker-3] [host-a] No jobs in queue. Sleeping.
2025-11-17 11:25:02.206 [INFO] [Worker-14] [host-a] Startup initialized.
2025-11-17 11:25:05.758 [INFO] [Worker-9] [host-c] Database connection established.
2025-11-17 11:25:10.475 [INFO] [Worker-1] [host-b] Starting background task RefreshCache.
2025-11-17 11:25:16.194 [DEBUG] [Worker-11] [host-b] Database connection timeout. Retrying...
2025-11-17 11:25:16.675 [WARN] [Worker-13] [host-a] Dequeueing 11 messages.
2025-11-17 11:25:18.027 [INFO] [Worker-1] [host-c] Loaded configuration: maxWorkers=10; retryLimit=5.
2025-11-17 11:25:18.303 [INFO] [Worker-11] [host-c] Checkpoint saved at offset 1164222.
2025-11-17 11:25:21.541 [TRACE] [Worker-16] [host-b] Retrying job 271169 (attempt 2).
2025-11-17 11:25:23.234 [INFO] [Worker-10] [host-a] Cache cleared for tenant public.
2025-11-17 11:25:23.527 [DEBUG] [Worker-4] [host-b] Unexpected exception in handler: SqlException: login failed
2025-11-17 11:25:26.218 [ERROR] [Worker-3] [host-b] Database connection established.
2025-11-17 11:25:28.033 [DEBUG] [Worker-3] [host-b] Worker paused due to maintenance window.
2025-11-17 11:25:28.231 [WARN] [Worker-3] [host-c] Worker paused due to maintenance window.
2025-11-17 11:25:28.246 [INFO] [Worker-3] [host-c] Cache cleared for tenant tenantA.
2025-11-17 11:25:28.678 [WARN] [Worker-10] [host-a] Checkpoint saved at offset 608217.
2025-11-17 11:25:29.328 [DEBUG] [Worker-8] [host-c] Compacting storage segment 22.
2025-11-17 11:25:35.032 [INFO] [Worker-13] [host-b] Startup initialized.
2025-11-17 11:25:36.625 [WARN] [Worker-16] [host-c] Acquired lock for resource res-queue.
2025-11-17 11:25:41.179 [WARN] [Worker-7] [host-b] Released lock for resource res-queue.
2025-11-17 11:25:44.399 [INFO] [Worker-7] [host-c] Checkpoint saved at offset 754572.
2025-11-17 11:25:44.739 [DEBUG] [Worker-15] [host-c] Cache cleared for tenant public.
2025-11-17 11:25:46.320 [ERROR] [Worker-16] [host-a] No jobs in queue. Sleeping.
2025-11-17 11:25:50.976 [INFO] [Worker-9] [host-a] Checkpoint saved at offset 1574277.
2025-11-17 11:25:56.067 [DEBUG] [Worker-12] [host-a] Shutting down gracefully.
2025-11-17 11:25:56.466 [ERROR] [Worker-2] [host-c] Failed to process job 186528: AggregateException: one or more errors occurred
2025-11-17 11:25:56.926 [INFO] [Worker-14] [host-b] External API responded with status 201.
2025-11-17 11:25:57.109 [INFO] [Worker-10] [host-b] Disk space warning: 86% used.
2025-11-17 11:25:58.575 [INFO] [Worker-9] [host-a] Cache cleared for tenant tenantB.
2025-11-17 11:25:59.309 [INFO] [Worker-14] [host-c] Cache cleared for tenant public.
2025-11-17 11:26:00.171 [WARN] [Worker-7] [host-b] Acquired lock for resource res-db.
2025-11-17 11:26:04.736 [INFO] [Worker-8] [host-b] Dequeueing 50 messages.
2025-11-17 11:26:06.183 [INFO] [Worker-1] [host-a] Job ProcessQueue completed in 2235 ms.
2025-11-17 11:26:07.366 [DEBUG] [Worker-3] [host-c] Database connection timeout. Retrying...
2025-11-17 11:26:08.991 [INFO] [Worker-2] [host-a] Acquired lock for resource res-db.
2025-11-17 11:26:09.450 [INFO] [Worker-4] [host-c] Enqueued job ArchiveOldData with id 189387.
2025-11-17 11:26:09.507 [INFO] [Worker-11] [host-b] Worker paused due to maintenance window.
2025-11-17 11:26:09.819 [WARN] [Worker-16] [host-a] Compacting storage segment 19.
2025-11-17 11:26:15.191 [INFO] [Worker-7] [host-c] Processing job 379023 of type GenerateReport.
2025-11-17 11:26:20.599 [WARN] [Worker-5] [host-c] Released lock for resource res-db.
2025-11-17 11:26:21.307 [INFO] [Worker-6] [host-a] Completed scheduled cleanup.
2025-11-17 11:26:26.124 [TRACE] [Worker-11] [host-a] Shutting down gracefully.
2025-11-17 11:26:27.286 [TRACE] [Worker-12] [host-c] No jobs in queue. Sleeping.
2025-11-17 11:26:29.153 [INFO] [Worker-1] [host-a] Checkpoint saved at offset 265704.
2025-11-17 11:26:35.131 [WARN] [Worker-8] [host-c] Database connection established.
2025-11-17 11:26:37.264 [INFO] [Worker-5] [host-b] External API responded with status 200.
2025-11-17 11:26:40.199 [INFO] [Worker-15] [host-a] Processing job 794256 of type SyncWithRemote.
2025-11-17 11:26:46.046 [ERROR] [Worker-7] [host-c] External API responded with status 502. | StackTrace: at Worker.Process() in /src/worker/Processor.cs:line 165
2025-11-17 11:26:47.454 [INFO] [Worker-8] [host-b] Invalid message format. Skipping.
2025-11-17 11:26:49.331 [DEBUG] [Worker-4] [host-b] Database connection timeout. Retrying...
2025-11-17 11:26:49.633 [INFO] [Worker-4] [host-c] Heartbeat received.
2025-11-17 11:26:54.772 [WARN] [Worker-4] [host-b] Cache cleared for tenant tenantC.
2025-11-17 11:26:55.564 [INFO] [Worker-9] [host-c] Released lock for resource res-file.
2025-11-17 11:27:00.323 [WARN] [Worker-14] [host-c] Worker paused due to maintenance window.
2025-11-17 11:27:01.188 [INFO] [Worker-10] [host-c] Failed to process job 187725: UnauthorizedAccessException: access denied
2025-11-17 11:27:04.472 [INFO] [Worker-5] [host-b] Database connection established.
2025-11-17 11:27:07.145 [INFO] [Worker-1] [host-a] Acquired lock for resource res-queue.
2025-11-17 11:27:07.500 [INFO] [Worker-9] [host-b] Unexpected exception in handler: NullReferenceException at Processor.Handle()
2025-11-17 11:27:08.948 [ERROR] [Worker-13] [host-a] Starting background task RefreshCache. | StackTrace: at Worker.Process() in /src/worker/Processor.cs:line 303
2025-11-17 11:27:08.977 [INFO] [Worker-1] [host-b] Starting background task ReportDaily.
2025-11-17 11:27:14.630 [INFO] [Worker-10] [host-b] Database connection established.
2025-11-17 11:27:17.284 [INFO] [Worker-10] [host-b] Dequeueing 79 messages.
2025-11-17 11:27:19.258 [INFO] [Worker-5] [host-a] Processing job 373889 of type GenerateReport.
2025-11-17 11:27:20.925 [CRITICAL] [Worker-16] [host-c] Released lock for resource res-db.
2025-11-17 11:27:25.767 [TRACE] [Worker-4] [host-c] Unexpected exception in handler: UnauthorizedAccessException: access denied
2025-11-17 11:27:27.755 [INFO] [Worker-1] [host-c] Database connection established.
2025-11-17 11:27:28.243 [INFO] [Worker-10] [host-b] Worker paused due to maintenance window.
2025-11-17 11:27:29.695 [INFO] [Worker-4] [host-b] Processing job 721496 of type GenerateReport.
2025-11-17 11:27:29.969 [INFO] [Worker-11] [host-b] Database connection established.
2025-11-17 11:27:30.226 [INFO] [Worker-6] [host-c] Job ArchiveOldData completed in 4454 ms.
2025-11-17 11:27:31.719 [DEBUG] [Worker-8] [host-b] Database connection timeout. Retrying...
2025-11-17 11:27:31.948 [WARN] [Worker-5] [host-b] Completed scheduled cleanup.
2025-11-17 11:27:37.873 [CRITICAL] [Worker-7] [host-c] Failed to process job 982753: UnauthorizedAccessException: access denied
2025-11-17 11:27:39.372 [WARN] [Worker-7] [host-a] External API responded with status 201.
2025-11-17 11:27:39.549 [DEBUG] [Worker-1] [host-a] Job SyncWithRemote completed in 3886 ms.
2025-11-17 11:27:40.575 [CRITICAL] [Worker-13] [host-b] Database connection timeout. Retrying...
2025-11-17 11:27:41.247 [DEBUG] [Worker-4] [host-b] Dequeueing 114 messages.
2025-11-17 11:27:42.839 [INFO] [Worker-14] [host-c] Acquired lock for resource res-file.
2025-11-17 11:27:43.085 [INFO] [Worker-5] [host-b] Failed to process job 318244: NullReferenceException at Processor.Handle()
2025-11-17 11:27:48.725 [DEBUG] [Worker-9] [host-a] Startup initialized.
2025-11-17 11:27:49.303 [INFO] [Worker-10] [host-b] Enqueued job CleanTempFiles with id 889603.
2025-11-17 11:27:50.832 [INFO] [Worker-3] [host-b] Cache cleared for tenant tenantA.
2025-11-17 11:27:50.955 [INFO] [Worker-6] [host-c] Unexpected exception in handler: HttpRequestException: 502 Bad Gateway
2025-11-17 11:27:54.667 [INFO] [Worker-2] [host-a] Cache cleared for tenant tenantA.
2025-11-17 11:27:55.867 [DEBUG] [Worker-16] [host-a] External API responded with status 202.
2025-11-17 11:27:56.171 [DEBUG] [Worker-4] [host-a] Failed to process job 376524: NullReferenceException at Processor.Handle()
2025-11-17 11:27:59.278 [INFO] [Worker-16] [host-b] Job CleanTempFiles completed in 3020 ms.
2025-11-17 11:27:59.720 [WARN] [Worker-8] [host-c] Retrying job 249182 (attempt 5).
2025-11-17 11:28:02.806 [ERROR] [Worker-12] [host-b] Disk space warning: 70% used. | StackTrace: at Worker.Process() in /src/worker/Processor.cs:line 267
2025-11-17 11:28:04.627 [DEBUG] [Worker-14] [host-c] Loaded configuration: maxWorkers=11; retryLimit=4.
2025-11-17 11:28:10.182 [INFO] [Worker-3] [host-a] Released lock for resource res-file.
2025-11-17 11:28:12.369 [INFO] [Worker-12] [host-c] Database connection timeout. Retrying...
2025-11-17 11:28:12.566 [INFO] [Worker-5] [host-c] Failed to process job 914095: HttpRequestException: 502 Bad Gateway
2025-11-17 11:28:17.588 [CRITICAL] [Worker-3] [host-a] Compacting storage segment 11.
2025-11-17 11:28:19.845 [INFO] [Worker-8] [host-a] Dequeueing 95 messages.
2025-11-17 11:28:24.246 [INFO] [Worker-13] [host-b] Disk space warning: 96% used.
2025-11-17 11:28:27.341 [INFO] [Worker-15] [host-b] Invalid message format. Skipping.
2025-11-17 11:28:27.820 [CRITICAL] [Worker-16] [host-a] Processing job 263651 of type CleanTempFiles.
2025-11-17 11:28:29.053 [DEBUG] [Worker-3] [host-c] Dequeueing 48 messages.
2025-11-17 11:28:30.946 [DEBUG] [Worker-7] [host-b] Heartbeat received.
2025-11-17 11:28:32.401 [INFO] [Worker-2] [host-c] Invalid message format. Skipping.
2025-11-17 11:28:33.916 [INFO] [Worker-11] [host-a] Processing job 802220 of type ProcessQueue.
2025-11-17 11:28:36.646 [DEBUG] [Worker-11] [host-c] Checkpoint saved at offset 1364214.
2025-11-17 11:28:37.281 [DEBUG] [Worker-13] [host-b] Retrying job 803369 (attempt 4).
2025-11-17 11:28:38.208 [ERROR] [Worker-10] [host-c] Dequeueing 3 messages.
2025-11-17 11:28:43.677 [DEBUG] [Worker-16] [host-b] Checkpoint saved at offset 150270.
2025-11-17 11:28:43.686 [WARN] [Worker-3] [host-b] Dequeueing 50 messages.
2025-11-17 11:28:47.406 [INFO] [Worker-5] [host-b] No jobs in queue. Sleeping.
2025-11-17 11:28:48.444 [DEBUG] [Worker-9] [host-a] Failed to process job 175562: AggregateException: one or more errors occurred
2025-11-17 11:28:49.545 [INFO] [Worker-3] [host-b] Enqueued job SyncWithRemote with id 349874.
2025-11-17 11:28:53.312 [WARN] [Worker-16] [host-b] External API responded with status 200.
2025-11-17 11:28:53.408 [INFO] [Worker-15] [host-a] Released lock for resource res-db.
2025-11-17 11:28:54.011 [INFO] [Worker-13] [host-c] Disk space warning: 53% used.
2025-11-17 11:28:56.642 [WARN] [Worker-10] [host-b] Dequeueing 52 messages.
2025-11-17 11:29:01.287 [INFO] [Worker-6] [host-c] Processing job 907655 of type SendNotifications.
2025-11-17 11:29:04.677 [INFO] [Worker-8] [host-a] Failed to process job 917087: TimeoutError: operation timed out
2025-11-17 11:29:09.882 [CRITICAL] [Worker-1] [host-b] Failed to process job 135429: IOException: failed to write file
2025-11-17 11:29:10.836 [INFO] [Worker-11] [host-c] Job SyncWithRemote completed in 3417 ms.
2025-11-17 11:29:16.460 [WARN] [Worker-2] [host-a] Database connection established.
2025-11-17 11:29:21.199 [TRACE] [Worker-13] [host-b] Startup initialized.
2025-11-17 11:29:24.674 [INFO] [Worker-13] [host-c] Database connection established.
2025-11-17 11:29:27.880 [INFO] [Worker-2] [host-c] Job ProcessQueue completed in 2458 ms.
2025-11-17 11:29:30.854 [INFO] [Worker-10] [host-b] Dequeueing 15 messages.
2025-11-17 11:29:32.970 [CRITICAL] [Worker-1] [host-a] Loaded configuration: maxWorkers=5; retryLimit=5.
2025-11-17 11:29:34.509 [ERROR] [Worker-14] [host-b] No jobs in queue. Sleeping.
2025-11-17 11:29:35.614 [DEBUG] [Worker-12] [host-a] Released lock for resource res-file.
2025-11-17 11:29:36.826 [INFO] [Worker-13] [host-b] Unexpected exception in handler: NullReferenceException at Processor.Handle()
2025-11-17 11:29:40.650 [WARN] [Worker-16] [host-b] Processing job 457810 of type ProcessQueue.
2025-11-17 11:29:41.489 [INFO] [Worker-12] [host-b] Heartbeat received.
2025-11-17 11:29:46.186 [INFO] [Worker-11] [host-c] Unexpected exception in handler: IOException: failed to write file
2025-11-17 11:29:48.201 [DEBUG] [Worker-9] [host-a] No jobs in queue. Sleeping.
2025-11-17 11:29:49.121 [DEBUG] [Worker-8] [host-a] Failed to process job 436374: TimeoutError: operation timed out
2025-11-17 11:29:54.460 [INFO] [Worker-9] [host-a] Processing job 651760 of type ArchiveOldData.
2025-11-17 11:29:56.031 [INFO] [Worker-7] [host-b] Released lock for resource res-queue.
2025-11-17 11:29:56.607 [DEBUG] [Worker-3] [host-c] Database connection timeout. Retrying...
2025-11-17 11:30:02.339 [DEBUG] [Worker-2] [host-a] Heartbeat received.
2025-11-17 11:30:02.583 [ERROR] [Worker-5] [host-c] Retrying job 498594 (attempt 4).
2025-11-17 11:30:02.968 [INFO] [Worker-6] [host-c] Unexpected exception in handler: HttpRequestException: 502 Bad Gateway
2025-11-17 11:30:05.392 [ERROR] [Worker-8] [host-a] Dequeueing 2 messages. | StackTrace: at Worker.Process() in /src/worker/Processor.cs:line 167
2025-11-17 11:30:05.542 [DEBUG] [Worker-15] [host-c] Shutting down gracefully.
2025-11-17 11:30:06.241 [INFO] [Worker-8] [host-c] Processing job 793831 of type SendNotifications.
2025-11-17 11:30:06.950 [WARN] [Worker-16] [host-a] Enqueued job ProcessQueue with id 898471.
2025-11-17 11:30:09.025 [INFO] [Worker-8] [host-b] Heartbeat received.
2025-11-17 11:30:09.807 [INFO] [Worker-4] [host-a] External API responded with status 200.
2025-11-17 11:30:14.556 [ERROR] [Worker-10] [host-a] Acquired lock for resource res-db.
2025-11-17 11:30:19.955 [WARN] [Worker-12] [host-a] Acquired lock for resource res-file.
2025-11-17 11:30:24.777 [INFO] [Worker-4] [host-b] Startup initialized.
2025-11-17 11:30:29.569 [WARN] [Worker-16] [host-c] No jobs in queue. Sleeping.
2025-11-17 11:30:34.188 [TRACE] [Worker-13] [host-b] Enqueued job ProcessQueue with id 732676.
2025-11-17 11:30:37.149 [INFO] [Worker-5] [host-b] Startup initialized.
2025-11-17 11:30:38.591 [INFO] [Worker-10] [host-a] Database connection timeout. Retrying...
2025-11-17 11:30:43.442 [INFO] [Worker-14] [host-a] Compacting storage segment 44.
2025-11-17 11:30:43.820 [DEBUG] [Worker-13] [host-c] Invalid message format. Skipping.
2025-11-17 11:30:49.430 [INFO] [Worker-16] [host-b] Compacting storage segment 18.
2025-11-17 11:30:50.255 [INFO] [Worker-9] [host-b] Failed to process job 389981: IOException: failed to write file
2025-11-17 11:30:50.404 [INFO] [Worker-3] [host-c] Shutting down gracefully.
2025-11-17 11:30:52.091 [INFO] [Worker-13] [host-c] Checkpoint saved at offset 354023.
2025-11-17 11:30:52.098 [INFO] [Worker-2] [host-b] Unexpected exception in handler: TimeoutError: operation timed out
2025-11-17 11:30:56.318 [INFO] [Worker-5] [host-c] Failed to process job 243328: HttpRequestException: 502 Bad Gateway
2025-11-17 11:30:57.900 [CRITICAL] [Worker-3] [host-b] Heartbeat received.
2025-11-17 11:31:00.469 [INFO] [Worker-6] [host-a] Acquired lock for resource res-file.
2025-11-17 11:31:05.805 [INFO] [Worker-9] [host-c] Database connection established.
2025-11-17 11:31:09.309 [INFO] [Worker-9] [host-b] Database connection established.
2025-11-17 11:31:09.539 [INFO] [Worker-13] [host-c] Completed scheduled cleanup.
2025-11-17 11:31:11.311 [INFO] [Worker-5] [host-b] Database connection timeout. Retrying...
2025-11-17 11:31:14.228 [WARN] [Worker-13] [host-a] Checkpoint saved at offset 1228690.
2025-11-17 11:31:15.304 [INFO] [Worker-1] [host-c] Unexpected exception in handler: TimeoutError: operation timed out
2025-11-17 11:31:16.101 [ERROR] [Worker-9] [host-b] Compacting storage segment 10.
2025-11-17 11:31:16.305 [INFO] [Worker-12] [host-b] Failed to process job 479477: UnauthorizedAccessException: access denied
2025-11-17 11:31:21.222 [DEBUG] [Worker-11] [host-c] Invalid message format. Skipping.
2025-11-17 11:31:21.572 [TRACE] [Worker-5] [host-c] Processing job 417027 of type CleanTempFiles.
2025-11-17 11:31:23.296 [WARN] [Worker-15] [host-c] Enqueued job SendNotifications with id 788419.
2025-11-17 11:31:26.753 [WARN] [Worker-2] [host-b] Retrying job 456982 (attempt 2).
2025-11-17 11:31:27.638 [INFO] [Worker-1] [host-b] Unexpected exception in handler: SqlException: login failed
2025-11-17 11:31:27.822 [ERROR] [Worker-15] [host-a] Database connection timeout. Retrying...
2025-11-17 11:31:32.289 [WARN] [Worker-4] [host-b] Disk space warning: 92% used.
2025-11-17 11:31:34.921 [INFO] [Worker-1] [host-c] Processing job 157672 of type CleanTempFiles.
2025-11-17 11:31:36.340 [WARN] [Worker-8] [host-b] Acquired lock for resource res-db.
2025-11-17 11:31:40.093 [INFO] [Worker-3] [host-c] Starting background task ReportDaily.
2025-11-17 11:31:45.794 [INFO] [Worker-12] [host-c] Invalid message format. Skipping.
2025-11-17 11:31:45.854 [INFO] [Worker-3] [host-a] Retrying job 503307 (attempt 3).
2025-11-17 11:31:49.922 [DEBUG] [Worker-13] [host-c] Invalid message format. Skipping.
2025-11-17 11:31:51.031 [INFO] [Worker-7] [host-c] Compacting storage segment 19.
2025-11-17 11:31:52.260 [INFO] [Worker-2] [host-a] Completed scheduled cleanup.
2025-11-17 11:31:54.023 [ERROR] [Worker-5] [host-c] Compacting storage segment 2.
2025-11-17 11:31:56.460 [INFO] [Worker-16] [host-b] Heartbeat received.
2025-11-17 11:32:00.225 [ERROR] [Worker-10] [host-c] Worker paused due to maintenance window.
2025-11-17 11:32:06.043 [WARN] [Worker-11] [host-a] Loaded configuration: maxWorkers=9; retryLimit=4.
2025-11-17 11:32:09.900 [INFO] [Worker-5] [host-a] Unexpected exception in handler: SqlException: login failed
2025-11-17 11:32:15.554 [INFO] [Worker-2] [host-a] Completed scheduled cleanup.
2025-11-17 11:32:17.047 [CRITICAL] [Worker-15] [host-a] Starting background task ReportDaily.
2025-11-17 11:32:17.442 [ERROR] [Worker-15] [host-c] Processing job 274175 of type SyncWithRemote.
2025-11-17 11:32:19.255 [INFO] [Worker-1] [host-c] Shutting down gracefully.
2025-11-17 11:32:20.314 [ERROR] [Worker-11] [host-a] Shutting down gracefully.
2025-11-17 11:32:24.440 [TRACE] [Worker-9] [host-a] Heartbeat received.
2025-11-17 11:32:30.282 [DEBUG] [Worker-6] [host-b] Disk space warning: 43% used.
2025-11-17 11:32:31.267 [ERROR] [Worker-7] [host-a] Job ArchiveOldData completed in 1836 ms. | StackTrace: at Worker.Process() in /src/worker/Processor.cs:line 317
2025-11-17 11:32:32.145 [INFO] [Worker-5] [host-b] Worker paused due to maintenance window.
2025-11-17 11:32:36.006 [INFO] [Worker-4] [host-a] Failed to process job 644243: NullReferenceException at Processor.Handle()
2025-11-17 11:32:36.227 [INFO] [Worker-2] [host-b] Disk space warning: 45% used.
2025-11-17 11:32:41.683 [INFO] [Worker-4] [host-b] Heartbeat received.
2025-11-17 11:32:42.137 [DEBUG] [Worker-8] [host-a] Heartbeat received.
2025-11-17 11:32:44.808 [INFO] [Worker-1] [host-a] Cache cleared for tenant tenantA.
2025-11-17 11:32:49.866 [CRITICAL] [Worker-1] [host-a] Completed scheduled cleanup. | StackTrace: at Worker.Process() in /src/worker/Processor.cs:line 207
2025-11-17 11:32:53.559 [INFO] [Worker-7] [host-c] Database connection timeout. Retrying...
2025-11-17 11:32:54.162 [INFO] [Worker-13] [host-a] Enqueued job CleanTempFiles with id 177349.
2025-11-17 11:32:54.178 [INFO] [Worker-15] [host-a] Startup initialized.
2025-11-17 11:32:55.135 [TRACE] [Worker-10] [host-c] Starting background task RefreshCache.
2025-11-17 11:32:55.592 [WARN] [Worker-2] [host-a] Loaded configuration: maxWorkers=2; retryLimit=3.
2025-11-17 11:32:56.239 [INFO] [Worker-15] [host-c] Failed to process job 310762: HttpRequestException: 502 Bad Gateway
2025-11-17 11:32:56.379 [ERROR] [Worker-6] [host-b] Enqueued job ProcessQueue with id 886059.
2025-11-17 11:32:57.528 [DEBUG] [Worker-5] [host-b] Retrying job 749140 (attempt 3).
2025-11-17 11:32:59.620 [INFO] [Worker-7] [host-c] Dequeueing 34 messages.
2025-11-17 11:33:04.802 [DEBUG] [Worker-10] [host-a] Job SendNotifications completed in 3824 ms.
2025-11-17 11:33:10.387 [DEBUG] [Worker-2] [host-b] Disk space warning: 79% used.
2025-11-17 11:33:12.116 [INFO] [Worker-16] [host-b] Checkpoint saved at offset 800813.
2025-11-17 11:33:12.634 [INFO] [Worker-4] [host-a] Job ProcessQueue completed in 1166 ms.
2025-11-17 11:33:14.541 [INFO] [Worker-2] [host-b] Starting background task RefreshCache.
2025-11-17 11:33:14.698 [ERROR] [Worker-7] [host-b] Disk space warning: 64% used.
2025-11-17 11:33:18.694 [INFO] [Worker-12] [host-b] Enqueued job CleanTempFiles with id 332872.
2025-11-17 11:33:24.373 [ERROR] [Worker-7] [host-c] No jobs in queue. Sleeping.
2025-11-17 11:33:30.218 [INFO] [Worker-9] [host-c] Database connection timeout. Retrying...
2025-11-17 11:33:31.581 [WARN] [Worker-14] [host-a] Failed to process job 897490: TimeoutError: operation timed out
2025-11-17 11:33:32.938 [ERROR] [Worker-11] [host-c] Released lock for resource res-db. | StackTrace: at Worker.Process() in /src/worker/Processor.cs:line 332
2025-11-17 11:33:34.272 [INFO] [Worker-8] [host-c] Invalid message format. Skipping.
2025-11-17 11:33:35.812 [INFO] [Worker-3] [host-b] Heartbeat received.
2025-11-17 11:33:36.819 [INFO] [Worker-10] [host-a] Processing job 188316 of type ProcessQueue.
2025-11-17 11:33:42.138 [INFO] [Worker-2] [host-b] Checkpoint saved at offset 497434.
2025-11-17 11:33:45.808 [INFO] [Worker-6] [host-a] Cache cleared for tenant tenantB.
2025-11-17 11:33:50.728 [INFO] [Worker-11] [host-c] Heartbeat received.
2025-11-17 11:33:53.455 [INFO] [Worker-3] [host-a] Database connection timeout. Retrying...
2025-11-17 11:33:57.235 [DEBUG] [Worker-4] [host-b] Unexpected exception in handler: AggregateException: one or more errors occurred
2025-11-17 11:33:59.267 [INFO] [Worker-1] [host-c] Failed to process job 364432: UnauthorizedAccessException: access denied
2025-11-17 11:34:04.531 [INFO] [Worker-2] [host-b] Compacting storage segment 5.
2025-11-17 11:34:09.283 [WARN] [Worker-16] [host-b] No jobs in queue. Sleeping.
2025-11-17 11:34:12.906 [INFO] [Worker-4] [host-a] Unexpected exception in handler: SqlException: login failed
2025-11-17 11:34:16.605 [CRITICAL] [Worker-9] [host-b] Enqueued job SyncWithRemote with id 983984.
2025-11-17 11:34:18.434 [ERROR] [Worker-7] [host-a] Job CleanTempFiles completed in 775 ms.
2025-11-17 11:34:19.275 [INFO] [Worker-5] [host-c] Completed scheduled cleanup.
2025-11-17 11:34:22.029 [INFO] [Worker-8] [host-a] Disk space warning: 92% used.
2025-11-17 11:34:23.448 [DEBUG] [Worker-4] [host-c] Shutting down gracefully.
2025-11-17 11:34:23.469 [INFO] [Worker-10] [host-c] Invalid message format. Skipping.
2025-11-17 11:34:24.182 [INFO] [Worker-15] [host-b] Retrying job 801321 (attempt 3).
2025-11-17 11:34:28.638 [ERROR] [Worker-9] [host-c] Shutting down gracefully. | StackTrace: at Worker.Process() in /src/worker/Processor.cs:line 309
2025-11-17 11:34:30.898 [INFO] [Worker-14] [host-b] Disk space warning: 47% used.
2025-11-17 11:34:31.553 [ERROR] [Worker-2] [host-a] Database connection established.
2025-11-17 11:34:32.659 [ERROR] [Worker-5] [host-c] Shutting down gracefully.
2025-11-17 11:34:36.414 [INFO] [Worker-5] [host-a] Processing job 819116 of type CleanTempFiles.
2025-11-17 11:34:40.789 [INFO] [Worker-16] [host-a] Unexpected exception in handler: IOException: failed to write file
2025-11-17 11:34:40.960 [INFO] [Worker-12] [host-c] Shutting down gracefully.
2025-11-17 11:34:41.667 [WARN] [Worker-16] [host-c] Completed scheduled cleanup.
2025-11-17 11:34:43.460 [INFO] [Worker-11] [host-c] No jobs in queue. Sleeping.
2025-11-17 11:34:45.846 [INFO] [Worker-14] [host-b] Cache cleared for tenant public.
2025-11-17 11:34:46.839 [INFO] [Worker-1] [host-b] Job SendNotifications completed in 765 ms.
2025-11-17 11:34:46.901 [WARN] [Worker-4] [host-a] Completed scheduled cleanup.
2025-11-17 11:34:47.688 [INFO] [Worker-3] [host-a] No jobs in queue. Sleeping.
2025-11-17 11:34:50.082 [INFO] [Worker-12] [host-c] Database connection timeout. Retrying...
2025-11-17 11:34:50.849 [INFO] [Worker-9] [host-b] Completed scheduled cleanup.
2025-11-17 11:34:52.735 [WARN] [Worker-3] [host-b] Database connection timeout. Retrying...
2025-11-17 11:34:53.436 [INFO] [Worker-8] [host-b] No jobs in queue. Sleeping.
2025-11-17 11:34:54.669 [INFO] [Worker-6] [host-a] Checkpoint saved at offset 667771.
2025-11-17 11:34:54.930 [INFO] [Worker-15] [host-a] Invalid message format. Skipping.
2025-11-17 11:35:00.430 [DEBUG] [Worker-6] [host-c] Unexpected exception in handler: HttpRequestException: 502 Bad Gateway
2025-11-17 11:35:01.333 [WARN] [Worker-5] [host-c] No jobs in queue. Sleeping.
2025-11-17 11:35:03.103 [INFO] [Worker-5] [host-a] Heartbeat received.
2025-11-17 11:35:03.184 [INFO] [Worker-13] [host-c] Checkpoint saved at offset 355737.
2025-11-17 11:35:08.060 [INFO] [Worker-9] [host-a] Database connection timeout. Retrying...
2025-11-17 11:35:09.505 [INFO] [Worker-7] [host-a] Dequeueing 93 messages.
2025-11-17 11:35:15.223 [ERROR] [Worker-3] [host-a] Completed scheduled cleanup.
2025-11-17 11:35:16.170 [INFO] [Worker-10] [host-c] Startup initialized.
2025-11-17 11:35:17.681 [DEBUG] [Worker-13] [host-c] Compacting storage segment 49.
2025-11-17 11:35:18.291 [INFO] [Worker-13] [host-c] Disk space warning: 84% used.
2025-11-17 11:35:21.471 [INFO] [Worker-16] [host-c] Shutting down gracefully.
2025-11-17 11:35:24.204 [WARN] [Worker-3] [host-c] Disk space warning: 79% used.
2025-11-17 11:35:24.859 [INFO] [Worker-15] [host-b] Job ArchiveOldData completed in 855 ms.
2025-11-17 11:35:25.777 [INFO] [Worker-6] [host-b] Disk space warning: 95% used.
2025-11-17 11:35:25.905 [ERROR] [Worker-5] [host-c] Worker paused due to maintenance window. | StackTrace: at Worker.Process() in /src/worker/Processor.cs:line 229
2025-11-17 11:35:30.896 [WARN] [Worker-12] [host-a] Startup initialized.
2025-11-17 11:35:34.197 [WARN] [Worker-15] [host-b] Database connection timeout. Retrying...
2025-11-17 11:35:34.896 [DEBUG] [Worker-2] [host-c] No jobs in queue. Sleeping.
2025-11-17 11:35:35.689 [INFO] [Worker-15] [host-b] Worker paused due to maintenance window.
2025-11-17 11:35:36.256 [INFO] [Worker-11] [host-a] Processing job 187648 of type ArchiveOldData.
2025-11-17 11:35:36.517 [DEBUG] [Worker-4] [host-a] Disk space warning: 43% used.
2025-11-17 11:35:41.215 [DEBUG] [Worker-3] [host-b] Checkpoint saved at offset 1923587.
2025-11-17 11:35:41.402 [WARN] [Worker-8] [host-b] Loaded configuration: maxWorkers=5; retryLimit=1.
2025-11-17 11:35:41.830 [INFO] [Worker-6] [host-c] Worker paused due to maintenance window.
2025-11-17 11:35:47.326 [INFO] [Worker-16] [host-b] Worker paused due to maintenance window.
2025-11-17 11:35:47.999 [DEBUG] [Worker-16] [host-a] Processing job 372324 of type CleanTempFiles.
2025-11-17 11:35:53.421 [WARN] [Worker-14] [host-a] Database connection established.
2025-11-17 11:35:58.244 [INFO] [Worker-11] [host-b] Worker paused due to maintenance window.
2025-11-17 11:36:01.005 [WARN] [Worker-15] [host-c] Checkpoint saved at offset 958377.
2025-11-17 11:36:02.344 [WARN] [Worker-8] [host-c] Checkpoint saved at offset 1778795.
2025-11-17 11:36:03.792 [INFO] [Worker-1] [host-b] Enqueued job ProcessQueue with id 820946.
2025-11-17 11:36:06.405 [WARN] [Worker-12] [host-a] Job ArchiveOldData completed in 2328 ms.
2025-11-17 11:36:08.381 [INFO] [Worker-16] [host-a] Acquired lock for resource res-db.
2025-11-17 11:36:10.389 [ERROR] [Worker-1] [host-c] Starting background task CompactIndices.
2025-11-17 11:36:11.994 [INFO] [Worker-16] [host-a] Invalid message format. Skipping.
2025-11-17 11:36:12.131 [ERROR] [Worker-13] [host-a] Database connection timeout. Retrying... | StackTrace: at Worker.Process() in /src/worker/Processor.cs:line 225
2025-11-17 11:36:13.501 [INFO] [Worker-13] [host-a] Disk space warning: 42% used.
2025-11-17 11:36:13.679 [ERROR] [Worker-8] [host-a] Worker paused due to maintenance window.
2025-11-17 11:36:14.052 [INFO] [Worker-9] [host-c] Dequeueing 46 messages.
2025-11-17 11:36:19.564 [INFO] [Worker-2] [host-a] Unexpected exception in handler: UnauthorizedAccessException: access denied
2025-11-17 11:36:23.568 [INFO] [Worker-3] [host-c] Dequeueing 56 messages.
2025-11-17 11:36:24.761 [CRITICAL] [Worker-14] [host-c] Loaded configuration: maxWorkers=10; retryLimit=2.
2025-11-17 11:36:26.713 [DEBUG] [Worker-4] [host-a] External API responded with status 200.
2025-11-17 11:36:30.251 [TRACE] [Worker-6] [host-b] Shutting down gracefully.
2025-11-17 11:36:31.964 [INFO] [Worker-13] [host-c] Worker paused due to maintenance window.
2025-11-17 11:36:32.670 [INFO] [Worker-1] [host-b] Released lock for resource res-file.
2025-11-17 11:36:37.984 [WARN] [Worker-15] [host-a] Database connection established.
2025-11-17 11:36:38.476 [INFO] [Worker-11] [host-c] Enqueued job ArchiveOldData with id 220480.
2025-11-17 11:36:39.152 [ERROR] [Worker-2] [host-b] Worker paused due to maintenance window. | StackTrace: at Worker.Process() in /src/worker/Processor.cs:line 362
2025-11-17 11:36:39.953 [WARN] [Worker-12] [host-c] Worker paused due to maintenance window.
2025-11-17 11:36:42.601 [INFO] [Worker-10] [host-c] Enqueued job SendNotifications with id 341690.
2025-11-17 11:36:43.030 [WARN] [Worker-10] [host-b] Disk space warning: 59% used.
2025-11-17 11:36:46.468 [INFO] [Worker-14] [host-a] Checkpoint saved at offset 869896.
2025-11-17 11:36:51.961 [INFO] [Worker-12] [host-c] Checkpoint saved at offset 74538.
2025-11-17 11:36:56.516 [ERROR] [Worker-1] [host-c] Starting background task ReportDaily. | StackTrace: at Worker.Process() in /src/worker/Processor.cs:line 229
2025-11-17 11:36:57.300 [ERROR] [Worker-5] [host-b] Starting background task ReportDaily.
2025-11-17 11:37:01.475 [DEBUG] [Worker-11] [host-b] Database connection timeout. Retrying...
2025-11-17 11:37:04.913 [WARN] [Worker-2] [host-b] Job CleanTempFiles completed in 4091 ms.
2025-11-17 11:37:06.765 [INFO] [Worker-15] [host-a] Invalid message format. Skipping.
2025-11-17 11:37:07.784 [INFO] [Worker-13] [host-c] Dequeueing 39 messages.
2025-11-17 11:37:12.322 [INFO] [Worker-10] [host-c] Cache cleared for tenant tenantB.
2025-11-17 11:37:13.419 [INFO] [Worker-3] [host-a] Heartbeat received.
2025-11-17 11:37:16.888 [DEBUG] [Worker-10] [host-a] Retrying job 268079 (attempt 3).
2025-11-17 11:37:17.989 [INFO] [Worker-7] [host-a] Failed to process job 248983: IOException: failed to write file
2025-11-17 11:37:21.497 [INFO] [Worker-12] [host-a] Checkpoint saved at offset 1478742.
2025-11-17 11:37:25.917 [ERROR] [Worker-15] [host-a] Job ProcessQueue completed in 4198 ms.
2025-11-17 11:37:28.865 [ERROR] [Worker-8] [host-a] Failed to process job 673700: AggregateException: one or more errors occurred | StackTrace: at Worker.Process() in /src/worker/Processor.cs:line 258
2025-11-17 11:37:29.304 [INFO] [Worker-7] [host-a] Processing job 190049 of type ProcessQueue.
2025-11-17 11:37:32.581 [INFO] [Worker-12] [host-c] Disk space warning: 93% used.
2025-11-17 11:37:35.087 [WARN] [Worker-14] [host-c] Cache cleared for tenant public.
2025-11-17 11:37:36.401 [DEBUG] [Worker-6] [host-a] Startup initialized.
2025-11-17 11:37:38.384 [WARN] [Worker-2] [host-b] Completed scheduled cleanup.
2025-11-17 11:37:38.567 [INFO] [Worker-10] [host-a] Disk space warning: 65% used.
2025-11-17 11:37:38.652 [INFO] [Worker-1] [host-c] Dequeueing 109 messages.
2025-11-17 11:37:43.307 [CRITICAL] [Worker-15] [host-a] External API responded with status 401. | StackTrace: at Worker.Process() in /src/worker/Processor.cs:line 320
2025-11-17 11:37:43.996 [DEBUG] [Worker-5] [host-c] Invalid message format. Skipping.
2025-11-17 11:37:49.079 [DEBUG] [Worker-15] [host-c] Database connection timeout. Retrying...
2025-11-17 11:37:50.584 [INFO] [Worker-7] [host-c] Unexpected exception in handler: TimeoutError: operation timed out
2025-11-17 11:37:53.597 [WARN] [Worker-10] [host-c] Unexpected exception in handler: HttpRequestException: 502 Bad Gateway
2025-11-17 11:37:55.821 [DEBUG] [Worker-14] [host-b] Worker paused due to maintenance window.
2025-11-17 11:38:00.953 [INFO] [Worker-12] [host-c] Checkpoint saved at offset 1862827.
2025-11-17 11:38:02.187 [INFO] [Worker-12] [host-c] No jobs in queue. Sleeping.
2025-11-17 11:38:03.825 [INFO] [Worker-12] [host-a] Cache cleared for tenant tenantA.
2025-11-17 11:38:04.021 [INFO] [Worker-6] [host-c] Processing job 443446 of type ProcessQueue.
2025-11-17 11:38:05.651 [ERROR] [Worker-1] [host-b] Checkpoint saved at offset 1436247.
2025-11-17 11:38:06.546 [ERROR] [Worker-4] [host-c] Cache cleared for tenant public.
2025-11-17 11:38:12.000 [INFO] [Worker-1] [host-a] Loaded configuration: maxWorkers=16; retryLimit=5.
2025-11-17 11:38:17.479 [WARN] [Worker-9] [host-c] Database connection timeout. Retrying...
2025-11-17 11:38:21.650 [INFO] [Worker-6] [host-a] Compacting storage segment 2.
2025-11-17 11:38:24.000 [INFO] [Worker-2] [host-b] Dequeueing 73 messages.
2025-11-17 11:38:24.861 [WARN] [Worker-1] [host-b] Checkpoint saved at offset 698249.
2025-11-17 11:38:29.290 [DEBUG] [Worker-10] [host-b] Database connection established.
2025-11-17 11:38:34.476 [ERROR] [Worker-13] [host-b] Shutting down gracefully. | StackTrace: at Worker.Process() in /src/worker/Processor.cs:line 351
2025-11-17 11:38:35.855 [WARN] [Worker-7] [host-a] Worker paused due to maintenance window.
2025-11-17 11:38:36.635 [ERROR] [Worker-9] [host-c] No jobs in queue. Sleeping. | StackTrace: at Worker.Process() in /src/worker/Processor.cs:line 364
2025-11-17 11:38:39.873 [INFO] [Worker-11] [host-a] Starting background task ReportDaily.
2025-11-17 11:38:39.912 [INFO] [Worker-12] [host-c] Invalid message format. Skipping.
2025-11-17 11:38:41.283 [INFO] [Worker-15] [host-b] Checkpoint saved at offset 58965.
2025-11-17 11:38:42.095 [TRACE] [Worker-9] [host-a] Dequeueing 30 messages.
2025-11-17 11:38:47.219 [WARN] [Worker-8] [host-b] Disk space warning: 46% used.
2025-11-17 11:38:48.770 [INFO] [Worker-3] [host-b] Disk space warning: 90% used.
2025-11-17 11:38:49.325 [INFO] [Worker-13] [host-a] Acquired lock for resource res-db.
2025-11-17 11:38:49.809 [WARN] [Worker-16] [host-b] Checkpoint saved at offset 51953.
2025-11-17 11:38:51.939 [INFO] [Worker-15] [host-a] Disk space warning: 84% used.
2025-11-17 11:38:53.335 [CRITICAL] [Worker-15] [host-c] Processing job 970202 of type GenerateReport. | StackTrace: at Worker.Process() in /src/worker/Processor.cs:line 286
2025-11-17 11:38:57.420 [DEBUG] [Worker-7] [host-a] Unexpected exception in handler: AggregateException: one or more errors occurred
2025-11-17 11:39:03.236 [WARN] [Worker-7] [host-c] Worker paused due to maintenance window.
2025-11-17 11:39:04.976 [INFO] [Worker-1] [host-b] Dequeueing 74 messages.
2025-11-17 11:39:09.235 [DEBUG] [Worker-12] [host-a] Released lock for resource res-file.
2025-11-17 11:39:09.958 [INFO] [Worker-3] [host-a] Retrying job 458106 (attempt 5).
2025-11-17 11:39:14.290 [INFO] [Worker-10] [host-a] Disk space warning: 83% used.
2025-11-17 11:39:15.758 [INFO] [Worker-8] [host-a] Invalid message format. Skipping.
2025-11-17 11:39:21.401 [WARN] [Worker-9] [host-a] Released lock for resource res-queue.
2025-11-17 11:39:21.977 [INFO] [Worker-9] [host-c] External API responded with status 200.
2025-11-17 11:39:26.132 [INFO] [Worker-13] [host-c] Shutting down gracefully.
2025-11-17 11:39:29.781 [INFO] [Worker-13] [host-a] Loaded configuration: maxWorkers=16; retryLimit=3.
2025-11-17 11:39:35.312 [INFO] [Worker-14] [host-a] Compacting storage segment 38.
2025-11-17 11:39:38.936 [ERROR] [Worker-13] [host-c] Startup initialized.
2025-11-17 11:39:43.232 [INFO] [Worker-3] [host-c] Database connection established.
2025-11-17 11:39:43.639 [WARN] [Worker-11] [host-c] Acquired lock for resource res-db.
2025-11-17 11:39:48.982 [WARN] [Worker-8] [host-c] Heartbeat received.
2025-11-17 11:39:50.383 [ERROR] [Worker-6] [host-b] Starting background task RefreshCache.
2025-11-17 11:39:50.932 [INFO] [Worker-14] [host-a] Acquired lock for resource res-queue.
2025-11-17 11:39:52.854 [TRACE] [Worker-8] [host-b] Processing job 186892 of type SendNotifications.
2025-11-17 11:39:58.728 [INFO] [Worker-4] [host-c] No jobs in queue. Sleeping.
2025-11-17 11:40:03.678 [ERROR] [Worker-12] [host-c] Shutting down gracefully.
2025-11-17 11:40:05.609 [TRACE] [Worker-11] [host-c] Dequeueing 12 messages.
2025-11-17 11:40:11.029 [WARN] [Worker-16] [host-c] Dequeueing 17 messages.
2025-11-17 11:40:13.484 [INFO] [Worker-3] [host-a] Startup initialized.
2025-11-17 11:40:15.002 [INFO] [Worker-11] [host-c] Shutting down gracefully.
2025-11-17 11:40:19.494 [INFO] [Worker-1] [host-b] Invalid message format. Skipping.
2025-11-17 11:40:20.686 [INFO] [Worker-1] [host-c] Completed scheduled cleanup.
2025-11-17 11:40:21.940 [INFO] [Worker-7] [host-c] Database connection established.
2025-11-17 11:40:25.361 [INFO] [Worker-16] [host-a] Shutting down gracefully.
2025-11-17 11:40:25.744 [INFO] [Worker-12] [host-b] Released lock for resource res-db.
2025-11-17 11:40:26.881 [INFO] [Worker-1] [host-b] Compacting storage segment 9.
2025-11-17 11:40:28.965 [DEBUG] [Worker-9] [host-a] Database connection timeout. Retrying...
2025-11-17 11:40:29.203 [WARN] [Worker-14] [host-a] No jobs in queue. Sleeping.
2025-11-17 11:40:30.202 [ERROR] [Worker-8] [host-c] Shutting down gracefully.
2025-11-17 11:40:30.794 [DEBUG] [Worker-12] [host-c] Released lock for resource res-file.
2025-11-17 11:40:31.315 [WARN] [Worker-3] [host-c] Startup initialized.
2025-11-17 11:40:32.922 [INFO] [Worker-15] [host-b] Worker paused due to maintenance window.
2025-11-17 11:40:37.916 [INFO] [Worker-13] [host-c] Cache cleared for tenant public.
2025-11-17 11:40:41.085 [TRACE] [Worker-10] [host-b] Starting background task CompactIndices.
2025-11-17 11:40:41.544 [DEBUG] [Worker-2] [host-a] Shutting down gracefully.
2025-11-17 11:40:42.411 [INFO] [Worker-8] [host-a] Retrying job 769440 (attempt 4).
2025-11-17 11:40:43.232 [INFO] [Worker-9] [host-b] Released lock for resource res-db.
2025-11-17 11:40:48.506 [CRITICAL] [Worker-12] [host-b] Retrying job 796588 (attempt 3).
2025-11-17 11:40:53.810 [DEBUG] [Worker-15] [host-c] Retrying job 784114 (attempt 5).
2025-11-17 11:40:54.134 [CRITICAL] [Worker-15] [host-b] Completed scheduled cleanup.
2025-11-17 11:40:56.423 [INFO] [Worker-3] [host-a] Heartbeat received.
2025-11-17 11:41:01.473 [DEBUG] [Worker-14] [host-c] Heartbeat received.
2025-11-17 11:41:03.944 [INFO] [Worker-3] [host-a] Worker paused due to maintenance window.
2025-11-17 11:41:04.237 [INFO] [Worker-10] [host-b] Worker paused due to maintenance window.
2025-11-17 11:41:06.023 [WARN] [Worker-6] [host-c] Worker paused due to maintenance window.
2025-11-17 11:41:06.430 [INFO] [Worker-8] [host-c] Cache cleared for tenant tenantC.
2025-11-17 11:41:06.683 [INFO] [Worker-13] [host-b] Enqueued job ProcessQueue with id 542850.
2025-11-17 11:41:10.879 [INFO] [Worker-4] [host-b] Loaded configuration: maxWorkers=15; retryLimit=2.
2025-11-17 11:41:11.295 [WARN] [Worker-7] [host-a] Unexpected exception in handler: HttpRequestException: 502 Bad Gateway
2025-11-17 11:41:11.482 [INFO] [Worker-11] [host-a] Completed scheduled cleanup.
2025-11-17 11:41:12.839 [ERROR] [Worker-1] [host-c] External API responded with status 500.
2025-11-17 11:41:13.804 [ERROR] [Worker-2] [host-b] Heartbeat received. | StackTrace: at Worker.Process() in /src/worker/Processor.cs:line 290
2025-11-17 11:41:14.715 [INFO] [Worker-10] [host-c] Processing job 702388 of type CleanTempFiles.
2025-11-17 11:41:15.466 [WARN] [Worker-5] [host-a] No jobs in queue. Sleeping.
2025-11-17 11:41:19.797 [WARN] [Worker-5] [host-a] Dequeueing 83 messages.
2025-11-17 11:41:23.610 [DEBUG] [Worker-6] [host-b] Disk space warning: 89% used.
2025-11-17 11:41:24.056 [WARN] [Worker-15] [host-c] Retrying job 121628 (attempt 5).
2025-11-17 11:41:26.027 [TRACE] [Worker-10] [host-c] Acquired lock for resource res-queue.
2025-11-17 11:41:26.643 [TRACE] [Worker-2] [host-c] Loaded configuration: maxWorkers=3; retryLimit=2.
2025-11-17 11:41:27.140 [INFO] [Worker-4] [host-b] Released lock for resource res-db.
2025-11-17 11:41:32.876 [ERROR] [Worker-4] [host-c] Acquired lock for resource res-queue.
2025-11-17 11:41:34.795 [WARN] [Worker-15] [host-c] Heartbeat received.
2025-11-17 11:41:38.828 [INFO] [Worker-1] [host-a] Loaded configuration: maxWorkers=10; retryLimit=4.
2025-11-17 11:41:39.945 [WARN] [Worker-9] [host-c] External API responded with status 500.
2025-11-17 11:41:42.865 [INFO] [Worker-7] [host-a] Completed scheduled cleanup.
2025-11-17 11:41:44.731 [INFO] [Worker-5] [host-a] Cache cleared for tenant public.
2025-11-17 11:41:44.963 [ERROR] [Worker-3] [host-a] Loaded configuration: maxWorkers=10; retryLimit=5.
2025-11-17 11:41:46.729 [DEBUG] [Worker-8] [host-a] Processing job 959070 of type SyncWithRemote.
2025-11-17 11:41:47.649 [WARN] [Worker-1] [host-b] Database connection established.
2025-11-17 11:41:48.528 [WARN] [Worker-11] [host-a] Invalid message format. Skipping.
2025-11-17 11:41:51.654 [INFO] [Worker-6] [host-c] Dequeueing 46 messages.
2025-11-17 11:41:52.433 [ERROR] [Worker-9] [host-b] Released lock for resource res-queue.
2025-11-17 11:41:52.795 [DEBUG] [Worker-5] [host-a] Cache cleared for tenant tenantA.
2025-11-17 11:41:53.136 [ERROR] [Worker-12] [host-a] Database connection established. | StackTrace: at Worker.Process() in /src/worker/Processor.cs:line 184
2025-11-17 11:41:57.969 [INFO] [Worker-3] [host-a] Retrying job 453509 (attempt 5).
2025-11-17 11:42:03.776 [WARN] [Worker-11] [host-a] Startup initialized.
2025-11-17 11:42:05.843 [WARN] [Worker-14] [host-a] Completed scheduled cleanup.
2025-11-17 11:42:07.418 [INFO] [Worker-6] [host-b] Dequeueing 44 messages.
2025-11-17 11:42:08.614 [ERROR] [Worker-10] [host-b] Retrying job 858494 (attempt 2).
2025-11-17 11:42:14.320 [DEBUG] [Worker-12] [host-c] Failed to process job 771942: SqlException: login failed
2025-11-17 11:42:17.357 [DEBUG] [Worker-11] [host-a] Compacting storage segment 23.
2025-11-17 11:42:19.032 [INFO] [Worker-2] [host-b] Failed to process job 747258: UnauthorizedAccessException: access denied
2025-11-17 11:42:23.266 [INFO] [Worker-16] [host-b] Startup initialized.
2025-11-17 11:42:23.300 [INFO] [Worker-8] [host-c] Dequeueing 12 messages.
2025-11-17 11:42:27.439 [DEBUG] [Worker-3] [host-a] Compacting storage segment 28.
2025-11-17 11:42:28.220 [DEBUG] [Worker-2] [host-c] Database connection timeout. Retrying...
2025-11-17 11:42:29.112 [INFO] [Worker-14] [host-c] Cache cleared for tenant tenantB.
2025-11-17 11:42:33.479 [INFO] [Worker-11] [host-a] Heartbeat received.
2025-11-17 11:42:39.388 [TRACE] [Worker-7] [host-c] Startup initialized.
2025-11-17 11:42:42.292 [DEBUG] [Worker-5] [host-c] Checkpoint saved at offset 217519.
2025-11-17 11:42:46.069 [INFO] [Worker-16] [host-b] Unexpected exception in handler: NullReferenceException at Processor.Handle()
2025-11-17 11:42:46.916 [INFO] [Worker-3] [host-b] Failed to process job 801400: SqlException: login failed
2025-11-17 11:42:51.614 [INFO] [Worker-11] [host-a] Dequeueing 93 messages.
2025-11-17 11:42:52.754 [ERROR] [Worker-1] [host-c] Dequeueing 26 messages. | StackTrace: at Worker.Process() in /src/worker/Processor.cs:line 368
2025-11-17 11:42:57.522 [WARN] [Worker-4] [host-a] Shutting down gracefully.
2025-11-17 11:42:59.740 [WARN] [Worker-14] [host-b] Job SyncWithRemote completed in 2685 ms.
2025-11-17 11:43:00.483 [ERROR] [Worker-13] [host-a] Released lock for resource res-queue. | StackTrace: at Worker.Process() in /src/worker/Processor.cs:line 120
2025-11-17 11:43:05.952 [INFO] [Worker-11] [host-c] Unexpected exception in handler: NullReferenceException at Processor.Handle()
2025-11-17 11:43:07.917 [ERROR] [Worker-5] [host-a] Dequeueing 118 messages. | StackTrace: at Worker.Process() in /src/worker/Processor.cs:line 321
2025-11-17 11:43:09.769 [INFO] [Worker-11] [host-c] Startup initialized.
2025-11-17 11:43:10.892 [WARN] [Worker-6] [host-b] Starting background task RefreshCache.
2025-11-17 11:43:16.763 [INFO] [Worker-1] [host-b] Acquired lock for resource res-file.
2025-11-17 11:43:17.298 [INFO] [Worker-2] [host-a] Invalid message format. Skipping.
2025-11-17 11:43:21.814 [WARN] [Worker-7] [host-a] No jobs in queue. Sleeping.
2025-11-17 11:43:22.801 [WARN] [Worker-14] [host-b] Dequeueing 102 messages.
2025-11-17 11:43:23.142 [ERROR] [Worker-8] [host-a] Startup initialized. | StackTrace: at Worker.Process() in /src/worker/Processor.cs:line 234
2025-11-17 11:43:24.069 [INFO] [Worker-5] [host-c] Retrying job 314382 (attempt 4).
2025-11-17 11:43:24.835 [WARN] [Worker-10] [host-a] Shutting down gracefully.
2025-11-17 11:43:26.428 [INFO] [Worker-2] [host-c] Completed scheduled cleanup.
2025-11-17 11:43:30.495 [INFO] [Worker-13] [host-a] External API responded with status 202.
2025-11-17 11:43:35.070 [INFO] [Worker-7] [host-c] Checkpoint saved at offset 1381923.
2025-11-17 11:43:35.526 [INFO] [Worker-12] [host-b] Heartbeat received.
2025-11-17 11:43:36.862 [DEBUG] [Worker-6] [host-c] Invalid message format. Skipping.
2025-11-17 11:43:40.790 [INFO] [Worker-14] [host-a] Compacting storage segment 22.
2025-11-17 11:43:46.657 [INFO] [Worker-4] [host-a] Worker paused due to maintenance window.
2025-11-17 11:43:46.745 [DEBUG] [Worker-6] [host-b] Unexpected exception in handler: IOException: failed to write file
2025-11-17 11:43:47.613 [INFO] [Worker-12] [host-b] Database connection established.
2025-11-17 11:43:52.646 [INFO] [Worker-1] [host-c] Loaded configuration: maxWorkers=16; retryLimit=2.
2025-11-17 11:43:54.988 [WARN] [Worker-9] [host-a] Acquired lock for resource res-db.
2025-11-17 11:43:56.291 [DEBUG] [Worker-7] [host-a] Database connection established.
2025-11-17 11:43:56.557 [INFO] [Worker-7] [host-a] Enqueued job ArchiveOldData with id 770805.
2025-11-17 11:43:58.838 [INFO] [Worker-3] [host-c] Invalid message format. Skipping.
2025-11-17 11:44:01.441 [CRITICAL] [Worker-9] [host-b] Database connection established.
2025-11-17 11:44:06.163 [DEBUG] [Worker-8] [host-c] Dequeueing 105 messages.
2025-11-17 11:44:11.327 [INFO] [Worker-12] [host-c] Heartbeat received.
2025-11-17 11:44:12.296 [TRACE] [Worker-3] [host-a] Enqueued job SendNotifications with id 338387.
2025-11-17 11:44:14.816 [INFO] [Worker-5] [host-a] No jobs in queue. Sleeping.
2025-11-17 11:44:16.089 [DEBUG] [Worker-16] [host-b] Starting background task RefreshCache.
2025-11-17 11:44:16.869 [INFO] [Worker-8] [host-b] Worker paused due to maintenance window.
2025-11-17 11:44:22.393 [INFO] [Worker-1] [host-c] Invalid message format. Skipping.
2025-11-17 11:44:24.159 [INFO] [Worker-12] [host-a] Processing job 270880 of type ProcessQueue.
2025-11-17 11:44:25.720 [INFO] [Worker-14] [host-a] No jobs in queue. Sleeping.
2025-11-17 11:44:27.895 [DEBUG] [Worker-9] [host-a] Acquired lock for resource res-db.
2025-11-17 11:44:29.083 [DEBUG] [Worker-8] [host-a] No jobs in queue. Sleeping.
2025-11-17 11:44:29.786 [INFO] [Worker-7] [host-b] Job ArchiveOldData completed in 3825 ms.
2025-11-17 11:44:33.243 [DEBUG] [Worker-15] [host-b] Loaded configuration: maxWorkers=3; retryLimit=4.
2025-11-17 11:44:33.349 [TRACE] [Worker-12] [host-a] Job CleanTempFiles completed in 655 ms.
2025-11-17 11:44:35.533 [INFO] [Worker-16] [host-b] Unexpected exception in handler: NullReferenceException at Processor.Handle()
2025-11-17 11:44:38.038 [DEBUG] [Worker-4] [host-c] External API responded with status 403.
2025-11-17 11:44:39.008 [ERROR] [Worker-10] [host-a] Processing job 790574 of type SendNotifications.
2025-11-17 11:44:39.131 [ERROR] [Worker-8] [host-c] Completed scheduled cleanup.
2025-11-17 11:44:40.380 [ERROR] [Worker-6] [host-c] Job ArchiveOldData completed in 382 ms. | StackTrace: at Worker.Process() in /src/worker/Processor.cs:line 211
2025-11-17 11:44:45.565 [INFO] [Worker-3] [host-a] Starting background task ReportDaily.
2025-11-17 11:44:48.845 [INFO] [Worker-5] [host-a] Worker paused due to maintenance window.
2025-11-17 11:44:49.983 [WARN] [Worker-12] [host-b] External API responded with status 403.
2025-11-17 11:44:51.425 [ERROR] [Worker-16] [host-a] Enqueued job SyncWithRemote with id 613039.
2025-11-17 11:44:54.652 [WARN] [Worker-6] [host-b] Loaded configuration: maxWorkers=6; retryLimit=1.
2025-11-17 11:44:55.508 [INFO] [Worker-13] [host-b] Cache cleared for tenant tenantB.
2025-11-17 11:44:59.844 [WARN] [Worker-4] [host-a] Completed scheduled cleanup.
2025-11-17 11:45:04.401 [INFO] [Worker-8] [host-c] Unexpected exception in handler: SqlException: login failed
2025-11-17 11:45:08.405 [WARN] [Worker-6] [host-a] Failed to process job 656277: HttpRequestException: 502 Bad Gateway
2025-11-17 11:45:13.726 [WARN] [Worker-10] [host-b] Dequeueing 20 messages.
2025-11-17 11:45:14.067 [CRITICAL] [Worker-2] [host-b] Failed to process job 775345: NullReferenceException at Processor.Handle()
2025-11-17 11:45:14.262 [CRITICAL] [Worker-9] [host-c] Heartbeat received. | StackTrace: at Worker.Process() in /src/worker/Processor.cs:line 405
2025-11-17 11:45:16.951 [INFO] [Worker-1] [host-b] Checkpoint saved at offset 394145.
2025-11-17 11:45:22.073 [INFO] [Worker-3] [host-c] Cache cleared for tenant public.
2025-11-17 11:45:22.657 [INFO] [Worker-9] [host-b] Acquired lock for resource res-queue.
2025-11-17 11:45:23.836 [ERROR] [Worker-13] [host-a] Processing job 390257 of type ArchiveOldData.
2025-11-17 11:45:28.035 [INFO] [Worker-14] [host-b] Database connection established.
2025-11-17 11:45:28.638 [INFO] [Worker-12] [host-c] Database connection established.
2025-11-17 11:45:34.510 [WARN] [Worker-11] [host-b] Cache cleared for tenant public.
2025-11-17 11:45:35.634 [INFO] [Worker-1] [host-a] Heartbeat received.
2025-11-17 11:45:37.578 [INFO] [Worker-2] [host-c] Disk space warning: 93% used.
2025-11-17 11:45:42.264 [ERROR] [Worker-14] [host-a] Database connection timeout. Retrying...
2025-11-17 11:45:46.646 [INFO] [Worker-11] [host-b] Database connection established.
2025-11-17 11:45:49.124 [INFO] [Worker-5] [host-a] Dequeueing 86 messages.
2025-11-17 11:45:52.494 [INFO] [Worker-12] [host-c] No jobs in queue. Sleeping.
2025-11-17 11:45:57.320 [WARN] [Worker-9] [host-a] Failed to process job 334089: AggregateException: one or more errors occurred
2025-11-17 11:45:59.285 [WARN] [Worker-15] [host-b] Job ProcessQueue completed in 1534 ms.
2025-11-17 11:45:59.850 [INFO] [Worker-12] [host-c] Released lock for resource res-db.
2025-11-17 11:45:59.854 [INFO] [Worker-12] [host-a] Database connection established.
2025-11-17 11:46:05.220 [INFO] [Worker-15] [host-b] Completed scheduled cleanup.
2025-11-17 11:46:06.356 [WARN] [Worker-4] [host-b] Dequeueing 93 messages.
2025-11-17 11:46:12.245 [ERROR] [Worker-8] [host-b] Worker paused due to maintenance window.
2025-11-17 11:46:14.029 [ERROR] [Worker-3] [host-b] Acquired lock for resource res-queue.
2025-11-17 11:46:15.382 [WARN] [Worker-4] [host-a] Completed scheduled cleanup.
2025-11-17 11:46:20.876 [DEBUG] [Worker-4] [host-c] Startup initialized.
2025-11-17 11:46:21.253 [DEBUG] [Worker-8] [host-c] Shutting down gracefully.
2025-11-17 11:46:21.922 [ERROR] [Worker-1] [host-a] Starting background task CompactIndices.
2025-11-17 11:46:22.047 [DEBUG] [Worker-1] [host-a] Processing job 278416 of type CleanTempFiles.
2025-11-17 11:46:23.650 [TRACE] [Worker-7] [host-b] No jobs in queue. Sleeping.
2025-11-17 11:46:28.826 [INFO] [Worker-1] [host-a] Startup initialized.
2025-11-17 11:46:29.710 [WARN] [Worker-14] [host-c] Disk space warning: 43% used.
2025-11-17 11:46:32.117 [INFO] [Worker-3] [host-b] Released lock for resource res-db.
2025-11-17 11:46:33.385 [INFO] [Worker-16] [host-c] Heartbeat received.
2025-11-17 11:46:35.710 [ERROR] [Worker-11] [host-b] Startup initialized.
2025-11-17 11:46:37.513 [TRACE] [Worker-9] [host-b] Disk space warning: 40% used.
2025-11-17 11:46:38.162 [INFO] [Worker-16] [host-c] Invalid message format. Skipping.
2025-11-17 11:46:41.277 [DEBUG] [Worker-3] [host-a] Database connection established.
2025-11-17 11:46:45.382 [ERROR] [Worker-2] [host-a] Invalid message format. Skipping.
2025-11-17 11:46:50.431 [WARN] [Worker-5] [host-c] External API responded with status 403.
2025-11-17 11:46:55.034 [WARN] [Worker-16] [host-a] Database connection timeout. Retrying...
2025-11-17 11:46:55.366 [DEBUG] [Worker-14] [host-b] Job CleanTempFiles completed in 2076 ms.
2025-11-17 11:46:58.568 [TRACE] [Worker-16] [host-c] Released lock for resource res-db.
2025-11-17 11:46:58.812 [TRACE] [Worker-6] [host-a] Failed to process job 154568: SqlException: login failed
2025-11-17 11:46:59.043 [INFO] [Worker-15] [host-b] Compacting storage segment 28.
2025-11-17 11:47:00.158 [INFO] [Worker-10] [host-b] Checkpoint saved at offset 1201430.
2025-11-17 11:47:00.905 [INFO] [Worker-10] [host-b] Worker paused due to maintenance window.
2025-11-17 11:47:01.350 [INFO] [Worker-16] [host-b] Starting background task CompactIndices.
2025-11-17 11:47:02.092 [TRACE] [Worker-2] [host-b] Retrying job 105358 (attempt 1).
2025-11-17 11:47:02.303 [ERROR] [Worker-16] [host-b] Dequeueing 92 messages.
2025-11-17 11:47:02.643 [INFO] [Worker-7] [host-a] Dequeueing 33 messages.
2025-11-17 11:47:02.904 [INFO] [Worker-1] [host-a] No jobs in queue. Sleeping.
2025-11-17 11:47:03.009 [WARN] [Worker-10] [host-c] No jobs in queue. Sleeping.
2025-11-17 11:47:03.153 [INFO] [Worker-3] [host-c] No jobs in queue. Sleeping.
2025-11-17 11:47:06.773 [WARN] [Worker-11] [host-b] Loaded configuration: maxWorkers=7; retryLimit=3.
2025-11-17 11:47:08.402 [INFO] [Worker-12] [host-c] Released lock for resource res-db.
2025-11-17 11:47:10.128 [INFO] [Worker-11] [host-c] Compacting storage segment 38.
2025-11-17 11:47:14.919 [WARN] [Worker-12] [host-b] Released lock for resource res-file.
2025-11-17 11:47:18.016 [WARN] [Worker-1] [host-b] Loaded configuration: maxWorkers=10; retryLimit=2.
2025-11-17 11:47:23.590 [TRACE] [Worker-14] [host-a] Cache cleared for tenant tenantB.
2025-11-17 11:47:23.967 [TRACE] [Worker-16] [host-c] Job GenerateReport completed in 667 ms.
2025-11-17 11:47:25.082 [INFO] [Worker-11] [host-b] Failed to process job 739254: NullReferenceException at Processor.Handle()
2025-11-17 11:47:25.621 [INFO] [Worker-3] [host-c] Disk space warning: 44% used.
2025-11-17 11:47:26.686 [INFO] [Worker-13] [host-c] No jobs in queue. Sleeping.
2025-11-17 11:47:30.075 [INFO] [Worker-4] [host-b] Enqueued job SyncWithRemote with id 111312.
2025-11-17 11:47:31.626 [WARN] [Worker-11] [host-c] Cache cleared for tenant tenantC.
2025-11-17 11:47:33.125 [INFO] [Worker-16] [host-b] Unexpected exception in handler: AggregateException: one or more errors occurred
2025-11-17 11:47:37.306 [INFO] [Worker-9] [host-b] Startup initialized.
2025-11-17 11:47:39.908 [TRACE] [Worker-11] [host-c] Processing job 885178 of type CleanTempFiles.
2025-11-17 11:47:40.953 [TRACE] [Worker-13] [host-c] Enqueued job ArchiveOldData with id 765417.
2025-11-17 11:47:41.022 [INFO] [Worker-7] [host-a] Compacting storage segment 45.
2025-11-17 11:47:42.896 [INFO] [Worker-7] [host-c] Startup initialized.
2025-11-17 11:47:47.244 [INFO] [Worker-11] [host-a] Dequeueing 24 messages.
2025-11-17 11:47:51.875 [WARN] [Worker-14] [host-b] External API responded with status 404.
2025-11-17 11:47:56.864 [WARN] [Worker-9] [host-b] Starting background task ReportDaily.
2025-11-17 11:48:02.363 [WARN] [Worker-2] [host-b] Startup initialized.
2025-11-17 11:48:02.533 [WARN] [Worker-11] [host-c] Processing job 739655 of type CleanTempFiles.
2025-11-17 11:48:03.879 [ERROR] [Worker-12] [host-c] Released lock for resource res-db. | StackTrace: at Worker.Process() in /src/worker/Processor.cs:line 383
2025-11-17 11:48:08.639 [INFO] [Worker-2] [host-c] Unexpected exception in handler: TimeoutError: operation timed out
2025-11-17 11:48:11.700 [WARN] [Worker-6] [host-a] Startup initialized.
2025-11-17 11:48:14.562 [INFO] [Worker-16] [host-b] Completed scheduled cleanup.
2025-11-17 11:48:15.098 [TRACE] [Worker-15] [host-b] Enqueued job SendNotifications with id 535203.
2025-11-17 11:48:17.601 [INFO] [Worker-2] [host-a] Released lock for resource res-db.
2025-11-17 11:48:17.951 [INFO] [Worker-2] [host-a] Loaded configuration: maxWorkers=6; retryLimit=3.
2025-11-17 11:48:18.999 [INFO] [Worker-4] [host-a] Released lock for resource res-queue.
2025-11-17 11:48:19.954 [INFO] [Worker-15] [host-a] Failed to process job 601220: AggregateException: one or more errors occurred
2025-11-17 11:48:22.679 [INFO] [Worker-5] [host-c] Database connection timeout. Retrying...
2025-11-17 11:48:23.598 [TRACE] [Worker-1] [host-a] Unexpected exception in handler: UnauthorizedAccessException: access denied
2025-11-17 11:48:24.231 [ERROR] [Worker-3] [host-c] Checkpoint saved at offset 1881288.
2025-11-17 11:48:24.607 [WARN] [Worker-9] [host-a] Completed scheduled cleanup.
2025-11-17 11:48:24.868 [INFO] [Worker-6] [host-a] Dequeueing 38 messages.
2025-11-17 11:48:27.008 [INFO] [Worker-8] [host-a] Dequeueing 21 messages.
2025-11-17 11:48:27.217 [CRITICAL] [Worker-3] [host-a] Disk space warning: 65% used.
2025-11-17 11:48:30.013 [CRITICAL] [Worker-1] [host-b] Unexpected exception in handler: SqlException: login failed
2025-11-17 11:48:31.133 [INFO] [Worker-13] [host-b] Enqueued job ProcessQueue with id 269690.
2025-11-17 11:48:31.753 [CRITICAL] [Worker-8] [host-c] Enqueued job GenerateReport with id 317755.
2025-11-17 11:48:32.801 [INFO] [Worker-10] [host-c] Dequeueing 114 messages.
2025-11-17 11:48:34.315 [INFO] [Worker-9] [host-c] Database connection timeout. Retrying...
2025-11-17 11:48:38.476 [DEBUG] [Worker-14] [host-b] Unexpected exception in handler: AggregateException: one or more errors occurred
2025-11-17 11:48:39.307 [ERROR] [Worker-12] [host-c] No jobs in queue. Sleeping.
2025-11-17 11:48:39.783 [INFO] [Worker-16] [host-b] Loaded configuration: maxWorkers=10; retryLimit=1.
2025-11-17 11:48:39.985 [INFO] [Worker-7] [host-c] Job GenerateReport completed in 4139 ms.
2025-11-17 11:48:45.972 [WARN] [Worker-10] [host-c] Released lock for resource res-queue.
2025-11-17 11:48:48.158 [WARN] [Worker-8] [host-a] Database connection timeout. Retrying...
2025-11-17 11:48:52.178 [INFO] [Worker-10] [host-b] Database connection established.
2025-11-17 11:48:57.475 [INFO] [Worker-5] [host-c] Retrying job 272429 (attempt 5).
2025-11-17 11:49:03.224 [INFO] [Worker-7] [host-a] Checkpoint saved at offset 462185.
2025-11-17 11:49:08.667 [DEBUG] [Worker-4] [host-c] Job GenerateReport completed in 2012 ms.
2025-11-17 11:49:10.890 [DEBUG] [Worker-4] [host-b] Processing job 598623 of type SendNotifications.
2025-11-17 11:49:11.711 [WARN] [Worker-13] [host-a] Dequeueing 77 messages.
2025-11-17 11:49:17.512 [WARN] [Worker-1] [host-c] Database connection established.
2025-11-17 11:49:20.117 [INFO] [Worker-4] [host-c] Disk space warning: 59% used.
2025-11-17 11:49:23.474 [INFO] [Worker-8] [host-a] Startup initialized.
2025-11-17 11:49:27.668 [INFO] [Worker-7] [host-b] Unexpected exception in handler: NullReferenceException at Processor.Handle()
2025-11-17 11:49:29.798 [TRACE] [Worker-4] [host-b] Checkpoint saved at offset 703538.
2025-11-17 11:49:32.298 [WARN] [Worker-4] [host-a] Heartbeat received.
2025-11-17 11:49:33.725 [INFO] [Worker-15] [host-a] Startup initialized.
2025-11-17 11:49:34.018 [ERROR] [Worker-12] [host-b] Heartbeat received.
2025-11-17 11:49:34.058 [DEBUG] [Worker-5] [host-b] Startup initialized.
2025-11-17 11:49:37.994 [DEBUG] [Worker-9] [host-b] Unexpected exception in handler: NullReferenceException at Processor.Handle()
2025-11-17 11:49:38.708 [INFO] [Worker-7] [host-c] Compacting storage segment 2.
2025-11-17 11:49:40.811 [INFO] [Worker-12] [host-c] Acquired lock for resource res-db.
2025-11-17 11:49:44.363 [CRITICAL] [Worker-4] [host-a] No jobs in queue. Sleeping.
2025-11-17 11:49:50.015 [INFO] [Worker-16] [host-a] Dequeueing 33 messages.
2025-11-17 11:49:55.787 [ERROR] [Worker-13] [host-a] Completed scheduled cleanup.
2025-11-17 11:50:00.536 [ERROR] [Worker-14] [host-b] Failed to process job 314989: UnauthorizedAccessException: access denied
2025-11-17 11:50:01.150 [INFO] [Worker-16] [host-a] Processing job 871622 of type ArchiveOldData.
2025-11-17 11:50:02.892 [INFO] [Worker-4] [host-a] Disk space warning: 57% used.
2025-11-17 11:50:02.954 [INFO] [Worker-6] [host-a] Acquired lock for resource res-db.
2025-11-17 11:50:03.197 [INFO] [Worker-8] [host-b] Completed scheduled cleanup.
2025-11-17 11:50:07.802 [INFO] [Worker-4] [host-a] Invalid message format. Skipping.
2025-11-17 11:50:07.965 [DEBUG] [Worker-6] [host-b] Invalid message format. Skipping.
2025-11-17 11:50:10.935 [DEBUG] [Worker-4] [host-a] Released lock for resource res-db.
2025-11-17 11:50:10.993 [INFO] [Worker-13] [host-a] Heartbeat received.
2025-11-17 11:50:13.779 [DEBUG] [Worker-11] [host-c] Processing job 782279 of type CleanTempFiles.
2025-11-17 11:50:14.467 [INFO] [Worker-6] [host-b] Enqueued job CleanTempFiles with id 826893.
2025-11-17 11:50:19.652 [DEBUG] [Worker-15] [host-c] Loaded configuration: maxWorkers=5; retryLimit=4.
2025-11-17 11:50:22.236 [DEBUG] [Worker-5] [host-c] No jobs in queue. Sleeping.
2025-11-17 11:50:23.325 [WARN] [Worker-12] [host-a] Checkpoint saved at offset 1380615.
2025-11-17 11:50:24.588 [INFO] [Worker-12] [host-b] Invalid message format. Skipping.
2025-11-17 11:50:29.514 [CRITICAL] [Worker-10] [host-c] Compacting storage segment 20.
2025-11-17 11:50:32.097 [INFO] [Worker-10] [host-a] Job SendNotifications completed in 800 ms.
2025-11-17 11:50:34.555 [CRITICAL] [Worker-8] [host-c] No jobs in queue. Sleeping.
2025-11-17 11:50:36.378 [DEBUG] [Worker-16] [host-a] Failed to process job 369349: TimeoutError: operation timed out
2025-11-17 11:50:37.281 [CRITICAL] [Worker-2] [host-c] Loaded configuration: maxWorkers=5; retryLimit=4.
2025-11-17 11:50:40.396 [INFO] [Worker-3] [host-c] Compacting storage segment 16.
2025-11-17 11:50:43.217 [INFO] [Worker-6] [host-b] Processing job 192837 of type CleanTempFiles.
2025-11-17 11:50:48.749 [DEBUG] [Worker-11] [host-a] Shutting down gracefully.
2025-11-17 11:50:48.925 [WARN] [Worker-13] [host-a] Dequeueing 56 messages.
2025-11-17 11:50:50.819 [TRACE] [Worker-5] [host-b] Shutting down gracefully.
2025-11-17 11:50:53.142 [INFO] [Worker-6] [host-c] Job CleanTempFiles completed in 4271 ms.
2025-11-17 11:50:53.679 [INFO] [Worker-15] [host-b] Invalid message format. Skipping.
2025-11-17 11:50:54.129 [WARN] [Worker-11] [host-a] Dequeueing 73 messages.
2025-11-17 11:50:56.381 [INFO] [Worker-14] [host-a] Heartbeat received.
2025-11-17 11:50:57.124 [INFO] [Worker-2] [host-b] Acquired lock for resource res-queue.
2025-11-17 11:50:59.491 [CRITICAL] [Worker-15] [host-c] Heartbeat received.
2025-11-17 11:51:04.563 [WARN] [Worker-1] [host-b] Disk space warning: 47% used.
2025-11-17 11:51:06.033 [ERROR] [Worker-6] [host-a] Compacting storage segment 44. | StackTrace: at Worker.Process() in /src/worker/Processor.cs:line 358
2025-11-17 11:51:09.646 [ERROR] [Worker-11] [host-a] Acquired lock for resource res-db.
2025-11-17 11:51:11.450 [CRITICAL] [Worker-11] [host-a] Retrying job 848099 (attempt 3).
2025-11-17 11:51:16.552 [INFO] [Worker-5] [host-c] Failed to process job 598399: IOException: failed to write file
2025-11-17 11:51:16.648 [DEBUG] [Worker-3] [host-c] Acquired lock for resource res-file.
2025-11-17 11:51:17.222 [INFO] [Worker-12] [host-c] Shutting down gracefully.
2025-11-17 11:51:17.700 [INFO] [Worker-1] [host-b] Job ArchiveOldData completed in 4121 ms.
2025-11-17 11:51:18.664 [DEBUG] [Worker-6] [host-a] Failed to process job 648287: NullReferenceException at Processor.Handle()
2025-11-17 11:51:19.994 [WARN] [Worker-3] [host-c] Acquired lock for resource res-queue.
2025-11-17 11:51:24.037 [WARN] [Worker-16] [host-a] Database connection established.
2025-11-17 11:51:28.282 [INFO] [Worker-12] [host-b] External API responded with status 500.
2025-11-17 11:51:34.179 [INFO] [Worker-12] [host-c] Database connection timeout. Retrying...
2025-11-17 11:51:37.115 [CRITICAL] [Worker-16] [host-a] Database connection timeout. Retrying...
2025-11-17 11:51:38.916 [DEBUG] [Worker-6] [host-a] External API responded with status 404.
2025-11-17 11:51:43.964 [INFO] [Worker-12] [host-a] Enqueued job ProcessQueue with id 153562.
2025-11-17 11:51:45.486 [INFO] [Worker-16] [host-a] Shutting down gracefully.
2025-11-17 11:51:46.285 [TRACE] [Worker-9] [host-b] Invalid message format. Skipping.
2025-11-17 11:51:47.782 [ERROR] [Worker-11] [host-c] Failed to process job 936223: HttpRequestException: 502 Bad Gateway | StackTrace: at Worker.Process() in /src/worker/Processor.cs:line 387
2025-11-17 11:51:49.355 [ERROR] [Worker-15] [host-c] Heartbeat received. | StackTrace: at Worker.Process() in /src/worker/Processor.cs:line 415
2025-11-17 11:51:52.210 [INFO] [Worker-14] [host-a] Dequeueing 55 messages.
2025-11-17 11:51:56.910 [INFO] [Worker-8] [host-a] Heartbeat received.
2025-11-17 11:51:57.111 [ERROR] [Worker-11] [host-b] Unexpected exception in handler: UnauthorizedAccessException: access denied
2025-11-17 11:51:57.195 [WARN] [Worker-16] [host-c] Database connection timeout. Retrying...
2025-11-17 11:52:00.221 [INFO] [Worker-2] [host-a] Startup initialized.
2025-11-17 11:52:03.294 [INFO] [Worker-10] [host-a] No jobs in queue. Sleeping.
2025-11-17 11:52:08.550 [ERROR] [Worker-2] [host-b] Invalid message format. Skipping.
2025-11-17 11:52:10.966 [WARN] [Worker-11] [host-a] External API responded with status 401.
2025-11-17 11:52:11.846 [INFO] [Worker-14] [host-b] Released lock for resource res-queue.
2025-11-17 11:52:11.926 [CRITICAL] [Worker-2] [host-c] Compacting storage segment 17.
2025-11-17 11:52:14.714 [DEBUG] [Worker-3] [host-c] Worker paused due to maintenance window.
2025-11-17 11:52:18.960 [DEBUG] [Worker-3] [host-c] Loaded configuration: maxWorkers=11; retryLimit=3.
2025-11-17 11:52:20.838 [WARN] [Worker-4] [host-b] No jobs in queue. Sleeping.
2025-11-17 11:52:21.485 [INFO] [Worker-10] [host-c] Disk space warning: 74% used.
2025-11-17 11:52:25.653 [INFO] [Worker-2] [host-c] Worker paused due to maintenance window.
2025-11-17 11:52:31.225 [INFO] [Worker-14] [host-a] Checkpoint saved at offset 1747061.
2025-11-17 11:52:31.961 [INFO] [Worker-16] [host-a] Retrying job 833196 (attempt 2).
2025-11-17 11:52:34.908 [DEBUG] [Worker-12] [host-a] Worker paused due to maintenance window.
2025-11-17 11:52:37.388 [ERROR] [Worker-3] [host-c] Invalid message format. Skipping.
2025-11-17 11:52:42.340 [TRACE] [Worker-1] [host-a] Released lock for resource res-file.
2025-11-17 11:52:44.978 [INFO] [Worker-15] [host-b] Job GenerateReport completed in 1883 ms.
2025-11-17 11:52:49.637 [INFO] [Worker-11] [host-a] Shutting down gracefully.
2025-11-17 11:52:49.950 [INFO] [Worker-3] [host-b] No jobs in queue. Sleeping.
2025-11-17 11:52:55.572 [INFO] [Worker-11] [host-c] Unexpected exception in handler: UnauthorizedAccessException: access denied
2025-11-17 11:52:58.679 [INFO] [Worker-1] [host-c] External API responded with status 503.
2025-11-17 11:52:59.423 [INFO] [Worker-11] [host-c] Job CleanTempFiles completed in 2220 ms.
2025-11-17 11:53:01.793 [WARN] [Worker-14] [host-c] Disk space warning: 86% used.
2025-11-17 11:53:03.189 [TRACE] [Worker-5] [host-a] No jobs in queue. Sleeping.
2025-11-17 11:53:07.193 [DEBUG] [Worker-6] [host-a] Worker paused due to maintenance window.
2025-11-17 11:53:09.322 [WARN] [Worker-11] [host-c] Cache cleared for tenant tenantB.
2025-11-17 11:53:11.411 [DEBUG] [Worker-11] [host-a] Starting background task CompactIndices.
2025-11-17 11:53:16.489 [ERROR] [Worker-8] [host-b] Cache cleared for tenant tenantA.
2025-11-17 11:53:17.211 [INFO] [Worker-5] [host-a] Heartbeat received.
2025-11-17 11:53:17.352 [INFO] [Worker-8] [host-c] Checkpoint saved at offset 549900.
2025-11-17 11:53:20.170 [INFO] [Worker-15] [host-b] Released lock for resource res-file.
2025-11-17 11:53:25.255 [ERROR] [Worker-7] [host-b] Heartbeat received.
2025-11-17 11:53:29.599 [INFO] [Worker-1] [host-b] Unexpected exception in handler: AggregateException: one or more errors occurred
2025-11-17 11:53:29.885 [INFO] [Worker-13] [host-a] Retrying job 268843 (attempt 1).
2025-11-17 11:53:30.525 [DEBUG] [Worker-10] [host-b] Cache cleared for tenant public.
2025-11-17 11:53:36.137 [INFO] [Worker-8] [host-a] Unexpected exception in handler: SqlException: login failed
2025-11-17 11:53:41.089 [INFO] [Worker-7] [host-c] Invalid message format. Skipping.
2025-11-17 11:53:44.564 [INFO] [Worker-16] [host-a] Startup initialized.
2025-11-17 11:53:45.367 [INFO] [Worker-8] [host-a] Retrying job 366186 (attempt 4).
2025-11-17 11:53:46.589 [TRACE] [Worker-11] [host-b] Retrying job 557038 (attempt 4).
2025-11-17 11:53:50.187 [INFO] [Worker-10] [host-c] Enqueued job SendNotifications with id 994414.
2025-11-17 11:53:52.938 [INFO] [Worker-5] [host-c] Retrying job 928354 (attempt 2).
2025-11-17 11:53:55.449 [DEBUG] [Worker-2] [host-c] Dequeueing 105 messages.
2025-11-17 11:53:57.386 [DEBUG] [Worker-7] [host-b] Enqueued job GenerateReport with id 893878.
2025-11-17 11:54:00.597 [TRACE] [Worker-5] [host-b] Cache cleared for tenant tenantB.
2025-11-17 11:54:04.401 [DEBUG] [Worker-10] [host-a] Shutting down gracefully.
2025-11-17 11:54:05.619 [INFO] [Worker-3] [host-b] Database connection established.
2025-11-17 11:54:08.816 [INFO] [Worker-14] [host-b] Heartbeat received.
2025-11-17 11:54:14.030 [INFO] [Worker-3] [host-a] Enqueued job ArchiveOldData with id 802672.
2025-11-17 11:54:14.718 [DEBUG] [Worker-15] [host-b] Cache cleared for tenant tenantA.
2025-11-17 11:54:16.867 [DEBUG] [Worker-7] [host-c] Checkpoint saved at offset 1819861.
2025-11-17 11:54:18.288 [ERROR] [Worker-11] [host-c] Acquired lock for resource res-db.
2025-11-17 11:54:19.101 [INFO] [Worker-4] [host-a] Compacting storage segment 32.
2025-11-17 11:54:19.939 [INFO] [Worker-11] [host-a] Heartbeat received.
2025-11-17 11:54:25.134 [ERROR] [Worker-1] [host-b] Dequeueing 103 messages.
2025-11-17 11:54:25.628 [INFO] [Worker-14] [host-a] Job GenerateReport completed in 2862 ms.
2025-11-17 11:54:26.958 [DEBUG] [Worker-14] [host-c] Worker paused due to maintenance window.
2025-11-17 11:54:28.604 [ERROR] [Worker-8] [host-c] Unexpected exception in handler: TimeoutError: operation timed out | StackTrace: at Worker.Process() in /src/worker/Processor.cs:line 409
2025-11-17 11:54:33.921 [INFO] [Worker-15] [host-b] Enqueued job ArchiveOldData with id 611752.
2025-11-17 11:54:35.418 [ERROR] [Worker-3] [host-b] Database connection established. | StackTrace: at Worker.Process() in /src/worker/Processor.cs:line 136
2025-11-17 11:54:37.308 [INFO] [Worker-11] [host-a] Released lock for resource res-queue.
2025-11-17 11:54:37.632 [INFO] [Worker-8] [host-b] Database connection established.
2025-11-17 11:54:43.499 [INFO] [Worker-7] [host-b] Database connection timeout. Retrying...
2025-11-17 11:54:44.093 [DEBUG] [Worker-4] [host-a] Disk space warning: 81% used.
2025-11-17 11:54:47.086 [WARN] [Worker-4] [host-b] Checkpoint saved at offset 1737624.
2025-11-17 11:54:50.824 [INFO] [Worker-15] [host-b] Completed scheduled cleanup.
2025-11-17 11:54:56.066 [ERROR] [Worker-9] [host-a] Disk space warning: 77% used.
2025-11-17 11:54:58.933 [ERROR] [Worker-7] [host-a] Unexpected exception in handler: IOException: failed to write file
2025-11-17 11:55:04.249 [INFO] [Worker-3] [host-b] Dequeueing 58 messages.
2025-11-17 11:55:08.842 [INFO] [Worker-8] [host-b] Enqueued job SendNotifications with id 532451.
2025-11-17 11:55:13.339 [ERROR] [Worker-10] [host-b] Shutting down gracefully.
2025-11-17 11:55:16.939 [INFO] [Worker-8] [host-a] External API responded with status 400.
2025-11-17 11:55:19.326 [INFO] [Worker-2] [host-a] Dequeueing 6 messages.
2025-11-17 11:55:24.329 [WARN] [Worker-11] [host-a] Invalid message format. Skipping.
2025-11-17 11:55:25.262 [DEBUG] [Worker-9] [host-b] Enqueued job SyncWithRemote with id 145535.
2025-11-17 11:55:29.576 [WARN] [Worker-9] [host-c] Startup initialized.
2025-11-17 11:55:34.116 [INFO] [Worker-3] [host-b] Retrying job 850074 (attempt 1).
2025-11-17 11:55:37.080 [WARN] [Worker-10] [host-b] Released lock for resource res-queue.
2025-11-17 11:55:42.147 [CRITICAL] [Worker-7] [host-b] Job GenerateReport completed in 1321 ms.
2025-11-17 11:55:45.363 [INFO] [Worker-12] [host-c] Checkpoint saved at offset 1619669.
2025-11-17 11:55:45.428 [ERROR] [Worker-3] [host-b] No jobs in queue. Sleeping. | StackTrace: at Worker.Process() in /src/worker/Processor.cs:line 216
2025-11-17 11:55:49.131 [ERROR] [Worker-16] [host-a] No jobs in queue. Sleeping.
2025-11-17 11:55:51.269 [CRITICAL] [Worker-10] [host-a] Shutting down gracefully.
2025-11-17 11:55:57.032 [DEBUG] [Worker-13] [host-c] Job SyncWithRemote completed in 749 ms.
2025-11-17 11:55:57.909 [INFO] [Worker-10] [host-b] Heartbeat received.
2025-11-17 11:56:03.576 [CRITICAL] [Worker-8] [host-c] Invalid message format. Skipping.
2025-11-17 11:56:08.204 [ERROR] [Worker-6] [host-a] Database connection established. | StackTrace: at Worker.Process() in /src/worker/Processor.cs:line 350
2025-11-17 11:56:11.048 [INFO] [Worker-4] [host-a] Startup initialized.
2025-11-17 11:56:11.171 [TRACE] [Worker-11] [host-c] Starting background task CompactIndices.
2025-11-17 11:56:12.019 [INFO] [Worker-4] [host-a] Worker paused due to maintenance window.
2025-11-17 11:56:15.139 [INFO] [Worker-8] [host-a] Failed to process job 652408: NullReferenceException at Processor.Handle()
2025-11-17 11:56:16.788 [ERROR] [Worker-9] [host-b] Database connection timeout. Retrying...
2025-11-17 11:56:18.187 [INFO] [Worker-10] [host-a] Completed scheduled cleanup.
2025-11-17 11:56:18.988 [DEBUG] [Worker-12] [host-c] Job SendNotifications completed in 1291 ms.
2025-11-17 11:56:20.645 [INFO] [Worker-10] [host-a] Unexpected exception in handler: IOException: failed to write file
2025-11-17 11:56:22.874 [INFO] [Worker-10] [host-a] Checkpoint saved at offset 1909882.
2025-11-17 11:56:26.994 [INFO] [Worker-2] [host-b] Completed scheduled cleanup.
2025-11-17 11:56:32.704 [TRACE] [Worker-10] [host-c] Heartbeat received.
2025-11-17 11:56:38.626 [ERROR] [Worker-5] [host-b] No jobs in queue. Sleeping.
2025-11-17 11:56:40.192 [DEBUG] [Worker-15] [host-b] Starting background task ReportDaily.
2025-11-17 11:56:44.484 [CRITICAL] [Worker-5] [host-b] Processing job 980986 of type ProcessQueue.
2025-11-17 11:56:50.185 [DEBUG] [Worker-16] [host-b] Disk space warning: 88% used.
2025-11-17 11:56:52.827 [INFO] [Worker-10] [host-a] Loaded configuration: maxWorkers=12; retryLimit=5.
2025-11-17 11:56:58.006 [INFO] [Worker-15] [host-b] External API responded with status 201.
2025-11-17 11:57:03.076 [WARN] [Worker-2] [host-b] Startup initialized.
2025-11-17 11:57:08.600 [INFO] [Worker-11] [host-a] Checkpoint saved at offset 1602999.
2025-11-17 11:57:08.772 [INFO] [Worker-13] [host-a] Enqueued job SyncWithRemote with id 751687.
2025-11-17 11:57:10.998 [WARN] [Worker-7] [host-b] Disk space warning: 41% used.
2025-11-17 11:57:13.875 [CRITICAL] [Worker-5] [host-c] Disk space warning: 94% used. | StackTrace: at Worker.Process() in /src/worker/Processor.cs:line 396
2025-11-17 11:57:15.812 [WARN] [Worker-16] [host-c] Database connection established.
2025-11-17 11:57:16.572 [INFO] [Worker-6] [host-c] External API responded with status 200.
2025-11-17 11:57:20.371 [INFO] [Worker-5] [host-c] Shutting down gracefully.
2025-11-17 11:57:20.810 [INFO] [Worker-5] [host-c] Job CleanTempFiles completed in 3751 ms.
2025-11-17 11:57:25.778 [INFO] [Worker-16] [host-b] Heartbeat received.
2025-11-17 11:57:27.086 [INFO] [Worker-3] [host-c] Completed scheduled cleanup.
2025-11-17 11:57:29.778 [INFO] [Worker-3] [host-a] Unexpected exception in handler: TimeoutError: operation timed out
2025-11-17 11:57:30.476 [INFO] [Worker-7] [host-c] Completed scheduled cleanup.
2025-11-17 11:57:33.482 [INFO] [Worker-14] [host-b] Worker paused due to maintenance window.
2025-11-17 11:57:33.761 [INFO] [Worker-6] [host-c] Invalid message format. Skipping.
2025-11-17 11:57:38.564 [INFO] [Worker-15] [host-b] Heartbeat received.
2025-11-17 11:57:38.770 [INFO] [Worker-4] [host-c] Checkpoint saved at offset 1546455.
2025-11-17 11:57:40.877 [INFO] [Worker-15] [host-b] Retrying job 133870 (attempt 3).
2025-11-17 11:57:41.387 [INFO] [Worker-15] [host-a] Starting background task RefreshCache.
2025-11-17 11:57:45.396 [INFO] [Worker-14] [host-a] Loaded configuration: maxWorkers=7; retryLimit=4.
2025-11-17 11:57:49.347 [INFO] [Worker-9] [host-b] External API responded with status 503.
2025-11-17 11:57:49.933 [INFO] [Worker-6] [host-a] Retrying job 776977 (attempt 4).
2025-11-17 11:57:55.508 [INFO] [Worker-9] [host-b] Loaded configuration: maxWorkers=11; retryLimit=2.
2025-11-17 11:57:57.816 [INFO] [Worker-13] [host-b] Acquired lock for resource res-db.
2025-11-17 11:57:57.876 [WARN] [Worker-1] [host-b] Starting background task RefreshCache.
2025-11-17 11:57:59.857 [INFO] [Worker-16] [host-b] Database connection established.
2025-11-17 11:57:59.925 [INFO] [Worker-12] [host-b] External API responded with status 200.
2025-11-17 11:58:01.251 [INFO] [Worker-15] [host-b] Startup initialized.
2025-11-17 11:58:01.679 [DEBUG] [Worker-10] [host-a] Released lock for resource res-queue.
2025-11-17 11:58:06.098 [WARN] [Worker-1] [host-b] Unexpected exception in handler: NullReferenceException at Processor.Handle()
2025-11-17 11:58:08.488 [INFO] [Worker-6] [host-c] Acquired lock for resource res-db.
2025-11-17 11:58:08.731 [DEBUG] [Worker-1] [host-a] Acquired lock for resource res-queue.
2025-11-17 11:58:10.738 [WARN] [Worker-3] [host-c] Unexpected exception in handler: TimeoutError: operation timed out
2025-11-17 11:58:14.304 [INFO] [Worker-16] [host-b] Completed scheduled cleanup.
2025-11-17 11:58:17.568 [INFO] [Worker-16] [host-a] Failed to process job 831791: NullReferenceException at Processor.Handle()
2025-11-17 11:58:17.741 [ERROR] [Worker-12] [host-a] Invalid message format. Skipping.
2025-11-17 11:58:19.969 [INFO] [Worker-8] [host-b] Checkpoint saved at offset 108490.
2025-11-17 11:58:25.072 [DEBUG] [Worker-15] [host-c] Loaded configuration: maxWorkers=10; retryLimit=2.
2025-11-17 11:58:26.384 [DEBUG] [Worker-2] [host-a] Job GenerateReport completed in 3768 ms.
2025-11-17 11:58:26.811 [INFO] [Worker-13] [host-c] No jobs in queue. Sleeping.
2025-11-17 11:58:30.364 [INFO] [Worker-10] [host-b] Job CleanTempFiles completed in 1385 ms.
2025-11-17 11:58:31.309 [CRITICAL] [Worker-5] [host-b] Worker paused due to maintenance window.
2025-11-17 11:58:34.853 [INFO] [Worker-14] [host-c] Enqueued job GenerateReport with id 400022.
2025-11-17 11:58:35.949 [CRITICAL] [Worker-5] [host-c] Enqueued job ProcessQueue with id 338116.
2025-11-17 11:58:36.723 [WARN] [Worker-8] [host-b] Loaded configuration: maxWorkers=11; retryLimit=4.
2025-11-17 11:58:38.621 [DEBUG] [Worker-12] [host-b] Checkpoint saved at offset 1523463.
2025-11-17 11:58:39.521 [DEBUG] [Worker-5] [host-b] Failed to process job 468930: IOException: failed to write file
2025-11-17 11:58:39.746 [CRITICAL] [Worker-10] [host-c] Shutting down gracefully.
2025-11-17 11:58:41.518 [CRITICAL] [Worker-4] [host-b] Database connection timeout. Retrying...
2025-11-17 11:58:45.013 [INFO] [Worker-16] [host-a] Loaded configuration: maxWorkers=6; retryLimit=4.
2025-11-17 11:58:48.656 [INFO] [Worker-12] [host-b] Database connection timeout. Retrying...
2025-11-17 11:58:54.286 [CRITICAL] [Worker-11] [host-c] Released lock for resource res-file.
2025-11-17 11:58:54.372 [DEBUG] [Worker-6] [host-a] Heartbeat received.
2025-11-17 11:58:54.791 [DEBUG] [Worker-12] [host-b] Heartbeat received.
2025-11-17 11:59:00.418 [ERROR] [Worker-13] [host-c] Retrying job 797077 (attempt 1).
2025-11-17 11:59:05.346 [INFO] [Worker-1] [host-c] Unexpected exception in handler: TimeoutError: operation timed out
2025-11-17 11:59:07.666 [WARN] [Worker-14] [host-c] Compacting storage segment 8.
2025-11-17 11:59:07.666 [INFO] [Worker-10] [host-c] Enqueued job SendNotifications with id 111735.
2025-11-17 11:59:09.891 [INFO] [Worker-8] [host-c] Released lock for resource res-db.
2025-11-17 11:59:11.201 [INFO] [Worker-16] [host-a] Database connection established.
2025-11-17 11:59:13.815 [DEBUG] [Worker-16] [host-b] Compacting storage segment 38.
2025-11-17 11:59:15.488 [INFO] [Worker-1] [host-b] Checkpoint saved at offset 1281035.
2025-11-17 11:59:20.523 [INFO] [Worker-10] [host-a] Database connection established.
2025-11-17 11:59:21.262 [ERROR] [Worker-6] [host-c] Disk space warning: 88% used. | StackTrace: at Worker.Process() in /src/worker/Processor.cs:line 380
2025-11-17 11:59:22.026 [ERROR] [Worker-11] [host-c] Heartbeat received.
2025-11-17 11:59:25.971 [INFO] [Worker-6] [host-c] Startup initialized.
2025-11-17 11:59:27.676 [INFO] [Worker-14] [host-c] Disk space warning: 97% used.
2025-11-17 11:59:28.865 [WARN] [Worker-13] [host-b] Worker paused due to maintenance window.
2025-11-17 11:59:29.531 [INFO] [Worker-10] [host-b] Starting background task RefreshCache.
2025-11-17 11:59:34.335 [INFO] [Worker-10] [host-a] Completed scheduled cleanup.
2025-11-17 11:59:34.509 [INFO] [Worker-2] [host-a] Database connection established.
2025-11-17 11:59:35.896 [WARN] [Worker-2] [host-a] Job SendNotifications completed in 1142 ms.
2025-11-17 11:59:40.788 [INFO] [Worker-16] [host-a] Startup initialized.
2025-11-17 11:59:41.704 [INFO] [Worker-7] [host-a] External API responded with status 201.
2025-11-17 11:59:45.066 [INFO] [Worker-15] [host-c] Completed scheduled cleanup.
2025-11-17 11:59:46.318 [INFO] [Worker-10] [host-c] Released lock for resource res-queue.
2025-11-17 11:59:46.959 [INFO] [Worker-16] [host-c] External API responded with status 202.
2025-11-17 11:59:48.753 [INFO] [Worker-2] [host-a] Loaded configuration: maxWorkers=10; retryLimit=1.
2025-11-17 11:59:49.586 [WARN] [Worker-8] [host-a] Loaded configuration: maxWorkers=14; retryLimit=3.
2025-11-17 11:59:50.025 [ERROR] [Worker-6] [host-a] Heartbeat received.
2025-11-17 11:59:52.065 [WARN] [Worker-2] [host-c] Heartbeat received.
2025-11-17 11:59:53.982 [INFO] [Worker-10] [host-a] Retrying job 352235 (attempt 1).
2025-11-17 11:59:55.587 [DEBUG] [Worker-16] [host-b] Completed scheduled cleanup.
2025-11-17 11:59:56.377 [INFO] [Worker-4] [host-c] Retrying job 153400 (attempt 1).
2025-11-17 11:59:58.791 [INFO] [Worker-3] [host-b] No jobs in queue. Sleeping.
2025-11-17 12:00:00.180 [INFO] [Worker-6] [host-b] Invalid message format. Skipping.
2025-11-17 12:00:04.561 [INFO] [Worker-1] [host-b] Heartbeat received.
2025-11-17 12:00:08.955 [ERROR] [Worker-9] [host-b] No jobs in queue. Sleeping. | StackTrace: at Worker.Process() in /src/worker/Processor.cs:line 356
2025-11-17 12:00:09.763 [TRACE] [Worker-1] [host-b] Worker paused due to maintenance window.
2025-11-17 12:00:12.205 [INFO] [Worker-3] [host-a] Heartbeat received.
2025-11-17 12:00:12.871 [WARN] [Worker-10] [host-c] Retrying job 900404 (attempt 3).
2025-11-17 12:00:13.963 [INFO] [Worker-12] [host-b] Processing job 198450 of type ProcessQueue.
2025-11-17 12:00:14.623 [DEBUG] [Worker-13] [host-a] Acquired lock for resource res-queue.
2025-11-17 12:00:16.245 [INFO] [Worker-13] [host-a] Database connection established.
2025-11-17 12:00:17.647 [ERROR] [Worker-6] [host-c] Heartbeat received.
2025-11-17 12:00:18.467 [WARN] [Worker-11] [host-b] Retrying job 514873 (attempt 1).
2025-11-17 12:00:24.123 [DEBUG] [Worker-12] [host-b] Database connection timeout. Retrying...
2025-11-17 12:00:25.045 [DEBUG] [Worker-7] [host-a] Loaded configuration: maxWorkers=7; retryLimit=2.
2025-11-17 12:00:28.724 [INFO] [Worker-13] [host-c] Heartbeat received.
2025-11-17 12:00:29.102 [ERROR] [Worker-3] [host-c] Checkpoint saved at offset 92583.
2025-11-17 12:00:31.445 [DEBUG] [Worker-16] [host-b] Released lock for resource res-file.
2025-11-17 12:00:32.017 [INFO] [Worker-10] [host-b] Disk space warning: 58% used.
2025-11-17 12:00:32.175 [INFO] [Worker-15] [host-a] Job SendNotifications completed in 3805 ms.
2025-11-17 12:00:33.670 [INFO] [Worker-11] [host-a] Compacting storage segment 46.
2025-11-17 12:00:36.119 [INFO] [Worker-4] [host-b] Starting background task CompactIndices.
2025-11-17 12:00:36.557 [ERROR] [Worker-16] [host-a] Job SyncWithRemote completed in 4290 ms.
2025-11-17 12:00:41.406 [INFO] [Worker-4] [host-a] External API responded with status 200.
2025-11-17 12:00:43.214 [ERROR] [Worker-7] [host-a] Unexpected exception in handler: NullReferenceException at Processor.Handle()
2025-11-17 12:00:45.830 [WARN] [Worker-16] [host-b] Database connection timeout. Retrying...
2025-11-17 12:00:47.216 [INFO] [Worker-12] [host-a] Shutting down gracefully.
2025-11-17 12:00:49.104 [INFO] [Worker-6] [host-b] Failed to process job 690222: HttpRequestException: 502 Bad Gateway
2025-11-17 12:00:51.899 [INFO] [Worker-8] [host-c] Starting background task CompactIndices.
2025-11-17 12:00:52.779 [ERROR] [Worker-7] [host-a] Cache cleared for tenant tenantC.
2025-11-17 12:00:53.708 [WARN] [Worker-1] [host-c] Completed scheduled cleanup.
2025-11-17 12:00:55.586 [INFO] [Worker-5] [host-b] Startup initialized.
2025-11-17 12:00:56.683 [ERROR] [Worker-7] [host-c] Released lock for resource res-file.
2025-11-17 12:00:59.368 [WARN] [Worker-5] [host-b] Processing job 414300 of type ArchiveOldData.
2025-11-17 12:00:59.603 [INFO] [Worker-7] [host-b] Job ProcessQueue completed in 2493 ms.
2025-11-17 12:01:05.578 [INFO] [Worker-9] [host-a] Heartbeat received.
2025-11-17 12:01:05.794 [INFO] [Worker-12] [host-c] Checkpoint saved at offset 324170.
2025-11-17 12:01:08.949 [WARN] [Worker-8] [host-c] Worker paused due to maintenance window.
2025-11-17 12:01:09.805 [DEBUG] [Worker-5] [host-a] No jobs in queue. Sleeping.
2025-11-17 12:01:11.793 [INFO] [Worker-16] [host-c] External API responded with status 403.
2025-11-17 12:01:12.006 [ERROR] [Worker-7] [host-b] Acquired lock for resource res-queue.
2025-11-17 12:01:17.871 [INFO] [Worker-4] [host-a] Startup initialized.
2025-11-17 12:01:22.540 [ERROR] [Worker-9] [host-a] Shutting down gracefully. | StackTrace: at Worker.Process() in /src/worker/Processor.cs:line 379
2025-11-17 12:01:22.895 [INFO] [Worker-14] [host-a] No jobs in queue. Sleeping.
2025-11-17 12:01:23.834 [INFO] [Worker-10] [host-b] Enqueued job CleanTempFiles with id 400157.
2025-11-17 12:01:24.212 [INFO] [Worker-2] [host-b] Enqueued job SendNotifications with id 988590.
2025-11-17 12:01:29.870 [WARN] [Worker-11] [host-b] Cache cleared for tenant tenantC.
2025-11-17 12:01:35.527 [INFO] [Worker-16] [host-c] Database connection established.
2025-11-17 12:01:36.685 [INFO] [Worker-6] [host-c] Disk space warning: 86% used.
2025-11-17 12:01:36.942 [INFO] [Worker-12] [host-c] Shutting down gracefully.
2025-11-17 12:01:38.116 [WARN] [Worker-3] [host-b] Startup initialized.
2025-11-17 12:01:39.187 [INFO] [Worker-4] [host-a] Loaded configuration: maxWorkers=12; retryLimit=2.
2025-11-17 12:01:41.925 [INFO] [Worker-14] [host-a] Cache cleared for tenant public.
2025-11-17 12:01:42.945 [INFO] [Worker-9] [host-b] Database connection established.
2025-11-17 12:01:43.658 [DEBUG] [Worker-8] [host-c] Startup initialized.
2025-11-17 12:01:44.328 [INFO] [Worker-11] [host-c] Cache cleared for tenant tenantA.
2025-11-17 12:01:44.347 [INFO] [Worker-4] [host-b] Retrying job 849714 (attempt 3).
2025-11-17 12:01:45.932 [TRACE] [Worker-10] [host-c] No jobs in queue. Sleeping.
2025-11-17 12:01:46.524 [INFO] [Worker-3] [host-b] Completed scheduled cleanup.
2025-11-17 12:01:50.426 [DEBUG] [Worker-15] [host-a] No jobs in queue. Sleeping.
2025-11-17 12:01:50.497 [WARN] [Worker-1] [host-c] Invalid message format. Skipping.
2025-11-17 12:01:51.290 [INFO] [Worker-8] [host-a] Processing job 158175 of type GenerateReport.
2025-11-17 12:01:53.054 [WARN] [Worker-7] [host-b] Failed to process job 329311: SqlException: login failed
2025-11-17 12:01:53.278 [DEBUG] [Worker-4] [host-a] Acquired lock for resource res-db.
2025-11-17 12:01:54.430 [INFO] [Worker-1] [host-a] Acquired lock for resource res-db.
2025-11-17 12:01:55.405 [INFO] [Worker-6] [host-a] Worker paused due to maintenance window.
2025-11-17 12:01:59.069 [INFO] [Worker-13] [host-a] Unexpected exception in handler: SqlException: login failed
2025-11-17 12:01:59.914 [DEBUG] [Worker-4] [host-a] Database connection timeout. Retrying...
2025-11-17 12:02:04.099 [TRACE] [Worker-3] [host-a] Starting background task ReportDaily.
2025-11-17 12:02:05.692 [DEBUG] [Worker-7] [host-a] No jobs in queue. Sleeping.
2025-11-17 12:02:07.700 [INFO] [Worker-12] [host-a] Failed to process job 357695: TimeoutError: operation timed out
2025-11-17 12:02:08.136 [TRACE] [Worker-2] [host-b] No jobs in queue. Sleeping.
2025-11-17 12:02:11.207 [INFO] [Worker-12] [host-b] External API responded with status 400.
2025-11-17 12:02:11.690 [WARN] [Worker-8] [host-b] Loaded configuration: maxWorkers=13; retryLimit=1.
2025-11-17 12:02:11.961 [INFO] [Worker-5] [host-a] Shutting down gracefully.
2025-11-17 12:02:12.702 [INFO] [Worker-10] [host-a] Cache cleared for tenant tenantA.
2025-11-17 12:02:14.680 [INFO] [Worker-10] [host-a] Starting background task CompactIndices.
2025-11-17 12:02:17.727 [WARN] [Worker-14] [host-b] Compacting storage segment 36.
2025-11-17 12:02:18.016 [WARN] [Worker-16] [host-c] Acquired lock for resource res-file.
2025-11-17 12:02:19.773 [WARN] [Worker-3] [host-b] Released lock for resource res-db.
2025-11-17 12:02:20.521 [WARN] [Worker-9] [host-c] Job ArchiveOldData completed in 3431 ms.
2025-11-17 12:02:21.114 [INFO] [Worker-15] [host-c] Cache cleared for tenant tenantA.
2025-11-17 12:02:22.702 [INFO] [Worker-6] [host-b] Released lock for resource res-db.
2025-11-17 12:02:25.719 [INFO] [Worker-4] [host-b] Database connection established.
2025-11-17 12:02:26.584 [ERROR] [Worker-4] [host-c] Starting background task RefreshCache.
2025-11-17 12:02:28.082 [INFO] [Worker-5] [host-c] Job ProcessQueue completed in 2451 ms.
2025-11-17 12:02:29.369 [ERROR] [Worker-10] [host-c] Shutting down gracefully. | StackTrace: at Worker.Process() in /src/worker/Processor.cs:line 202
2025-11-17 12:02:33.377 [WARN] [Worker-7] [host-c] External API responded with status 200.
2025-11-17 12:02:33.652 [WARN] [Worker-13] [host-b] Shutting down gracefully.
2025-11-17 12:02:38.910 [INFO] [Worker-2] [host-b] Disk space warning: 77% used.
2025-11-17 12:02:40.424 [ERROR] [Worker-3] [host-c] Startup initialized. | StackTrace: at Worker.Process() in /src/worker/Processor.cs:line 325
2025-11-17 12:02:40.505 [INFO] [Worker-13] [host-b] Invalid message format. Skipping.
2025-11-17 12:02:41.311 [INFO] [Worker-12] [host-a] External API responded with status 403.
2025-11-17 12:02:42.210 [CRITICAL] [Worker-9] [host-b] Failed to process job 386847: SqlException: login failed | StackTrace: at Worker.Process() in /src/worker/Processor.cs:line 359
2025-11-17 12:02:45.121 [DEBUG] [Worker-16] [host-b] Database connection established.
2025-11-17 12:02:46.400 [INFO] [Worker-2] [host-c] Loaded configuration: maxWorkers=12; retryLimit=4.
2025-11-17 12:02:47.323 [INFO] [Worker-13] [host-c] Checkpoint saved at offset 89191.
2025-11-17 12:02:48.099 [DEBUG] [Worker-13] [host-c] Unexpected exception in handler: AggregateException: one or more errors occurred
2025-11-17 12:02:48.825 [DEBUG] [Worker-13] [host-c] Processing job 879728 of type ProcessQueue.
2025-11-17 12:02:49.292 [INFO] [Worker-14] [host-b] Database connection timeout. Retrying...
2025-11-17 12:02:50.878 [INFO] [Worker-8] [host-b] Unexpected exception in handler: AggregateException: one or more errors occurred
2025-11-17 12:02:51.128 [DEBUG] [Worker-1] [host-b] Starting background task CompactIndices.
2025-11-17 12:02:53.370 [ERROR] [Worker-8] [host-a] Shutting down gracefully.
2025-11-17 12:02:55.739 [CRITICAL] [Worker-7] [host-a] Shutting down gracefully.
2025-11-17 12:02:59.355 [ERROR] [Worker-2] [host-c] Unexpected exception in handler: NullReferenceException at Processor.Handle()
2025-11-17 12:02:59.517 [WARN] [Worker-11] [host-c] Loaded configuration: maxWorkers=11; retryLimit=3.
2025-11-17 12:03:02.653 [INFO] [Worker-15] [host-c] Starting background task RefreshCache.
2025-11-17 12:03:04.228 [WARN] [Worker-13] [host-c] External API responded with status 201.
2025-11-17 12:03:05.910 [INFO] [Worker-2] [host-b] Database connection timeout. Retrying...
2025-11-17 12:03:11.473 [WARN] [Worker-9] [host-c] Database connection timeout. Retrying...
2025-11-17 12:03:16.753 [WARN] [Worker-9] [host-b] Unexpected exception in handler: AggregateException: one or more errors occurred
2025-11-17 12:03:19.370 [DEBUG] [Worker-6] [host-c] Acquired lock for resource res-file.
2025-11-17 12:03:24.100 [INFO] [Worker-6] [host-a] Loaded configuration: maxWorkers=13; retryLimit=2.
2025-11-17 12:03:24.162 [INFO] [Worker-16] [host-b] Disk space warning: 83% used.
2025-11-17 12:03:28.139 [INFO] [Worker-14] [host-c] Acquired lock for resource res-file.
2025-11-17 12:03:29.172 [INFO] [Worker-15] [host-a] Database connection established.
2025-11-17 12:03:31.799 [INFO] [Worker-8] [host-c] Database connection established.
2025-11-17 12:03:36.375 [WARN] [Worker-2] [host-c] Processing job 873288 of type SyncWithRemote.
2025-11-17 12:03:39.874 [WARN] [Worker-15] [host-b] Enqueued job ProcessQueue with id 524865.
2025-11-17 12:03:40.110 [CRITICAL] [Worker-10] [host-c] Failed to process job 645314: TimeoutError: operation timed out
2025-11-17 12:03:40.217 [INFO] [Worker-10] [host-c] Database connection established.
2025-11-17 12:03:44.300 [WARN] [Worker-12] [host-c] Invalid message format. Skipping.
2025-11-17 12:03:44.766 [INFO] [Worker-16] [host-b] Released lock for resource res-file.
2025-11-17 12:03:48.103 [INFO] [Worker-5] [host-c] Database connection established.
2025-11-17 12:03:53.237 [WARN] [Worker-6] [host-c] Dequeueing 71 messages.
2025-11-17 12:03:53.632 [WARN] [Worker-9] [host-c] Unexpected exception in handler: TimeoutError: operation timed out
2025-11-17 12:03:54.484 [INFO] [Worker-2] [host-b] Completed scheduled cleanup.
2025-11-17 12:03:59.309 [DEBUG] [Worker-12] [host-a] Starting background task CompactIndices.
2025-11-17 12:03:59.439 [INFO] [Worker-14] [host-c] Job ArchiveOldData completed in 3222 ms.
2025-11-17 12:04:04.261 [INFO] [Worker-9] [host-c] Database connection timeout. Retrying...
2025-11-17 12:04:09.070 [INFO] [Worker-8] [host-a] External API responded with status 403.
2025-11-17 12:04:10.593 [WARN] [Worker-9] [host-a] Invalid message format. Skipping.
2025-11-17 12:04:10.704 [INFO] [Worker-13] [host-a] Database connection established.
2025-11-17 12:04:13.254 [INFO] [Worker-13] [host-a] Startup initialized.
2025-11-17 12:04:13.417 [CRITICAL] [Worker-16] [host-c] Database connection timeout. Retrying...
2025-11-17 12:04:13.933 [INFO] [Worker-3] [host-b] Failed to process job 974502: HttpRequestException: 502 Bad Gateway
2025-11-17 12:04:18.403 [INFO] [Worker-16] [host-b] Database connection established.
2025-11-17 12:04:18.726 [INFO] [Worker-10] [host-a] Database connection timeout. Retrying...
2025-11-17 12:04:20.831 [DEBUG] [Worker-2] [host-a] Processing job 296229 of type CleanTempFiles.
2025-11-17 12:04:26.202 [INFO] [Worker-5] [host-c] Shutting down gracefully.
2025-11-17 12:04:29.473 [DEBUG] [Worker-4] [host-b] Completed scheduled cleanup.
2025-11-17 12:04:29.922 [ERROR] [Worker-14] [host-c] Acquired lock for resource res-queue.
2025-11-17 12:04:31.031 [ERROR] [Worker-10] [host-a] Heartbeat received.
2025-11-17 12:04:34.244 [INFO] [Worker-2] [host-a] Worker paused due to maintenance window.
2025-11-17 12:04:39.371 [INFO] [Worker-2] [host-c] Shutting down gracefully.
2025-11-17 12:04:41.369 [INFO] [Worker-8] [host-c] Failed to process job 694672: HttpRequestException: 502 Bad Gateway
2025-11-17 12:04:43.162 [TRACE] [Worker-1] [host-b] Starting background task CompactIndices.
2025-11-17 12:04:48.644 [INFO] [Worker-11] [host-c] Database connection established.
2025-11-17 12:04:51.240 [INFO] [Worker-8] [host-b] Retrying job 811770 (attempt 3).
2025-11-17 12:04:54.303 [TRACE] [Worker-13] [host-b] Processing job 753444 of type SyncWithRemote.
2025-11-17 12:04:57.754 [INFO] [Worker-6] [host-c] External API responded with status 401.
2025-11-17 12:04:58.707 [INFO] [Worker-5] [host-a] Loaded configuration: maxWorkers=7; retryLimit=3.
2025-11-17 12:04:58.982 [INFO] [Worker-16] [host-a] Compacting storage segment 28.
2025-11-17 12:04:59.523 [INFO] [Worker-5] [host-b] Disk space warning: 45% used.
2025-11-17 12:05:05.132 [INFO] [Worker-14] [host-a] Shutting down gracefully.
2025-11-17 12:05:05.205 [ERROR] [Worker-16] [host-a] Unexpected exception in handler: AggregateException: one or more errors occurred | StackTrace: at Worker.Process() in /src/worker/Processor.cs:line 180
2025-11-17 12:05:09.199 [CRITICAL] [Worker-4] [host-a] Released lock for resource res-queue.
2025-11-17 12:05:11.810 [DEBUG] [Worker-8] [host-a] Job ProcessQueue completed in 1958 ms.
2025-11-17 12:05:12.063 [TRACE] [Worker-5] [host-a] Retrying job 426082 (attempt 4).
2025-11-17 12:05:12.431 [TRACE] [Worker-6] [host-c] Processing job 146797 of type CleanTempFiles.
2025-11-17 12:05:17.166 [WARN] [Worker-5] [host-c] Processing job 335648 of type ArchiveOldData.
2025-11-17 12:05:22.517 [ERROR] [Worker-16] [host-b] No jobs in queue. Sleeping.
2025-11-17 12:05:26.905 [DEBUG] [Worker-5] [host-b] Released lock for resource res-queue.
2025-11-17 12:05:27.111 [INFO] [Worker-9] [host-b] Loaded configuration: maxWorkers=14; retryLimit=5.
2025-11-17 12:05:28.866 [ERROR] [Worker-6] [host-c] Dequeueing 10 messages.
2025-11-17 12:05:28.963 [WARN] [Worker-7] [host-c] No jobs in queue. Sleeping.
2025-11-17 12:05:29.384 [ERROR] [Worker-8] [host-b] Dequeueing 94 messages. | StackTrace: at Worker.Process() in /src/worker/Processor.cs:line 277
2025-11-17 12:05:29.909 [TRACE] [Worker-13] [host-a] Starting background task RefreshCache.
2025-11-17 12:05:32.979 [INFO] [Worker-8] [host-c] Unexpected exception in handler: HttpRequestException: 502 Bad Gateway
2025-11-17 12:05:34.898 [WARN] [Worker-15] [host-a] Enqueued job SendNotifications with id 379737.
2025-11-17 12:05:35.616 [INFO] [Worker-2] [host-c] Job CleanTempFiles completed in 1362 ms.
2025-11-17 12:05:38.897 [WARN] [Worker-11] [host-a] Invalid message format. Skipping.
2025-11-17 12:05:40.056 [INFO] [Worker-10] [host-a] Shutting down gracefully.
2025-11-17 12:05:45.969 [DEBUG] [Worker-12] [host-c] Processing job 120641 of type CleanTempFiles.
2025-11-17 12:05:47.644 [INFO] [Worker-2] [host-a] Enqueued job ProcessQueue with id 266506.
2025-11-17 12:05:48.085 [INFO] [Worker-10] [host-b] Starting background task CompactIndices.
2025-11-17 12:05:50.488 [INFO] [Worker-9] [host-c] Released lock for resource res-file.
2025-11-17 12:05:51.317 [INFO] [Worker-4] [host-a] Completed scheduled cleanup.
2025-11-17 12:05:52.314 [CRITICAL] [Worker-6] [host-b] Enqueued job ArchiveOldData with id 172005. | StackTrace: at Worker.Process() in /src/worker/Processor.cs:line 137
2025-11-17 12:05:55.509 [DEBUG] [Worker-5] [host-c] Released lock for resource res-db.
2025-11-17 12:06:01.233 [DEBUG] [Worker-16] [host-b] Worker paused due to maintenance window.
2025-11-17 12:06:01.840 [DEBUG] [Worker-10] [host-c] Job GenerateReport completed in 2985 ms.
2025-11-17 12:06:03.274 [ERROR] [Worker-16] [host-b] Checkpoint saved at offset 1380964. | StackTrace: at Worker.Process() in /src/worker/Processor.cs:line 411
2025-11-17 12:06:09.192 [CRITICAL] [Worker-2] [host-b] Enqueued job SyncWithRemote with id 564909.
2025-11-17 12:06:09.436 [CRITICAL] [Worker-2] [host-c] Processing job 534555 of type ProcessQueue.
2025-11-17 12:06:10.762 [CRITICAL] [Worker-8] [host-c] Dequeueing 42 messages.
2025-11-17 12:06:13.033 [INFO] [Worker-13] [host-c] Checkpoint saved at offset 226445.
2025-11-17 12:06:18.248 [INFO] [Worker-15] [host-b] No jobs in queue. Sleeping.
2025-11-17 12:06:19.414 [INFO] [Worker-13] [host-a] Failed to process job 344506: HttpRequestException: 502 Bad Gateway
2025-11-17 12:06:20.379 [INFO] [Worker-13] [host-c] Job SyncWithRemote completed in 1553 ms.
2025-11-17 12:06:25.074 [DEBUG] [Worker-14] [host-c] Disk space warning: 65% used.
2025-11-17 12:06:26.286 [INFO] [Worker-15] [host-b] Dequeueing 107 messages.
2025-11-17 12:06:31.418 [DEBUG] [Worker-4] [host-c] Starting background task CompactIndices.
2025-11-17 12:06:34.872 [DEBUG] [Worker-15] [host-b] Database connection established.
2025-11-17 12:06:36.037 [INFO] [Worker-1] [host-b] Completed scheduled cleanup.
2025-11-17 12:06:36.318 [WARN] [Worker-10] [host-b] External API responded with status 400.
2025-11-17 12:06:36.391 [DEBUG] [Worker-7] [host-c] Worker paused due to maintenance window.
2025-11-17 12:06:37.497 [TRACE] [Worker-3] [host-b] Checkpoint saved at offset 1664086.
2025-11-17 12:06:43.450 [INFO] [Worker-8] [host-a] Compacting storage segment 9.
2025-11-17 12:06:45.865 [INFO] [Worker-9] [host-c] External API responded with status 403.
2025-11-17 12:06:46.704 [INFO] [Worker-9] [host-b] Acquired lock for resource res-queue.
2025-11-17 12:06:47.662 [INFO] [Worker-8] [host-b] Startup initialized.
2025-11-17 12:06:51.798 [INFO] [Worker-14] [host-c] Invalid message format. Skipping.
2025-11-17 12:06:53.544 [ERROR] [Worker-10] [host-a] Cache cleared for tenant tenantB. | StackTrace: at Worker.Process() in /src/worker/Processor.cs:line 215
2025-11-17 12:06:53.896 [INFO] [Worker-11] [host-a] Heartbeat received.
2025-11-17 12:06:58.220 [INFO] [Worker-2] [host-a] Processing job 447566 of type CleanTempFiles.
2025-11-17 12:06:58.463 [WARN] [Worker-12] [host-a] No jobs in queue. Sleeping.
2025-11-17 12:06:59.248 [DEBUG] [Worker-8] [host-a] No jobs in queue. Sleeping.
2025-11-17 12:06:59.479 [WARN] [Worker-5] [host-a] Job SendNotifications completed in 2970 ms.
2025-11-17 12:07:03.834 [INFO] [Worker-5] [host-a] External API responded with status 503.
2025-11-17 12:07:04.617 [CRITICAL] [Worker-7] [host-c] Completed scheduled cleanup.
2025-11-17 12:07:06.228 [INFO] [Worker-5] [host-a] Processing job 369545 of type ArchiveOldData.
2025-11-17 12:07:07.612 [INFO] [Worker-9] [host-a] Loaded configuration: maxWorkers=16; retryLimit=1.
2025-11-17 12:07:12.399 [INFO] [Worker-13] [host-c] Completed scheduled cleanup.
2025-11-17 12:07:12.422 [DEBUG] [Worker-13] [host-c] External API responded with status 201.
2025-11-17 12:07:14.790 [INFO] [Worker-2] [host-c] Completed scheduled cleanup.
2025-11-17 12:07:20.150 [WARN] [Worker-10] [host-b] Disk space warning: 46% used.
2025-11-17 12:07:25.564 [INFO] [Worker-5] [host-c] Heartbeat received.
2025-11-17 12:07:27.649 [DEBUG] [Worker-15] [host-b] Enqueued job ProcessQueue with id 983253.
2025-11-17 12:07:28.959 [INFO] [Worker-1] [host-b] Retrying job 325753 (attempt 2).
2025-11-17 12:07:29.105 [INFO] [Worker-8] [host-a] Disk space warning: 54% used.
2025-11-17 12:07:34.184 [INFO] [Worker-16] [host-c] No jobs in queue. Sleeping.
2025-11-17 12:07:34.542 [ERROR] [Worker-7] [host-c] Worker paused due to maintenance window.
2025-11-17 12:07:36.203 [DEBUG] [Worker-14] [host-c] Cache cleared for tenant tenantA.
2025-11-17 12:07:41.911 [INFO] [Worker-11] [host-a] Shutting down gracefully.
2025-11-17 12:07:43.479 [TRACE] [Worker-7] [host-a] Heartbeat received.
2025-11-17 12:07:44.278 [INFO] [Worker-15] [host-c] Invalid message format. Skipping.
2025-11-17 12:07:44.727 [CRITICAL] [Worker-3] [host-a] Starting background task CompactIndices.
2025-11-17 12:07:50.646 [INFO] [Worker-16] [host-a] Completed scheduled cleanup.
2025-11-17 12:07:53.923 [CRITICAL] [Worker-16] [host-a] Disk space warning: 40% used.
2025-11-17 12:07:55.264 [INFO] [Worker-3] [host-b] Database connection established.
2025-11-17 12:07:58.338 [INFO] [Worker-6] [host-c] Dequeueing 71 messages.
2025-11-17 12:07:59.261 [INFO] [Worker-2] [host-b] Retrying job 850030 (attempt 1).
2025-11-17 12:08:02.598 [INFO] [Worker-4] [host-b] Unexpected exception in handler: IOException: failed to write file
2025-11-17 12:08:03.083 [ERROR] [Worker-12] [host-b] Processing job 482219 of type GenerateReport.
2025-11-17 12:08:03.200 [DEBUG] [Worker-11] [host-c] Heartbeat received.
2025-11-17 12:08:04.597 [INFO] [Worker-6] [host-c] Job ArchiveOldData completed in 3995 ms.
2025-11-17 12:08:06.438 [TRACE] [Worker-14] [host-a] Unexpected exception in handler: TimeoutError: operation timed out
2025-11-17 12:08:10.384 [INFO] [Worker-8] [host-b] Job GenerateReport completed in 4496 ms.
2025-11-17 12:08:12.766 [INFO] [Worker-16] [host-a] Released lock for resource res-queue.
2025-11-17 12:08:17.213 [CRITICAL] [Worker-13] [host-b] Processing job 742717 of type CleanTempFiles.
2025-11-17 12:08:18.173 [ERROR] [Worker-14] [host-a] Released lock for resource res-db.
2025-11-17 12:08:23.037 [DEBUG] [Worker-14] [host-b] Checkpoint saved at offset 1511475.
2025-11-17 12:08:24.209 [INFO] [Worker-1] [host-b] Failed to process job 115801: NullReferenceException at Processor.Handle()
2025-11-17 12:08:29.094 [INFO] [Worker-2] [host-c] Startup initialized.
2025-11-17 12:08:29.653 [CRITICAL] [Worker-12] [host-c] External API responded with status 200.
2025-11-17 12:08:34.911 [INFO] [Worker-9] [host-c] Database connection established.
2025-11-17 12:08:35.315 [WARN] [Worker-14] [host-c] Failed to process job 846146: HttpRequestException: 502 Bad Gateway
2025-11-17 12:08:36.619 [WARN] [Worker-3] [host-c] Shutting down gracefully.
2025-11-17 12:08:42.069 [INFO] [Worker-6] [host-b] Dequeueing 18 messages.
2025-11-17 12:08:44.362 [INFO] [Worker-15] [host-a] Worker paused due to maintenance window.
2025-11-17 12:08:48.291 [WARN] [Worker-10] [host-b] Failed to process job 505888: TimeoutError: operation timed out
2025-11-17 12:08:48.465 [INFO] [Worker-15] [host-c] Startup initialized.
2025-11-17 12:08:51.102 [DEBUG] [Worker-2] [host-c] Unexpected exception in handler: UnauthorizedAccessException: access denied
2025-11-17 12:08:56.239 [CRITICAL] [Worker-2] [host-b] Disk space warning: 41% used.
2025-11-17 12:09:02.221 [ERROR] [Worker-6] [host-a] Cache cleared for tenant tenantA.
2025-11-17 12:09:03.083 [INFO] [Worker-6] [host-b] Startup initialized.
2025-11-17 12:09:07.297 [WARN] [Worker-12] [host-b] Compacting storage segment 7.
2025-11-17 12:09:12.290 [TRACE] [Worker-5] [host-a] Database connection established.
2025-11-17 12:09:16.518 [WARN] [Worker-6] [host-a] Dequeueing 82 messages.
2025-11-17 12:09:18.463 [TRACE] [Worker-4] [host-c] Enqueued job GenerateReport with id 828142.
2025-11-17 12:09:23.916 [CRITICAL] [Worker-2] [host-a] Acquired lock for resource res-queue.
2025-11-17 12:09:26.066 [WARN] [Worker-6] [host-a] Database connection timeout. Retrying...
2025-11-17 12:09:30.127 [DEBUG] [Worker-5] [host-b] Invalid message format. Skipping.
2025-11-17 12:09:30.362 [INFO] [Worker-14] [host-a] Starting background task ReportDaily.
2025-11-17 12:09:31.685 [INFO] [Worker-13] [host-a] Cache cleared for tenant tenantB.
2025-11-17 12:09:32.375 [INFO] [Worker-12] [host-a] Cache cleared for tenant tenantA.
2025-11-17 12:09:35.767 [ERROR] [Worker-1] [host-b] Released lock for resource res-queue.
2025-11-17 12:09:36.306 [WARN] [Worker-2] [host-a] Heartbeat received.
2025-11-17 12:09:36.600 [INFO] [Worker-1] [host-a] Compacting storage segment 21.
2025-11-17 12:09:37.085 [WARN] [Worker-4] [host-a] Loaded configuration: maxWorkers=13; retryLimit=1.
2025-11-17 12:09:38.958 [ERROR] [Worker-11] [host-b] Loaded configuration: maxWorkers=6; retryLimit=3. | StackTrace: at Worker.Process() in /src/worker/Processor.cs:line 160
2025-11-17 12:09:39.448 [WARN] [Worker-10] [host-c] Failed to process job 936230: HttpRequestException: 502 Bad Gateway
2025-11-17 12:09:45.273 [DEBUG] [Worker-15] [host-c] Compacting storage segment 17.
2025-11-17 12:09:46.759 [WARN] [Worker-1] [host-c] Shutting down gracefully.
2025-11-17 12:09:48.000 [INFO] [Worker-8] [host-c] Completed scheduled cleanup.
2025-11-17 12:09:52.200 [ERROR] [Worker-2] [host-a] Compacting storage segment 1.
2025-11-17 12:09:54.679 [INFO] [Worker-2] [host-a] Acquired lock for resource res-queue.
2025-11-17 12:09:55.391 [INFO] [Worker-16] [host-c] Retrying job 251126 (attempt 2).
2025-11-17 12:09:55.707 [INFO] [Worker-3] [host-b] External API responded with status 400.
2025-11-17 12:09:58.841 [CRITICAL] [Worker-14] [host-c] Compacting storage segment 17.
2025-11-17 12:09:59.669 [WARN] [Worker-11] [host-b] Database connection timeout. Retrying...
2025-11-17 12:10:00.623 [DEBUG] [Worker-1] [host-a] Worker paused due to maintenance window.
2025-11-17 12:10:01.976 [INFO] [Worker-15] [host-b] Database connection established.
2025-11-17 12:10:03.562 [INFO] [Worker-4] [host-a] Cache cleared for tenant tenantA.
2025-11-17 12:10:09.356 [WARN] [Worker-12] [host-b] Disk space warning: 45% used.
2025-11-17 12:10:11.354 [WARN] [Worker-12] [host-a] Worker paused due to maintenance window.
2025-11-17 12:10:17.150 [INFO] [Worker-2] [host-b] Worker paused due to maintenance window.
2025-11-17 12:10:23.028 [DEBUG] [Worker-5] [host-c] Checkpoint saved at offset 45421.
2025-11-17 12:10:28.605 [INFO] [Worker-3] [host-c] Job SyncWithRemote completed in 114 ms.
2025-11-17 12:10:31.164 [WARN] [Worker-16] [host-b] Starting background task RefreshCache.
2025-11-17 12:10:32.887 [ERROR] [Worker-11] [host-b] Database connection established.
2025-11-17 12:10:33.619 [DEBUG] [Worker-6] [host-c] Retrying job 252632 (attempt 2).
2025-11-17 12:10:34.374 [DEBUG] [Worker-2] [host-a] Worker paused due to maintenance window.
2025-11-17 12:10:35.057 [INFO] [Worker-1] [host-b] Disk space warning: 95% used.
2025-11-17 12:10:35.493 [CRITICAL] [Worker-15] [host-b] Database connection established.
2025-11-17 12:10:40.223 [TRACE] [Worker-12] [host-c] Retrying job 504746 (attempt 4).
2025-11-17 12:10:42.881 [DEBUG] [Worker-5] [host-c] Enqueued job SendNotifications with id 137106.
2025-11-17 12:10:44.650 [WARN] [Worker-14] [host-c] Completed scheduled cleanup.
2025-11-17 12:10:47.935 [INFO] [Worker-13] [host-b] Cache cleared for tenant tenantA.
2025-11-17 12:10:52.799 [WARN] [Worker-14] [host-a] Enqueued job SendNotifications with id 892021.
2025-11-17 12:10:52.943 [INFO] [Worker-9] [host-a] Dequeueing 76 messages.
2025-11-17 12:10:58.494 [INFO] [Worker-5] [host-a] Acquired lock for resource res-queue.
2025-11-17 12:11:02.324 [INFO] [Worker-2] [host-a] Database connection timeout. Retrying...
2025-11-17 12:11:02.626 [TRACE] [Worker-9] [host-c] Heartbeat received.
2025-11-17 12:11:03.560 [INFO] [Worker-13] [host-c] Starting background task RefreshCache.
2025-11-17 12:11:03.671 [DEBUG] [Worker-4] [host-b] Database connection established.
2025-11-17 12:11:08.495 [TRACE] [Worker-12] [host-c] Failed to process job 277060: UnauthorizedAccessException: access denied
2025-11-17 12:11:08.834 [INFO] [Worker-8] [host-b] Heartbeat received.
2025-11-17 12:11:11.443 [INFO] [Worker-8] [host-b] Processing job 820118 of type SyncWithRemote.
2025-11-17 12:11:13.168 [WARN] [Worker-1] [host-c] Job SendNotifications completed in 2640 ms.
2025-11-17 12:11:13.793 [INFO] [Worker-3] [host-a] Heartbeat received.
2025-11-17 12:11:19.475 [INFO] [Worker-4] [host-a] Database connection timeout. Retrying...
2025-11-17 12:11:19.859 [INFO] [Worker-9] [host-a] Unexpected exception in handler: IOException: failed to write file
2025-11-17 12:11:20.747 [INFO] [Worker-8] [host-b] Invalid message format. Skipping.
2025-11-17 12:11:21.512 [WARN] [Worker-9] [host-c] Disk space warning: 42% used.
2025-11-17 12:11:24.839 [INFO] [Worker-11] [host-c] Released lock for resource res-file.
2025-11-17 12:11:27.856 [INFO] [Worker-4] [host-c] Checkpoint saved at offset 1331064.
2025-11-17 12:11:32.023 [INFO] [Worker-12] [host-a] Cache cleared for tenant tenantC.
2025-11-17 12:11:32.758 [INFO] [Worker-4] [host-b] Processing job 788643 of type SyncWithRemote.
2025-11-17 12:11:35.520 [INFO] [Worker-6] [host-c] Job CleanTempFiles completed in 2711 ms.
2025-11-17 12:11:35.534 [INFO] [Worker-4] [host-b] Checkpoint saved at offset 392124.
2025-11-17 12:11:35.934 [DEBUG] [Worker-1] [host-c] Processing job 141357 of type CleanTempFiles.
2025-11-17 12:11:37.705 [INFO] [Worker-4] [host-b] Job CleanTempFiles completed in 4058 ms.
2025-11-17 12:11:38.263 [INFO] [Worker-9] [host-a] Worker paused due to maintenance window.
2025-11-17 12:11:39.807 [WARN] [Worker-5] [host-b] Processing job 593780 of type GenerateReport.
2025-11-17 12:11:41.327 [INFO] [Worker-3] [host-a] Invalid message format. Skipping.
2025-11-17 12:11:43.297 [INFO] [Worker-6] [host-b] No jobs in queue. Sleeping.
2025-11-17 12:11:44.854 [INFO] [Worker-11] [host-b] Processing job 638145 of type CleanTempFiles.
2025-11-17 12:11:45.274 [INFO] [Worker-12] [host-a] Acquired lock for resource res-file.
2025-11-17 12:11:45.713 [DEBUG] [Worker-12] [host-c] Enqueued job ArchiveOldData with id 762814.
2025-11-17 12:11:46.540 [DEBUG] [Worker-1] [host-b] Job ArchiveOldData completed in 4084 ms.
2025-11-17 12:11:47.834 [INFO] [Worker-1] [host-c] Unexpected exception in handler: IOException: failed to write file
2025-11-17 12:11:51.974 [INFO] [Worker-3] [host-c] Starting background task ReportDaily.
2025-11-17 12:11:57.552 [DEBUG] [Worker-2] [host-a] Compacting storage segment 42.
2025-11-17 12:11:58.801 [DEBUG] [Worker-6] [host-c] Database connection timeout. Retrying...
2025-11-17 12:11:59.147 [INFO] [Worker-7] [host-b] Unexpected exception in handler: SqlException: login failed
2025-11-17 12:12:05.145 [WARN] [Worker-5] [host-c] Dequeueing 18 messages.
2025-11-17 12:12:06.397 [INFO] [Worker-4] [host-c] Unexpected exception in handler: UnauthorizedAccessException: access denied
2025-11-17 12:12:07.719 [INFO] [Worker-9] [host-a] Database connection timeout. Retrying...
2025-11-17 12:12:08.407 [INFO] [Worker-6] [host-b] Shutting down gracefully.
2025-11-17 12:12:13.499 [INFO] [Worker-10] [host-a] Dequeueing 3 messages.
2025-11-17 12:12:16.057 [INFO] [Worker-8] [host-a] External API responded with status 202.
2025-11-17 12:12:20.029 [TRACE] [Worker-1] [host-b] Loaded configuration: maxWorkers=16; retryLimit=5.
2025-11-17 12:12:21.297 [DEBUG] [Worker-6] [host-a] Worker paused due to maintenance window.
2025-11-17 12:12:21.745 [INFO] [Worker-11] [host-a] Cache cleared for tenant tenantB.
2025-11-17 12:12:23.168 [TRACE] [Worker-15] [host-b] Startup initialized.
2025-11-17 12:12:24.245 [ERROR] [Worker-9] [host-c] Enqueued job SendNotifications with id 683352. | StackTrace: at Worker.Process() in /src/worker/Processor.cs:line 197
2025-11-17 12:12:25.580 [INFO] [Worker-2] [host-b] Acquired lock for resource res-file.
2025-11-17 12:12:30.925 [INFO] [Worker-3] [host-a] Unexpected exception in handler: TimeoutError: operation timed out
2025-11-17 12:12:35.283 [INFO] [Worker-11] [host-a] No jobs in queue. Sleeping.
2025-11-17 12:12:36.449 [INFO] [Worker-6] [host-c] External API responded with status 201.
2025-11-17 12:12:39.207 [INFO] [Worker-11] [host-b] Database connection established.
2025-11-17 12:12:41.127 [DEBUG] [Worker-1] [host-b] Released lock for resource res-queue.
2025-11-17 12:12:45.716 [WARN] [Worker-16] [host-b] Worker paused due to maintenance window.
2025-11-17 12:12:47.283 [WARN] [Worker-5] [host-b] Worker paused due to maintenance window.
2025-11-17 12:12:49.846 [TRACE] [Worker-8] [host-c] Loaded configuration: maxWorkers=16; retryLimit=1.
2025-11-17 12:12:50.767 [INFO] [Worker-3] [host-c] Startup initialized.
2025-11-17 12:12:51.494 [INFO] [Worker-4] [host-c] Dequeueing 88 messages.
2025-11-17 12:12:52.326 [DEBUG] [Worker-9] [host-a] Checkpoint saved at offset 828872.
2025-11-17 12:12:56.410 [INFO] [Worker-3] [host-c] Dequeueing 57 messages.
2025-11-17 12:12:57.199 [WARN] [Worker-15] [host-a] Invalid message format. Skipping.
2025-11-17 12:13:00.554 [INFO] [Worker-14] [host-a] Heartbeat received.
2025-11-17 12:13:00.597 [DEBUG] [Worker-7] [host-b] Cache cleared for tenant public.
2025-11-17 12:13:00.735 [DEBUG] [Worker-14] [host-b] External API responded with status 401.
2025-11-17 12:13:01.964 [INFO] [Worker-13] [host-c] Shutting down gracefully.
2025-11-17 12:13:02.212 [DEBUG] [Worker-12] [host-b] Compacting storage segment 33.
2025-11-17 12:13:06.308 [CRITICAL] [Worker-10] [host-a] Checkpoint saved at offset 1297363.
2025-11-17 12:13:08.811 [INFO] [Worker-9] [host-a] Worker paused due to maintenance window.
2025-11-17 12:13:09.399 [INFO] [Worker-16] [host-a] Disk space warning: 52% used.
2025-11-17 12:13:13.404 [INFO] [Worker-10] [host-a] Completed scheduled cleanup.
2025-11-17 12:13:17.626 [INFO] [Worker-15] [host-c] Disk space warning: 40% used.
2025-11-17 12:13:22.082 [INFO] [Worker-14] [host-b] Job SyncWithRemote completed in 2435 ms.
2025-11-17 12:13:24.879 [WARN] [Worker-2] [host-a] Starting background task ReportDaily.
2025-11-17 12:13:25.092 [TRACE] [Worker-7] [host-a] Worker paused due to maintenance window.
2025-11-17 12:13:30.292 [INFO] [Worker-13] [host-b] Released lock for resource res-file.
2025-11-17 12:13:30.619 [INFO] [Worker-5] [host-b] Starting background task ReportDaily.
2025-11-17 12:13:32.124 [DEBUG] [Worker-1] [host-b] No jobs in queue. Sleeping.
2025-11-17 12:13:37.428 [INFO] [Worker-9] [host-c] Cache cleared for tenant tenantB.
2025-11-17 12:13:38.421 [ERROR] [Worker-5] [host-b] Dequeueing 117 messages.
2025-11-17 12:13:41.180 [DEBUG] [Worker-10] [host-c] Unexpected exception in handler: NullReferenceException at Processor.Handle()
2025-11-17 12:13:45.304 [INFO] [Worker-11] [host-a] Compacting storage segment 50.
2025-11-17 12:13:49.346 [INFO] [Worker-7] [host-c] Loaded configuration: maxWorkers=8; retryLimit=5.
2025-11-17 12:13:50.153 [INFO] [Worker-14] [host-b] Invalid message format. Skipping.
2025-11-17 12:13:53.317 [INFO] [Worker-7] [host-c] Heartbeat received.
2025-11-17 12:13:56.758 [TRACE] [Worker-15] [host-b] Retrying job 575936 (attempt 5).
2025-11-17 12:13:57.834 [DEBUG] [Worker-13] [host-c] Checkpoint saved at offset 418825.
2025-11-17 12:14:02.469 [TRACE] [Worker-13] [host-c] Released lock for resource res-db.
2025-11-17 12:14:05.567 [DEBUG] [Worker-4] [host-b] Cache cleared for tenant public.
2025-11-17 12:14:05.709 [DEBUG] [Worker-5] [host-b] Job SyncWithRemote completed in 2914 ms.
2025-11-17 12:14:08.105 [INFO] [Worker-5] [host-c] Dequeueing 36 messages.
2025-11-17 12:14:12.979 [INFO] [Worker-11] [host-a] Heartbeat received.
2025-11-17 12:14:16.635 [INFO] [Worker-15] [host-b] Shutting down gracefully.
2025-11-17 12:14:21.534 [WARN] [Worker-12] [host-b] Shutting down gracefully.
2025-11-17 12:14:25.330 [INFO] [Worker-3] [host-c] Compacting storage segment 5.
2025-11-17 12:14:29.996 [DEBUG] [Worker-11] [host-c] Database connection timeout. Retrying...
2025-11-17 12:14:34.684 [INFO] [Worker-12] [host-b] Loaded configuration: maxWorkers=7; retryLimit=4.
2025-11-17 12:14:39.401 [INFO] [Worker-2] [host-a] Processing job 594098 of type CleanTempFiles.
2025-11-17 12:14:40.692 [WARN] [Worker-4] [host-a] Job CleanTempFiles completed in 1652 ms.
2025-11-17 12:14:45.789 [INFO] [Worker-4] [host-b] Dequeueing 70 messages.
2025-11-17 12:14:46.702 [DEBUG] [Worker-15] [host-c] External API responded with status 502.
2025-11-17 12:14:47.641 [CRITICAL] [Worker-15] [host-a] Failed to process job 349772: UnauthorizedAccessException: access denied
2025-11-17 12:14:47.938 [INFO] [Worker-10] [host-a] Startup initialized.
2025-11-17 12:14:52.683 [WARN] [Worker-4] [host-b] Completed scheduled cleanup.
2025-11-17 12:14:54.045 [INFO] [Worker-9] [host-b] Heartbeat received.
2025-11-17 12:14:55.735 [WARN] [Worker-4] [host-a] Compacting storage segment 21.
2025-11-17 12:14:55.806 [WARN] [Worker-12] [host-a] Completed scheduled cleanup.
2025-11-17 12:14:58.978 [DEBUG] [Worker-9] [host-b] Failed to process job 800666: SqlException: login failed
2025-11-17 12:14:59.300 [DEBUG] [Worker-4] [host-c] Unexpected exception in handler: IOException: failed to write file
2025-11-17 12:15:00.321 [INFO] [Worker-7] [host-b] Invalid message format. Skipping.
2025-11-17 12:15:05.968 [INFO] [Worker-11] [host-a] Acquired lock for resource res-db.
2025-11-17 12:15:07.546 [ERROR] [Worker-9] [host-a] Shutting down gracefully. | StackTrace: at Worker.Process() in /src/worker/Processor.cs:line 395
2025-11-17 12:15:12.533 [INFO] [Worker-9] [host-c] Database connection timeout. Retrying...
2025-11-17 12:15:16.000 [INFO] [Worker-9] [host-b] Cache cleared for tenant tenantC.
2025-11-17 12:15:20.649 [INFO] [Worker-13] [host-b] Enqueued job GenerateReport with id 526850.
2025-11-17 12:15:22.907 [INFO] [Worker-10] [host-a] Retrying job 948360 (attempt 3).
2025-11-17 12:15:22.943 [INFO] [Worker-16] [host-a] Acquired lock for resource res-file.
2025-11-17 12:15:23.147 [INFO] [Worker-6] [host-b] Job ArchiveOldData completed in 3068 ms.
2025-11-17 12:15:27.543 [INFO] [Worker-1] [host-b] Cache cleared for tenant public.
2025-11-17 12:15:28.488 [DEBUG] [Worker-10] [host-c] Shutting down gracefully.
2025-11-17 12:15:34.410 [INFO] [Worker-14] [host-b] Acquired lock for resource res-queue.
2025-11-17 12:15:39.542 [ERROR] [Worker-10] [host-a] Released lock for resource res-file. | StackTrace: at Worker.Process() in /src/worker/Processor.cs:line 217
2025-11-17 12:15:42.079 [INFO] [Worker-6] [host-a] Invalid message format. Skipping.
2025-11-17 12:15:46.438 [INFO] [Worker-14] [host-b] Job SendNotifications completed in 3461 ms.
2025-11-17 12:15:48.901 [INFO] [Worker-7] [host-c] Cache cleared for tenant public.
2025-11-17 12:15:51.548 [WARN] [Worker-11] [host-c] Retrying job 441947 (attempt 3).
2025-11-17 12:15:55.309 [ERROR] [Worker-7] [host-a] Enqueued job SyncWithRemote with id 219473. | StackTrace: at Worker.Process() in /src/worker/Processor.cs:line 336
2025-11-17 12:15:56.233 [INFO] [Worker-5] [host-a] Unexpected exception in handler: SqlException: login failed
2025-11-17 12:15:58.843 [INFO] [Worker-4] [host-a] Enqueued job CleanTempFiles with id 135916.
2025-11-17 12:15:59.576 [ERROR] [Worker-1] [host-b] Processing job 662915 of type ProcessQueue.
2025-11-17 12:16:01.138 [CRITICAL] [Worker-9] [host-a] Database connection established.
2025-11-17 12:16:01.748 [INFO] [Worker-4] [host-a] External API responded with status 202.
2025-11-17 12:16:02.866 [WARN] [Worker-3] [host-b] Acquired lock for resource res-db.
2025-11-17 12:16:06.118 [INFO] [Worker-2] [host-a] Database connection timeout. Retrying...
2025-11-17 12:16:09.500 [CRITICAL] [Worker-7] [host-b] Failed to process job 834017: AggregateException: one or more errors occurred
2025-11-17 12:16:10.482 [ERROR] [Worker-15] [host-c] Shutting down gracefully. | StackTrace: at Worker.Process() in /src/worker/Processor.cs:line 308
2025-11-17 12:16:11.063 [DEBUG] [Worker-6] [host-c] Checkpoint saved at offset 859099.
2025-11-17 12:16:12.094 [CRITICAL] [Worker-13] [host-a] Database connection established.
2025-11-17 12:16:14.061 [INFO] [Worker-11] [host-b] Cache cleared for tenant tenantC.
2025-11-17 12:16:16.476 [DEBUG] [Worker-2] [host-c] Worker paused due to maintenance window.
2025-11-17 12:16:20.809 [INFO] [Worker-10] [host-c] External API responded with status 200.
2025-11-17 12:16:21.653 [ERROR] [Worker-9] [host-a] Startup initialized.
2025-11-17 12:16:22.611 [INFO] [Worker-1] [host-a] Checkpoint saved at offset 1073946.
2025-11-17 12:16:26.024 [INFO] [Worker-3] [host-b] Failed to process job 263815: IOException: failed to write file
2025-11-17 12:16:31.358 [INFO] [Worker-15] [host-c] Completed scheduled cleanup.
2025-11-17 12:16:32.130 [WARN] [Worker-8] [host-a] Unexpected exception in handler: SqlException: login failed
2025-11-17 12:16:33.488 [DEBUG] [Worker-15] [host-a] External API responded with status 401.
2025-11-17 12:16:36.069 [TRACE] [Worker-7] [host-b] Database connection timeout. Retrying...
2025-11-17 12:16:38.088 [INFO] [Worker-7] [host-c] Worker paused due to maintenance window.
2025-11-17 12:16:38.790 [INFO] [Worker-16] [host-c] Failed to process job 986740: SqlException: login failed
2025-11-17 12:16:43.338 [DEBUG] [Worker-4] [host-c] Startup initialized.
2025-11-17 12:16:43.716 [INFO] [Worker-14] [host-c] Unexpected exception in handler: AggregateException: one or more errors occurred
2025-11-17 12:16:43.767 [CRITICAL] [Worker-8] [host-a] Heartbeat received.
2025-11-17 12:16:44.318 [DEBUG] [Worker-16] [host-a] Completed scheduled cleanup.
2025-11-17 12:16:44.684 [WARN] [Worker-13] [host-c] Database connection timeout. Retrying...
2025-11-17 12:16:48.278 [TRACE] [Worker-9] [host-c] Database connection timeout. Retrying...
2025-11-17 12:16:48.556 [ERROR] [Worker-11] [host-c] Dequeueing 114 messages. | StackTrace: at Worker.Process() in /src/worker/Processor.cs:line 390
2025-11-17 12:16:49.477 [INFO] [Worker-8] [host-a] Heartbeat received.
2025-11-17 12:16:53.771 [INFO] [Worker-13] [host-a] No jobs in queue. Sleeping.
2025-11-17 12:16:57.851 [INFO] [Worker-3] [host-b] Database connection established.
2025-11-17 12:17:03.558 [INFO] [Worker-13] [host-b] Failed to process job 135385: HttpRequestException: 502 Bad Gateway
2025-11-17 12:17:07.708 [INFO] [Worker-3] [host-a] Failed to process job 544954: NullReferenceException at Processor.Handle()
2025-11-17 12:17:12.823 [WARN] [Worker-14] [host-a] Compacting storage segment 30.
2025-11-17 12:17:16.851 [CRITICAL] [Worker-10] [host-b] Starting background task CompactIndices. | StackTrace: at Worker.Process() in /src/worker/Processor.cs:line 209
2025-11-17 12:17:17.646 [WARN] [Worker-10] [host-b] Retrying job 753433 (attempt 4).
2025-11-17 12:17:23.159 [INFO] [Worker-12] [host-c] Acquired lock for resource res-file.
2025-11-17 12:17:29.069 [INFO] [Worker-7] [host-c] Unexpected exception in handler: HttpRequestException: 502 Bad Gateway
2025-11-17 12:17:29.561 [INFO] [Worker-16] [host-a] Starting background task ReportDaily.
2025-11-17 12:17:30.925 [CRITICAL] [Worker-1] [host-c] Processing job 387032 of type CleanTempFiles.
2025-11-17 12:17:32.086 [WARN] [Worker-9] [host-c] Unexpected exception in handler: IOException: failed to write file
2025-11-17 12:17:32.734 [INFO] [Worker-16] [host-a] Retrying job 811743 (attempt 1).
2025-11-17 12:17:34.264 [INFO] [Worker-15] [host-a] Worker paused due to maintenance window.
2025-11-17 12:17:35.006 [INFO] [Worker-4] [host-a] External API responded with status 503.
2025-11-17 12:17:35.647 [WARN] [Worker-1] [host-b] Completed scheduled cleanup.
2025-11-17 12:17:38.825 [WARN] [Worker-10] [host-a] Startup initialized.
2025-11-17 12:17:39.340 [INFO] [Worker-4] [host-a] Heartbeat received.
2025-11-17 12:17:41.861 [INFO] [Worker-12] [host-a] Invalid message format. Skipping.
2025-11-17 12:17:44.265 [ERROR] [Worker-14] [host-a] Invalid message format. Skipping.
2025-11-17 12:17:47.001 [INFO] [Worker-4] [host-c] Heartbeat received.
2025-11-17 12:17:47.428 [INFO] [Worker-7] [host-b] Failed to process job 299226: SqlException: login failed
2025-11-17 12:17:48.175 [ERROR] [Worker-1] [host-b] Loaded configuration: maxWorkers=10; retryLimit=1.
2025-11-17 12:17:52.441 [ERROR] [Worker-5] [host-c] Checkpoint saved at offset 337074.
2025-11-17 12:17:52.464 [INFO] [Worker-12] [host-a] Checkpoint saved at offset 612936.
2025-11-17 12:17:52.747 [INFO] [Worker-5] [host-c] Dequeueing 87 messages.
2025-11-17 12:17:52.968 [INFO] [Worker-10] [host-c] Worker paused due to maintenance window.
2025-11-17 12:17:58.729 [DEBUG] [Worker-6] [host-c] Starting background task CompactIndices.
2025-11-17 12:17:59.681 [WARN] [Worker-2] [host-c] Startup initialized.
2025-11-17 12:18:04.430 [INFO] [Worker-10] [host-c] No jobs in queue. Sleeping.
2025-11-17 12:18:08.130 [ERROR] [Worker-10] [host-c] Enqueued job CleanTempFiles with id 344994.
2025-11-17 12:18:10.540 [INFO] [Worker-10] [host-c] Disk space warning: 86% used.
2025-11-17 12:18:12.089 [INFO] [Worker-5] [host-b] Disk space warning: 86% used.
2025-11-17 12:18:12.906 [INFO] [Worker-14] [host-c] Worker paused due to maintenance window.
2025-11-17 12:18:13.134 [WARN] [Worker-1] [host-c] Disk space warning: 40% used.
2025-11-17 12:18:14.900 [INFO] [Worker-12] [host-b] Compacting storage segment 42.
2025-11-17 12:18:20.760 [WARN] [Worker-5] [host-a] Acquired lock for resource res-queue.
2025-11-17 12:18:21.586 [WARN] [Worker-7] [host-c] Released lock for resource res-file.
2025-11-17 12:18:26.577 [TRACE] [Worker-10] [host-a] Startup initialized.
2025-11-17 12:18:31.804 [ERROR] [Worker-2] [host-a] Loaded configuration: maxWorkers=4; retryLimit=5.
2025-11-17 12:18:37.061 [CRITICAL] [Worker-3] [host-b] Completed scheduled cleanup.
2025-11-17 12:18:37.151 [INFO] [Worker-6] [host-a] Job ProcessQueue completed in 3670 ms.
2025-11-17 12:18:37.870 [ERROR] [Worker-8] [host-c] Checkpoint saved at offset 214300.
2025-11-17 12:18:38.304 [DEBUG] [Worker-3] [host-a] Job SyncWithRemote completed in 3634 ms.
2025-11-17 12:18:39.451 [INFO] [Worker-10] [host-a] Enqueued job GenerateReport with id 404347.
2025-11-17 12:18:40.895 [TRACE] [Worker-2] [host-b] Completed scheduled cleanup.
2025-11-17 12:18:42.827 [INFO] [Worker-7] [host-b] Cache cleared for tenant public.
2025-11-17 12:18:43.990 [WARN] [Worker-7] [host-c] Checkpoint saved at offset 1540822.
2025-11-17 12:18:46.433 [CRITICAL] [Worker-12] [host-b] Database connection timeout. Retrying...
2025-11-17 12:18:47.883 [INFO] [Worker-13] [host-b] Processing job 587817 of type SyncWithRemote.
2025-11-17 12:18:49.217 [INFO] [Worker-16] [host-a] Acquired lock for resource res-db.
2025-11-17 12:18:49.392 [DEBUG] [Worker-2] [host-b] Disk space warning: 52% used.
2025-11-17 12:18:54.055 [ERROR] [Worker-7] [host-a] No jobs in queue. Sleeping.
2025-11-17 12:18:54.738 [INFO] [Worker-7] [host-a] Released lock for resource res-file.
2025-11-17 12:18:55.061 [WARN] [Worker-1] [host-a] Loaded configuration: maxWorkers=14; retryLimit=3.
2025-11-17 12:18:56.953 [INFO] [Worker-11] [host-c] Database connection established.
2025-11-17 12:19:01.335 [INFO] [Worker-3] [host-b] Completed scheduled cleanup.
2025-11-17 12:19:06.747 [DEBUG] [Worker-10] [host-c] Acquired lock for resource res-queue.
2025-11-17 12:19:07.265 [INFO] [Worker-7] [host-b] Heartbeat received.
2025-11-17 12:19:11.102 [ERROR] [Worker-5] [host-a] Enqueued job ArchiveOldData with id 560583. | StackTrace: at Worker.Process() in /src/worker/Processor.cs:line 382
2025-11-17 12:19:12.915 [INFO] [Worker-16] [host-b] Worker paused due to maintenance window.
2025-11-17 12:19:14.689 [WARN] [Worker-2] [host-a] Enqueued job GenerateReport with id 157795.
2025-11-17 12:19:20.362 [INFO] [Worker-2] [host-b] Released lock for resource res-file.
2025-11-17 12:19:21.768 [DEBUG] [Worker-13] [host-c] Completed scheduled cleanup.
2025-11-17 12:19:22.709 [WARN] [Worker-15] [host-b] Job CleanTempFiles completed in 4443 ms.
2025-11-17 12:19:22.897 [WARN] [Worker-4] [host-c] External API responded with status 403.
2025-11-17 12:19:28.871 [WARN] [Worker-1] [host-c] Database connection timeout. Retrying...
2025-11-17 12:19:34.316 [INFO] [Worker-8] [host-a] Checkpoint saved at offset 271712.
2025-11-17 12:19:35.098 [INFO] [Worker-9] [host-b] Startup initialized.
2025-11-17 12:19:35.141 [INFO] [Worker-11] [host-b] External API responded with status 401.
2025-11-17 12:19:39.902 [INFO] [Worker-4] [host-c] Worker paused due to maintenance window.
2025-11-17 12:19:44.084 [INFO] [Worker-4] [host-b] Database connection timeout. Retrying...
2025-11-17 12:19:45.939 [INFO] [Worker-14] [host-a] No jobs in queue. Sleeping.
2025-11-17 12:19:48.427 [DEBUG] [Worker-12] [host-b] Database connection timeout. Retrying...
2025-11-17 12:19:48.935 [DEBUG] [Worker-10] [host-a] Failed to process job 878775: UnauthorizedAccessException: access denied
2025-11-17 12:19:52.273 [ERROR] [Worker-14] [host-a] Retrying job 980141 (attempt 2).
2025-11-17 12:19:53.232 [INFO] [Worker-10] [host-a] Released lock for resource res-queue.
2025-11-17 12:19:55.903 [DEBUG] [Worker-7] [host-a] No jobs in queue. Sleeping.
2025-11-17 12:19:57.029 [INFO] [Worker-12] [host-a] Checkpoint saved at offset 1601649.
2025-11-17 12:20:00.626 [INFO] [Worker-8] [host-c] Compacting storage segment 5.
2025-11-17 12:20:04.255 [INFO] [Worker-16] [host-a] Job ProcessQueue completed in 724 ms.
2025-11-17 12:20:08.899 [INFO] [Worker-12] [host-b] Retrying job 718111 (attempt 2).
2025-11-17 12:20:09.354 [INFO] [Worker-13] [host-c] Enqueued job ProcessQueue with id 495080.
2025-11-17 12:20:09.525 [INFO] [Worker-7] [host-c] Checkpoint saved at offset 862338.
2025-11-17 12:20:10.964 [ERROR] [Worker-4] [host-b] Unexpected exception in handler: NullReferenceException at Processor.Handle()
2025-11-17 12:20:12.803 [INFO] [Worker-16] [host-a] Retrying job 739433 (attempt 3).
2025-11-17 12:20:18.667 [INFO] [Worker-13] [host-a] Heartbeat received.
2025-11-17 12:20:19.208 [ERROR] [Worker-14] [host-c] Enqueued job CleanTempFiles with id 448577. | StackTrace: at Worker.Process() in /src/worker/Processor.cs:line 404
2025-11-17 12:20:19.483 [INFO] [Worker-3] [host-c] Released lock for resource res-db.
2025-11-17 12:20:21.195 [INFO] [Worker-8] [host-a] Heartbeat received.
2025-11-17 12:20:23.187 [ERROR] [Worker-10] [host-c] Shutting down gracefully.
2025-11-17 12:20:25.799 [DEBUG] [Worker-13] [host-b] Processing job 582846 of type GenerateReport.
2025-11-17 12:20:30.400 [WARN] [Worker-11] [host-c] Loaded configuration: maxWorkers=11; retryLimit=1.
2025-11-17 12:20:30.419 [DEBUG] [Worker-11] [host-a] Dequeueing 8 messages.
2025-11-17 12:20:34.831 [WARN] [Worker-10] [host-a] Completed scheduled cleanup.
2025-11-17 12:20:38.182 [INFO] [Worker-2] [host-c] Loaded configuration: maxWorkers=13; retryLimit=1.
2025-11-17 12:20:38.514 [INFO] [Worker-4] [host-a] Released lock for resource res-db.
2025-11-17 12:20:39.176 [INFO] [Worker-3] [host-b] Retrying job 915479 (attempt 4).
2025-11-17 12:20:40.088 [WARN] [Worker-7] [host-a] Completed scheduled cleanup.
2025-11-17 12:20:40.465 [INFO] [Worker-2] [host-c] No jobs in queue. Sleeping.
2025-11-17 12:20:43.792 [WARN] [Worker-13] [host-c] Loaded configuration: maxWorkers=6; retryLimit=3.
2025-11-17 12:20:44.832 [INFO] [Worker-14] [host-b] Enqueued job SyncWithRemote with id 750708.
2025-11-17 12:20:45.538 [INFO] [Worker-4] [host-b] No jobs in queue. Sleeping.
2025-11-17 12:20:49.602 [DEBUG] [Worker-13] [host-c] Unexpected exception in handler: IOException: failed to write file
2025-11-17 12:20:52.289 [INFO] [Worker-11] [host-c] Retrying job 255629 (attempt 2).
2025-11-17 12:20:53.443 [DEBUG] [Worker-11] [host-a] Shutting down gracefully.
2025-11-17 12:20:59.049 [WARN] [Worker-13] [host-a] Invalid message format. Skipping.
2025-11-17 12:21:03.813 [INFO] [Worker-8] [host-c] Retrying job 632974 (attempt 2).
2025-11-17 12:21:04.018 [WARN] [Worker-14] [host-c] Starting background task RefreshCache.
2025-11-17 12:21:08.989 [DEBUG] [Worker-12] [host-a] Completed scheduled cleanup.
2025-11-17 12:21:10.618 [CRITICAL] [Worker-5] [host-c] Loaded configuration: maxWorkers=14; retryLimit=1.
2025-11-17 12:21:14.028 [INFO] [Worker-1] [host-c] Starting background task ReportDaily.
2025-11-17 12:21:15.846 [INFO] [Worker-14] [host-a] Acquired lock for resource res-db.
2025-11-17 12:21:16.690 [DEBUG] [Worker-8] [host-c] Loaded configuration: maxWorkers=8; retryLimit=3.
2025-11-17 12:21:17.863 [DEBUG] [Worker-7] [host-b] Compacting storage segment 22.
2025-11-17 12:21:22.602 [WARN] [Worker-15] [host-c] Loaded configuration: maxWorkers=3; retryLimit=2.
2025-11-17 12:21:23.326 [INFO] [Worker-2] [host-a] Failed to process job 119647: HttpRequestException: 502 Bad Gateway
2025-11-17 12:21:24.699 [INFO] [Worker-7] [host-c] External API responded with status 503.
2025-11-17 12:21:25.818 [INFO] [Worker-9] [host-c] Completed scheduled cleanup.
2025-11-17 12:21:30.326 [WARN] [Worker-9] [host-a] Startup initialized.
2025-11-17 12:21:32.832 [WARN] [Worker-7] [host-c] Startup initialized.
2025-11-17 12:21:37.211 [INFO] [Worker-3] [host-c] Acquired lock for resource res-file.
2025-11-17 12:21:41.278 [TRACE] [Worker-5] [host-a] Starting background task CompactIndices.
2025-11-17 12:21:44.570 [INFO] [Worker-9] [host-c] Database connection timeout. Retrying...
2025-11-17 12:21:46.759 [ERROR] [Worker-8] [host-b] Job SyncWithRemote completed in 1068 ms. | StackTrace: at Worker.Process() in /src/worker/Processor.cs:line 256
2025-11-17 12:21:47.329 [DEBUG] [Worker-10] [host-a] Job GenerateReport completed in 4067 ms.
2025-11-17 12:21:50.077 [ERROR] [Worker-16] [host-a] Job CleanTempFiles completed in 966 ms.
2025-11-17 12:21:54.620 [DEBUG] [Worker-6] [host-c] Checkpoint saved at offset 1427249.
2025-11-17 12:21:58.721 [INFO] [Worker-14] [host-a] Enqueued job ProcessQueue with id 700353.
2025-11-17 12:22:00.549 [INFO] [Worker-12] [host-b] Processing job 442139 of type SyncWithRemote.
2025-11-17 12:22:04.429 [ERROR] [Worker-4] [host-b] Invalid message format. Skipping.
2025-11-17 12:22:07.342 [DEBUG] [Worker-14] [host-a] No jobs in queue. Sleeping.
2025-11-17 12:22:11.955 [INFO] [Worker-1] [host-c] Cache cleared for tenant tenantB.
2025-11-17 12:22:16.855 [INFO] [Worker-13] [host-a] Checkpoint saved at offset 579558.
2025-11-17 12:22:17.669 [INFO] [Worker-15] [host-b] Unexpected exception in handler: HttpRequestException: 502 Bad Gateway
2025-11-17 12:22:19.420 [ERROR] [Worker-13] [host-b] Retrying job 804156 (attempt 4).
2025-11-17 12:22:22.698 [DEBUG] [Worker-7] [host-b] No jobs in queue. Sleeping.
2025-11-17 12:22:23.606 [INFO] [Worker-4] [host-c] No jobs in queue. Sleeping.
2025-11-17 12:22:23.656 [INFO] [Worker-8] [host-a] Worker paused due to maintenance window.
2025-11-17 12:22:23.797 [INFO] [Worker-13] [host-c] Checkpoint saved at offset 818280.
2025-11-17 12:22:25.452 [CRITICAL] [Worker-6] [host-c] Completed scheduled cleanup.
2025-11-17 12:22:28.388 [DEBUG] [Worker-1] [host-c] Starting background task CompactIndices.
2025-11-17 12:22:30.359 [CRITICAL] [Worker-12] [host-c] Dequeueing 7 messages.
2025-11-17 12:22:30.662 [INFO] [Worker-15] [host-a] Invalid message format. Skipping.
2025-11-17 12:22:36.375 [ERROR] [Worker-6] [host-b] Dequeueing 111 messages. | StackTrace: at Worker.Process() in /src/worker/Processor.cs:line 400
2025-11-17 12:22:41.982 [DEBUG] [Worker-9] [host-c] Database connection established.
2025-11-17 12:22:44.355 [INFO] [Worker-6] [host-b] Processing job 161142 of type ProcessQueue.
2025-11-17 12:22:45.988 [WARN] [Worker-6] [host-a] Unexpected exception in handler: TimeoutError: operation timed out
2025-11-17 12:22:46.336 [DEBUG] [Worker-4] [host-a] Invalid message format. Skipping.
2025-11-17 12:22:50.948 [WARN] [Worker-6] [host-b] Unexpected exception in handler: TimeoutError: operation timed out
2025-11-17 12:22:56.427 [INFO] [Worker-4] [host-c] Completed scheduled cleanup.
2025-11-17 12:22:59.170 [INFO] [Worker-3] [host-b] Enqueued job CleanTempFiles with id 437479.
2025-11-17 12:23:01.103 [WARN] [Worker-3] [host-a] Checkpoint saved at offset 1084957.
2025-11-17 12:23:01.321 [INFO] [Worker-3] [host-b] Invalid message format. Skipping.
2025-11-17 12:23:02.746 [INFO] [Worker-5] [host-b] No jobs in queue. Sleeping.
2025-11-17 12:23:03.924 [WARN] [Worker-12] [host-a] Cache cleared for tenant tenantA.
2025-11-17 12:23:08.035 [INFO] [Worker-7] [host-b] Heartbeat received.
2025-11-17 12:23:11.651 [INFO] [Worker-14] [host-a] Job SyncWithRemote completed in 2438 ms.
2025-11-17 12:23:13.445 [INFO] [Worker-6] [host-c] Invalid message format. Skipping.
2025-11-17 12:23:15.437 [ERROR] [Worker-9] [host-b] Cache cleared for tenant tenantA.
2025-11-17 12:23:15.985 [CRITICAL] [Worker-6] [host-a] Cache cleared for tenant tenantA.
2025-11-17 12:23:17.744 [DEBUG] [Worker-4] [host-a] Retrying job 590057 (attempt 1).
2025-11-17 12:23:22.854 [DEBUG] [Worker-3] [host-b] Released lock for resource res-db.
2025-11-17 12:23:28.456 [TRACE] [Worker-1] [host-c] Completed scheduled cleanup.
2025-11-17 12:23:30.107 [INFO] [Worker-4] [host-b] Shutting down gracefully.
2025-11-17 12:23:35.991 [WARN] [Worker-3] [host-b] Loaded configuration: maxWorkers=10; retryLimit=3.
2025-11-17 12:23:36.408 [INFO] [Worker-4] [host-b] Released lock for resource res-queue.
2025-11-17 12:23:36.477 [INFO] [Worker-16] [host-b] Processing job 855542 of type ProcessQueue.
2025-11-17 12:23:36.904 [INFO] [Worker-11] [host-c] Failed to process job 940978: HttpRequestException: 502 Bad Gateway
2025-11-17 12:23:40.593 [WARN] [Worker-8] [host-b] Acquired lock for resource res-file.
2025-11-17 12:23:40.888 [ERROR] [Worker-14] [host-b] Checkpoint saved at offset 774208. | StackTrace: at Worker.Process() in /src/worker/Processor.cs:line 207
2025-11-17 12:23:41.428 [CRITICAL] [Worker-10] [host-c] Checkpoint saved at offset 1022652.
2025-11-17 12:23:47.244 [INFO] [Worker-5] [host-a] Loaded configuration: maxWorkers=4; retryLimit=3.
2025-11-17 12:23:50.001 [INFO] [Worker-13] [host-a] Shutting down gracefully.
2025-11-17 12:23:54.457 [INFO] [Worker-8] [host-a] Disk space warning: 72% used.
2025-11-17 12:23:54.948 [ERROR] [Worker-15] [host-b] Completed scheduled cleanup.
2025-11-17 12:23:55.230 [INFO] [Worker-2] [host-c] Invalid message format. Skipping.
2025-11-17 12:23:56.594 [INFO] [Worker-7] [host-c] Retrying job 208364 (attempt 3).
2025-11-17 12:23:57.853 [INFO] [Worker-7] [host-b] Cache cleared for tenant tenantA.
2025-11-17 12:23:58.590 [DEBUG] [Worker-14] [host-a] Invalid message format. Skipping.
2025-11-17 12:24:02.320 [ERROR] [Worker-3] [host-a] Unexpected exception in handler: AggregateException: one or more errors occurred
2025-11-17 12:24:03.968 [TRACE] [Worker-11] [host-a] Startup initialized.
2025-11-17 12:24:04.222 [INFO] [Worker-6] [host-a] No jobs in queue. Sleeping.
2025-11-17 12:24:05.667 [INFO] [Worker-4] [host-a] Enqueued job GenerateReport with id 941904.
2025-11-17 12:24:11.229 [TRACE] [Worker-4] [host-a] Completed scheduled cleanup.
2025-11-17 12:24:12.171 [INFO] [Worker-15] [host-a] Job GenerateReport completed in 2750 ms.
2025-11-17 12:24:13.318 [WARN] [Worker-3] [host-b] Loaded configuration: maxWorkers=15; retryLimit=1.
2025-11-17 12:24:13.782 [INFO] [Worker-15] [host-c] Enqueued job GenerateReport with id 639726.
2025-11-17 12:24:15.923 [CRITICAL] [Worker-8] [host-b] Worker paused due to maintenance window. | StackTrace: at Worker.Process() in /src/worker/Processor.cs:line 161
2025-11-17 12:24:16.275 [WARN] [Worker-11] [host-a] Checkpoint saved at offset 234051.
2025-11-17 12:24:18.957 [INFO] [Worker-5] [host-c] Disk space warning: 91% used.
2025-11-17 12:24:21.194 [CRITICAL] [Worker-9] [host-b] Database connection established.
2025-11-17 12:24:21.628 [DEBUG] [Worker-11] [host-a] Acquired lock for resource res-queue.
2025-11-17 12:24:27.511 [INFO] [Worker-14] [host-a] Shutting down gracefully.
2025-11-17 12:24:30.431 [INFO] [Worker-10] [host-b] Startup initialized.
2025-11-17 12:24:34.546 [DEBUG] [Worker-6] [host-b] Heartbeat received.
2025-11-17 12:24:40.062 [INFO] [Worker-7] [host-b] Compacting storage segment 24.

# Log generated: 2025-11-17 17:20:58.625
# Lines: 7000
# Host set: host-a, host-b, host-c
